"New FBA Offer Count: 30 days avg.","New FBA Offer Count: 90 days avg.","New FBA Offer Count: 180 days avg.","New FBA Offer Count: 365 days avg.","New FBA Offer Count: 1 day drop %","New FBA Offer Count: 7 days drop %","New FBA Offer Count: 30 days drop %","New FBA Offer Count: 90 days drop %","New FBM Offer Count: 30 days avg.","New FBM Offer Count: 90 days avg.","New FBM Offer Count: 180 days avg.","New FBM Offer Count: 365 days avg.","New FBM Offer Count: 1 day drop %","New FBM Offer Count: 7 days drop %","New FBM Offer Count: 30 days drop %","New FBM Offer Count: 90 days drop %","URL: URL slug","Sales Rank: Historical","ASIN","Parent Title","Sales Rank: Is Lowest","Sales Rank: Is Lowest 90 days","Buy Box: Is Lowest","Buy Box: Is Lowest 90 days","Amazon: Is Lowest","Amazon: Is Lowest 90 days","New: Is Lowest","New: Is Lowest 90 days","New, 3rd Party FBA: Is Lowest","New, 3rd Party FBA: Is Lowest 90 days","New, 3rd Party FBM: Is Lowest","New, 3rd Party FBM: Is Lowest 90 days","New, Prime exclusive: Is Lowest","New, Prime exclusive: Is Lowest 90 days","Lightning Deals: Is Lowest","Lightning Deals: Is Lowest 90 days","Buy Box Used: Is Lowest","Buy Box Used: Is Lowest 90 days","Used: Is Lowest","Used: Is Lowest 90 days","Used, like new: Is Lowest","Used, like new: Is Lowest 90 days","Used, very good: Is Lowest","Used, very good: Is Lowest 90 days","Used, good: Is Lowest","Used, good: Is Lowest 90 days","Used, acceptable: Is Lowest","Used, acceptable: Is Lowest 90 days","Warehouse Deals: Is Lowest","Warehouse Deals: Is Lowest 90 days","Refurbished: Is Lowest","Refurbished: Is Lowest 90 days","Collectible: Is Lowest","Collectible: Is Lowest 90 days","List Price: Is Lowest","List Price: Is Lowest 90 days","Trade-In: Is Lowest","Trade-In: Is Lowest 90 days","eBay New: Is Lowest","eBay New: Is Lowest 90 days","eBay Used: Is Lowest","eBay Used: Is Lowest 90 days","Is heat sensitive","Locale","Image","Swatch Image","Image Count","Title","Description & Features: Description","Description & Features: Short Description","Description & Features: Feature 1","Description & Features: Feature 2","Description & Features: Feature 3","Description & Features: Feature 4","Description & Features: Feature 5","Description & Features: Feature 6","Description & Features: Feature 7","Description & Features: Feature 8","Description & Features: Feature 9","Description & Features: Feature 10","Sales Rank: Current","Sales Rank: 90 days avg.","Sales Rank: 30 days avg.","Sales Rank: 180 days avg.","Sales Rank: 365 days avg.","Sales Rank: 1 day drop %","Sales Rank: 7 days drop %","Sales Rank: 30 days drop %","Sales Rank: 90 days drop %","Sales Rank: Drop since last visit","Sales Rank: Drop % since last visit","Sales Rank: Last visit","Sales Rank: Lowest","Sales Rank: Highest","Sales Rank: Drops last 30 days","Sales Rank: Drops last 90 days","Reviews: Rating","Reviews: Rating Count","Sales Rank: Drops last 180 days","Sales Rank: Drops last 365 days","Sales Rank: Reference","Sales Rank: Display Group","Sales Rank: Subcategory Sales Ranks","Monthly Sales Trends: Bought in past month","Monthly Sales Trends: 90 days change % monthly sold","Return Rate","Reviews: Rating Count - 30 days avg.","Reviews: Rating Count - 90 days avg.","Reviews: Rating Count - 180 days avg.","Reviews: Rating Count - 365 days avg.","Reviews: Rating Count - 1 day drop %","Reviews: Rating Count - 7 days drop %","Reviews: Rating Count - 30 days drop %","Reviews: Rating Count - 90 days drop %","Reviews: Review Count - Format Specific","Last Price Change","Last Update","Last Offer Update","Buy Box: Current","Buy Box: Shipping Costs","Buy Box: 30 days avg.","Buy Box: 90 days avg.","Buy Box: 180 days avg.","Buy Box: 365 days avg.","Buy Box: 1 day drop %","Buy Box: 7 days drop %","Buy Box: 30 days drop %","Buy Box: 90 days drop %","Buy Box: Drop since last visit","Buy Box: Drop % since last visit","Buy Box: Last visit","Buy Box: Lowest","Buy Box: Highest","Buy Box: Stock","Buy Box: 90 days OOS","Buy Box: Availability of the Buy Box","Buy Box: Shipping time","Buy Box: Strikethrough Price","Buy Box: Strikethrough Price Type","Buy Box: Buy Box Seller","Buy Box: Shipping Country","Buy Box: % Amazon 30 days","Buy Box: % Amazon 90 days","Buy Box: % Amazon 180 days","Buy Box: % Amazon 365 days","Buy Box: % Top Seller 30 days","Buy Box: % Top Seller 90 days","Buy Box: % Top Seller 180 days","Buy Box: % Top Seller 365 days","Buy Box: Winner Count 30 days","Buy Box: Winner Count 90 days","Buy Box: Winner Count 180 days","Buy Box: Winner Count 365 days","Buy Box: Standard Deviation 30 days","Buy Box: Standard Deviation 90 days","Buy Box: Standard Deviation 365 days","Buy Box: Flipability 30 days","Buy Box: Flipability 90 days","Buy Box: Flipability 365 days","Buy Box: Is FBA","Buy Box: Unqualified","Competitive Price Threshold","Suggested Lower Price","Buy Box: Pre-order","Buy Box: Back-order","Buy Box: Prime exclusive","Buy Box: Prime Eligible","Buy Box Eligible Offer Counts: New FBA","Buy Box Eligible Offer Counts: New FBM","Buy Box Eligible Offer Counts: Used FBA","Buy Box Eligible Offer Counts: Used FBM","Buy Box Eligible Offer Counts: Collectible FBA","Buy Box Eligible Offer Counts: Collectible FBM","Buy Box Eligible Offer Counts: Refurbished FBA","Buy Box Eligible Offer Counts: Refurbished FBM","Amazon: Current","Amazon: 30 days avg.","Amazon: 90 days avg.","Amazon: 180 days avg.","Amazon: 365 days avg.","Amazon: 1 day drop %","Amazon: 7 days drop %","Amazon: 30 days drop %","Amazon: 90 days drop %","Amazon: Drop since last visit","Amazon: Drop % since last visit","Amazon: Last visit","Amazon: Lowest","Amazon: Highest","Amazon: Stock","Amazon: 90 days OOS","Amazon: OOS Count 30 days","Amazon: OOS Count 90 days","Amazon: Availability of the Amazon offer","Amazon: Amazon offer shipping delay","New: Current","New: 30 days avg.","New: 90 days avg.","New: 180 days avg.","New: 365 days avg.","New: 1 day drop %","New: 7 days drop %","New: 30 days drop %","New: 90 days drop %","New: Drop since last visit","New: Drop % since last visit","New: Last visit","New: Lowest","New: Highest","New: 90 days OOS","New, 3rd Party FBA: Current","New, 3rd Party FBA: 30 days avg.","New, 3rd Party FBA: 90 days avg.","New, 3rd Party FBA: 180 days avg.","New, 3rd Party FBA: 365 days avg.","New, 3rd Party FBA: 1 day drop %","New, 3rd Party FBA: 7 days drop %","New, 3rd Party FBA: 30 days drop %","New, 3rd Party FBA: 90 days drop %","New, 3rd Party FBA: Drop since last visit","New, 3rd Party FBA: Drop % since last visit","New, 3rd Party FBA: Last visit","New, 3rd Party FBA: Lowest","New, 3rd Party FBA: Highest","New, 3rd Party FBA: Stock","Lowest FBA Seller","FBA Pick&Pack Fee","Referral Fee %","Referral Fee based on current Buy Box price","New, 3rd Party FBM: Current","New, 3rd Party FBM: 30 days avg.","New, 3rd Party FBM: 90 days avg.","New, 3rd Party FBM: 180 days avg.","New, 3rd Party FBM: 365 days avg.","New, 3rd Party FBM: 1 day drop %","New, 3rd Party FBM: 7 days drop %","New, 3rd Party FBM: 30 days drop %","New, 3rd Party FBM: 90 days drop %","New, 3rd Party FBM: Drop since last visit","New, 3rd Party FBM: Drop % since last visit","New, 3rd Party FBM: Last visit","New, 3rd Party FBM: Lowest","New, 3rd Party FBM: Highest","New, 3rd Party FBM: Stock","Lowest FBM Seller","New, Prime exclusive: Current","New, Prime exclusive: 30 days avg.","New, Prime exclusive: 90 days avg.","New, Prime exclusive: 180 days avg.","New, Prime exclusive: 365 days avg.","New, Prime exclusive: 1 day drop %","New, Prime exclusive: 7 days drop %","New, Prime exclusive: 30 days drop %","New, Prime exclusive: 90 days drop %","New, Prime exclusive: Drop since last visit","New, Prime exclusive: Drop % since last visit","New, Prime exclusive: Last visit","New, Prime exclusive: Lowest","New, Prime exclusive: Highest","Lightning Deals: Current","Buy Box Used: Current","Buy Box Used: 30 days avg.","Buy Box Used: 90 days avg.","Buy Box Used: 180 days avg.","Buy Box Used: 365 days avg.","Buy Box Used: 1 day drop %","Buy Box Used: 7 days drop %","Buy Box Used: 30 days drop %","Buy Box Used: 90 days drop %","Buy Box Used: Drop since last visit","Buy Box Used: Drop % since last visit","Buy Box Used: Last visit","Buy Box Used: Lowest","Buy Box Used: Highest","Buy Box Used: Buy Box Used Seller","Buy Box Used: Is FBA","Buy Box Used: Condition","Used: Current","Used: 30 days avg.","Used: 90 days avg.","Used: 180 days avg.","Used: 365 days avg.","Used: 1 day drop %","Used: 7 days drop %","Used: 30 days drop %","Used: 90 days drop %","Used: Drop since last visit","Used: Drop % since last visit","Used: Last visit","Used: Lowest","Used: Highest","Used: 90 days OOS","Used, like new: Current","Used, like new: 30 days avg.","Used, like new: 90 days avg.","Used, like new: 180 days avg.","Used, like new: 365 days avg.","Used, like new: 1 day drop %","Used, like new: 7 days drop %","Used, like new: 30 days drop %","Used, like new: 90 days drop %","Used, like new: Drop since last visit","Used, like new: Drop % since last visit","Used, like new: Last visit","Used, like new: Lowest","Used, like new: Highest","Used, very good: Current","Used, very good: 30 days avg.","Used, very good: 90 days avg.","Used, very good: 180 days avg.","Used, very good: 365 days avg.","Used, very good: 1 day drop %","Used, very good: 7 days drop %","Used, very good: 30 days drop %","Used, very good: 90 days drop %","Used, very good: Drop since last visit","Used, very good: Drop % since last visit","Used, very good: Last visit","Used, very good: Lowest","Used, very good: Highest","Used, good: Current","Used, good: 30 days avg.","Used, good: 90 days avg.","Used, good: 180 days avg.","Used, good: 365 days avg.","Used, good: 1 day drop %","Used, good: 7 days drop %","Used, good: 30 days drop %","Used, good: 90 days drop %","Used, good: Drop since last visit","Used, good: Drop % since last visit","Used, good: Last visit","Used, good: Lowest","Used, good: Highest","Used, acceptable: Current","Used, acceptable: 30 days avg.","Used, acceptable: 90 days avg.","Used, acceptable: 180 days avg.","Used, acceptable: 365 days avg.","Used, acceptable: 1 day drop %","Used, acceptable: 7 days drop %","Used, acceptable: 30 days drop %","Used, acceptable: 90 days drop %","Used, acceptable: Drop since last visit","Used, acceptable: Drop % since last visit","Used, acceptable: Last visit","Used, acceptable: Lowest","Used, acceptable: Highest","Warehouse Deals: Current","Warehouse Deals: 30 days avg.","Warehouse Deals: 90 days avg.","Warehouse Deals: 180 days avg.","Warehouse Deals: 365 days avg.","Warehouse Deals: 1 day drop %","Warehouse Deals: 7 days drop %","Warehouse Deals: 30 days drop %","Warehouse Deals: 90 days drop %","Warehouse Deals: Drop since last visit","Warehouse Deals: Drop % since last visit","Warehouse Deals: Last visit","Warehouse Deals: Lowest","Warehouse Deals: Highest","Refurbished: Current","Refurbished: 30 days avg.","Refurbished: 90 days avg.","Refurbished: 180 days avg.","Refurbished: 365 days avg.","Refurbished: 1 day drop %","Refurbished: 7 days drop %","Refurbished: 30 days drop %","Refurbished: 90 days drop %","Refurbished: Drop since last visit","Refurbished: Drop % since last visit","Refurbished: Last visit","Refurbished: Lowest","Refurbished: Highest","Collectible: Current","Collectible: 30 days avg.","Collectible: 90 days avg.","Collectible: 180 days avg.","Collectible: 365 days avg.","Collectible: 1 day drop %","Collectible: 7 days drop %","Collectible: 30 days drop %","Collectible: 90 days drop %","Collectible: Drop since last visit","Collectible: Drop % since last visit","Collectible: Last visit","Collectible: Lowest","Collectible: Highest","List Price: Current","List Price: 30 days avg.","List Price: 90 days avg.","List Price: 180 days avg.","List Price: 365 days avg.","List Price: 1 day drop %","List Price: 7 days drop %","List Price: 30 days drop %","List Price: 90 days drop %","List Price: Drop since last visit","List Price: Drop % since last visit","List Price: Last visit","List Price: Lowest","List Price: Highest","Trade-In: Current","Trade-In: 30 days avg.","Trade-In: 90 days avg.","Trade-In: 180 days avg.","Trade-In: 365 days avg.","Trade-In: 1 day drop %","Trade-In: 7 days drop %","Trade-In: 30 days drop %","Trade-In: 90 days drop %","Trade-In: Drop since last visit","Trade-In: Drop % since last visit","Trade-In: Last visit","Trade-In: Lowest","Trade-In: Highest","eBay New: Current","eBay New: 30 days avg.","eBay New: 90 days avg.","eBay New: 180 days avg.","eBay New: 365 days avg.","eBay New: 1 day drop %","eBay New: 7 days drop %","eBay New: 30 days drop %","eBay New: 90 days drop %","eBay New: Drop since last visit","eBay New: Drop % since last visit","eBay New: Last visit","eBay New: Lowest","eBay New: Highest","eBay Used: Current","eBay Used: 30 days avg.","eBay Used: 90 days avg.","eBay Used: 180 days avg.","eBay Used: 365 days avg.","eBay Used: 1 day drop %","eBay Used: 7 days drop %","eBay Used: 30 days drop %","eBay Used: 90 days drop %","eBay Used: Drop since last visit","eBay Used: Drop % since last visit","eBay Used: Last visit","eBay Used: Lowest","eBay Used: Highest","Total Offer Count","New Offer Count: Current","New Offer Count: 30 days avg.","New Offer Count: 90 days avg.","New Offer Count: 180 days avg.","New Offer Count: 365 days avg.","New Offer Count: 1 day drop %","New Offer Count: 7 days drop %","New Offer Count: 30 days drop %","New Offer Count: 90 days drop %","New FBA Offer Count: Current","Used Offer Count: Current","Used Offer Count: 30 days avg.","Used Offer Count: 90 days avg.","Used Offer Count: 180 days avg.","Used Offer Count: 365 days avg.","Used Offer Count: 1 day drop %","Used Offer Count: 7 days drop %","Used Offer Count: 30 days drop %","Used Offer Count: 90 days drop %","Refurbished Offer Count: Current","Refurbished Offer Count: 30 days avg.","Refurbished Offer Count: 90 days avg.","Refurbished Offer Count: 180 days avg.","Refurbished Offer Count: 365 days avg.","Refurbished Offer Count: 1 day drop %","Refurbished Offer Count: 7 days drop %","Refurbished Offer Count: 30 days drop %","Refurbished Offer Count: 90 days drop %","Collectible Offer Count: Current","Collectible Offer Count: 30 days avg.","Collectible Offer Count: 90 days avg.","Collectible Offer Count: 180 days avg.","Collectible Offer Count: 365 days avg.","Collectible Offer Count: 1 day drop %","Collectible Offer Count: 7 days drop %","Collectible Offer Count: 30 days drop %","Collectible Offer Count: 90 days drop %","Tracking since","Listed since","URL: Amazon","URL: Keepa","Categories: Root","Categories: Sub","Categories: Tree","Website Display Group: Name","Website Display Group: Identifier","Imported by Code","Product Codes: EAN","Product Codes: GTIN","Product Codes: UPC","Product Codes: PartNumber","Parent ASIN","Variation ASINs","Variation Count","Bundle Items","Freq. Bought Together","Type","Manufacturer","Brand","Brand Store Name","Brand Store URL Name","Brand Store URL","Model","Variation Attributes","Color","Size","Unit Details: Unit Value","Unit Details: Unit Type","Scent","Item Form","Pattern","Style","Material","Item Type","Target Audience","Recommended Uses","Specific Uses","Product Benefit","Edition","Format","Author","Contributors","Binding","Number of Items","Number of Pages","Publication Date","Release Date","Languages","Videos: Video Count","Videos: Has Main Video","Videos: Main Videos","Videos: Additional Videos","A+ Content: Has A+ Content","A+ Content: A+ From Manufacturer","A+ Content: A+ Content","Package: Dimension (cm³)","Package: Length (cm)","Package: Width (cm)","Package: Height (cm)","Package: Weight (g)","Package: Quantity","Item: Dimension (cm³)","Item: Length (cm)","Item: Width (cm)","Item: Height (cm)","Item: Weight (g)","Included Components","Ingredients","Active Ingredients","Special Ingredients","Safety Warning","Batteries Required","Batteries Included","Hazardous Materials","Is HazMat","Adult Product","Is Merch on Demand","Trade-In Eligible","Deals: Deal Type","Deals: Badge","Buy Box: Subscribe & Save","One Time Coupon: Absolute","One Time Coupon: Percentage","One Time Coupon: Subscribe & Save %","Business Discount: Percentage","New FBM Offer Count: Current","Monthly Sales Trends: Monthly Sold (Last Known)","Monthly Sales Trends: Monthly Sold Date (Last Known)","Monthly Sales Trends: Monthly Sold (Peak)","Monthly Sales Trends: Monthly Sold Date (Peak)"
"1","1","1","1","0 %","0 %","0 %","0 %","","","","","","","","","Mobile-Business-Security-Anti-Theft-Monitoring","","B09LGJXPS9","","no","no","no","yes","no","no","no","yes","no","yes","no","no","no","no","no","no","no","no","no","no","no","no","no","no","no","no","no","no","no","no","no","no","no","no","no","yes","no","no","no","no","no","no","no","com","https://m.media-amazon.com/images/I/61JQwrfKk8L.jpg;https://m.media-amazon.com/images/I/61TR0D8J0cL.jpg;https://m.media-amazon.com/images/I/618tBb-xXWL.jpg;https://m.media-amazon.com/images/I/71ltgl8DhaL.jpg;https://m.media-amazon.com/images/I/71zSD1FmvAL.jpg;https://m.media-amazon.com/images/I/71iW7TrbqrL.jpg;https://m.media-amazon.com/images/I/71L4lkkncML.jpg;https://m.media-amazon.com/images/I/51BzbDwcTNL.jpg","","8","Jolt Mobile $12.00-3GB Data Plan on AT&T 5G 4G LTE Network SIM Card for Business-Office-Home Use - Triple Cut SIM","DATA Only Plan. 3GB of LTE DATA for 30 days for $12 a month.
Jolt Mobile offers customizable wireless plans to fit your needs. Get our Broadband Plans for your home or business, MiFi, 4G Modem or Hotspot, with affordable plans.

Device must be compatible with AT&T network frequencies and bands.

Stay connected to AT&T’s secure IoT nationwide network, specifically designed to maximize your device performance. Jolt Mobile recommends using 4G or newer devices for better service.

Our service will work within the United States Only Check Coverage at Joltiotmap Check Coverage: Joltiotmap To activate: Activatejolt To Refill: Refilljolt

Jolt Mobile offers its services through subscription plans which auto-renew every 30 days. Service begins as soon as you activate your service. You'll be charged the rate stated at the time of purchase, every month, until you cancel. There is No Contract. Cancellations can be made any time by contacting customer support. A valid credit card is required to cover overages in case you exceed the applicable Voice, SMS and Data limits.","","Alarm SIM is designed for users that need a minimal amount of airtime each month. Receive alerts from your wireless GSM home/Business security alarm system for just $12.00","3GB of 4G LTE Data $12 Monthly. This Data plan is great choice when you need data service on your device. Stay online and connected, you can add more balance when you use the current data.","3 in 1 SIM card: Standard-sized SIM, a Micro-sized SIM or a Nano-sized SIM card to fit any device. Punch out the Size you need.","Jolt Mobile service will work within the UNITED STATES ONLY. Check Coverage at JOLTiotmap. Activate via Activatejolt. Refill at Refilljolt","Compatible with any 5G 4G LTE devices for home or business, such as but not limited to 5G 4G LTE MiFi, Modem, Router, Hotspot, Laptops or Tablets using Triple Cut SIM card (fits any device – Standard SIM, Micro SIM and Nano SIM)","We offer professional online ordering and customer support to resolve any issues you encounter. Your satisfaction is our top priority! Don't hesitate to message us with your questions and provide your SIM card number (keep it safe) for personalized assistance.","","","","","","","","","","","","","","","","","2250580","2250580","0","0","5","1","0","0","","","# 3,523 | Top 9% | Home Security Systems","","","","1","1","1","1","","","","","-","2026/02/17 15:40","2026/05/01 02:28","2025/11/16 09:04","12.00","","12.00","12.00","12.00","11.81","0 %","0 %","0 %","0 %","$ 0.00","0 %","12.00","6.00","12.00","","0 %","IN_STOCK","","-","","SpeedTalk Mobile (98%) / A13X3GVNM9G7YR","","0 %","0 %","0 %","0 %","100 %","100 %","100 %","97 %","1","1","1","1","-","-","0.64","8","8","60","yes","no","-","","no","no","no","yes","1","0","0","0","0","0","0","0","","","","","","","","","","","","","","","","100 %","1","1","no Amazon offer exists","","12.00","12.00","12.00","12.00","11.81","0 %","0 %","0 %","0 %","$ 0.00","0 %","12.00","6.00","12.00","0 %","","12.00","12.00","12.00","10.88","","","","","","","","6.00","12.00","","-","3.44","15 %","1.80","","","","","","","","","","","","","12.00","12.00","","-","","","","","","","","","","","","","","","","","","","","","","","","","","","","","","","no","","","","","","","","","","","","","","","","100 %","","","","","","","","","","","","","","","","","","","","","","","","","","","","","","","","","","","","","","","","","","","","","","","","","","","","","","","","","","","","","","","","","","","","","","","","","","","","","","","","","","","","","","","","","","","","","","","","","","","12.00","12.00","12.00","12.00","12.00","0 %","0 %","0 %","0 %","$ 0.00","0 %","12.00","12.00","12.00","","","","","","","","","","","","","","","","","","","","","","","","","","","","","","","","","","","","","","","","","","","1","1","1","1","1","1","0 %","0 %","0 %","0 %","1","","","","","","","","","","","","","","","","","","","","","","","","","","","","2021/12/03","2021/11/10","https://www.amazon.com/dp/B09LGJXPS9","https://keepa.com/#!product/1-B09LGJXPS9","Electronics","Home Security Systems","Electronics › Security & Surveillance › Home Security Systems","Wireless","wireless_display_on_website","","0850028221181","","850028221181","","","","0","","","SIM_CARD","SpeedTalk Mobile","SpeedTalk Mobile","SpeedTalk Mobile","SpeedTalkMobile","https://www.amazon.com/stores/SpeedTalkMobile/page/F3D278F0-9F00-49C0-9A70-02C3A04B24F3","","","","","1","Count","","","","","","home-security-systems","","","","","","","","","","1","","","","","2","yes","[{""creator"":""Creator: Main"",""duration"":""25s"",""image"":""https://m.media-amazon.com/images/I/91MwdmLDiPL.png"",""name"":""SpeedTalk Mobile"",""title"":""Introducing the triple-cut SIM card"",""url"":""https://m.media-amazon.com/images/S/vse-vms-transcoding-artifact-us-east-1-prod/d1e2733c-3c87-40ed-87d6-0c40f7b433d4/default.jobtemplate.hls.m3u8""}]","[{""creator"":""Creator: Seller"",""duration"":""41s"",""image"":""https://m.media-amazon.com/images/I/41D3oP7BD7L.jpg"",""name"":""SpeedTalk Mobile"",""title"":""SpeedTalk Mobile Alarm System Sim Card"",""url"":""https://m.media-amazon.com/images/S/vse-vms-transcoding-artifact-us-east-1-prod/6fa9fd0e-5f18-48fd-a8f0-4d50f59aedcd/default.jobtemplate.hls.m3u8""}]","no","no","","104","12","8.7","1","9","0","34","8.9","6.4","0.6","","","","","","","no","no","","no","no","no","no","","","no","-","","","","","","","",""
"1","1","1","1","0 %","0 %","0 %","0 %","","","","","","","","","Card-Minutes-250MB-Service-Contract","","B01H4D5EHO","","no","no","no","yes","no","no","no","yes","no","yes","no","no","no","no","no","no","no","no","no","no","no","no","no","no","no","no","no","no","no","no","no","no","no","no","no","yes","no","no","no","no","no","no","no","com","https://m.media-amazon.com/images/I/71K6tqOzYaL.jpg;https://m.media-amazon.com/images/I/61Y-cxQ64mL.jpg;https://m.media-amazon.com/images/I/615LFqmIqwL.jpg;https://m.media-amazon.com/images/I/71aFLnxg1PL.jpg;https://m.media-amazon.com/images/I/71RtRr-292S.jpg;https://m.media-amazon.com/images/I/81cNX3ZS30L.jpg;https://m.media-amazon.com/images/I/71Lf1bNfH3L.jpg","","7","SpeedTalk Mobile $5 SIM Card Kit for 5G 4G LTE iOS Android Smart Phones 100 Minutes, 100 Text & 100 MB Data Cellphone Plan | 3 in 1 Simcard - Standard Micro Nano | 30 Days Service | USA Coverage","No Contract. Use your own device - activate any 5G 4G LTE T-Mobile phone, AT&T unlocked phone, Apple iPhone, Android, Windows, any compatible GSM cell phone or other compatible tablets. Ready to use. Activation Code included. Plan includes 100 minutes and 100 Text and 100 MB Data for 30 days. Nationwide lightning fast 4G LTE service on GSM Network

Our service will work within the United States.

Check Coverage at STKMap
Activate via ActivateSpeedTalk

After SIM activation, it may take up to 24 hours for the GPRS and data settings to sync and update with your device. Make sure to turn on your device in an area with good reception.

SpeedTalk Mobile offers its services through subscription plans which auto-renew every 30 days. Plan begins as soon as you activate your SIM card. Plans will auto-renew at the rate stated at the time of purchase, every month, until you cancel. Easy cancellations can be made any time through our website or by contacting customer support. A valid credit card is required at the time of activation.","","Plan includes a total of 100 minutes, 100 text & 100 MB data. Each unit can be used in any combination of Talk/Text/Data.","EASY ACTIVATION: Valid credit card is needed at activation, No contracts, Cancel anytime. Speedtalk Mobile offers its services through subscription plans. You can also call us for assistance 7 days a week LIVE CUSTOMER SUPPORT when you call our toll-free number.","You have the option to port-in (keep) your existing phone number or get a new one.","3 in 1 SIM CARD KIT (Mini/Micro/Nano). SIM card can be used to activate any unlocked 5G 4G GSM compatible phone including iPhones, Androids and non-smartphones.","5G 4G LTE NATIONWIDE COVERAGE including Hawaii, Puerto Rico, and US Virgin Islands (does not include Alaska) on the largest and fastest network. Check Coverage at STKMap.","","","","","","233761","180785","171351","165822","146153","-5 %","-7 %","-36 %","-29 %","-141,170","-99 %","92591","18279","240645","3","7","3.5","188","21","62","Cell Phones & Accessories","wireless_display_on_website","# 538 | Top 4% | SIM Cards","","","","190","191","190","189","","","","","-","2026/02/09 12:32","2026/05/13 14:08","2026/05/04 13:28","5.00","","5.00","5.00","5.00","5.00","0 %","0 %","0 %","0 %","$ 0.00","0 %","5.00","3.75","9.75","","0 %","IN_STOCK","","-","","SpeedTalk Mobile (98%) / A13X3GVNM9G7YR","","0 %","0 %","0 %","0 %","100 %","100 %","100 %","99 %","1","1","1","1","-","-","0.05","8","8","60","yes","no","-","","no","no","no","yes","1","0","0","0","0","0","0","0","","","","","","","","","","","","","","","","100 %","1","1","no Amazon offer exists","","5.00","5.00","5.00","5.00","5.00","0 %","0 %","0 %","0 %","$ 0.00","0 %","5.00","3.75","9.75","0 %","","5.00","5.00","5.00","5.00","","","","","","","","3.75","9.75","","-","2.52","15 %","0.75","","","","","","","","","","","","","8.99","8.99","","-","","","","","","","","","","","","","","","","","","","","","","","","","","","","","","","no","","","","","","","","","","","","","","3.17","9.07","100 %","","","","","","","","","","","","","3.17","8.22","","","","","","","","","","","","","4.51","8.70","","","","","","","","","","","","","","","","","","","","","","","","","","","","","","","","","","","","","","","","","3.17","8.70","","","","","","","","","","","","","","","","","","","","","","","","","","","","","5.00","5.00","5.00","5.00","5.00","0 %","0 %","0 %","0 %","$ 0.00","0 %","5.00","5.00","9.75","","","","","","","","","","","","","","","","","","","","","","","","","","","","","","","","","","","","","","","","","","","1","1","1","1","1","1","0 %","0 %","0 %","0 %","1","","","","","","","","","","","","","","","","","","","","","","","","","","","","2016/12/15","2016/06/16","https://www.amazon.com/dp/B01H4D5EHO","https://keepa.com/#!product/1-B01H4D5EHO","Cell Phones & Accessories","SIM Cards","Cell Phones & Accessories › SIM Cards & Prepaid Minutes › SIM Cards","Wireless","wireless_display_on_website","","0793052170318","","793052170318","","","","0","","B07MGJBRTQ","SIM_CARD","SpeedTalk Mobile","SpeedTalk Mobile","SpeedTalk Mobile","SpeedTalkMobile","https://www.amazon.com/stores/SpeedTalkMobile/page/F3D278F0-9F00-49C0-9A70-02C3A04B24F3","9244","","","Triple Cut","3","Count","","","","","","cell-phone-sim-cards","","","","","","","","","","3","","","","","4","yes","[{""creator"":""Creator: Main"",""duration"":""25s"",""image"":""https://m.media-amazon.com/images/I/91MwdmLDiPL.png"",""name"":""SpeedTalk Mobile"",""title"":""Introducing the triple-cut SIM card"",""url"":""https://m.media-amazon.com/images/S/vse-vms-transcoding-artifact-us-east-1-prod/d1e2733c-3c87-40ed-87d6-0c40f7b433d4/default.jobtemplate.hls.m3u8""}]","[{""creator"":""Creator: Seller"",""duration"":""48s"",""image"":""https://m.media-amazon.com/images/I/5191IIMecsL.jpg"",""name"":""SpeedTalk Mobile"",""title"":""SpeedTalk Mobile Pre Paid Sim Card Kit"",""url"":""https://m.media-amazon.com/images/S/vse-vms-transcoding-artifact-us-east-1-prod/ee09e039-adf7-4396-a758-b09a197b5067/default.jobtemplate.hls.m3u8""},{""creator"":""Creator: Seller"",""duration"":""50s"",""image"":""https://m.media-amazon.com/images/I/51roFvW6RNL.jpg"",""name"":""SpeedTalk Mobile"",""title"":""SpeedTalk Mobile Pre Paid Sim Card Plan"",""url"":""https://m.media-amazon.com/images/S/vse-vms-transcoding-artifact-us-east-1-prod/1cd7a270-22c4-4e86-86d1-8764102b59ed/default.jobtemplate.hls.m3u8""},{""creator"":""Creator: Customer"",""duration"":""68s"",""image"":""https://m.media-amazon.com/images/I/61vYt4Sbm7L.jpg"",""name"":""pisces"",""title"":""Do NOT buy!!! The GPS can stop working any time!"",""url"":""https://m.media-amazon.com/images/S/vse-vms-transcoding-artifact-us-east-1-prod/bc6c9e2c-0133-4cd2-8c7a-29bf05efad24/default.jobtemplate.hls.m3u8""}]","no","no","","32","12.1","8.9","0.3","5","1","15","8.9","5.6","0.3","","","","","","","no","no","","no","no","no","no","","","no","-","","","","","","","",""
"2","3","3","3","0 %","0 %","0 %","33 %","","","","","","","","","SpeedTalk-Mobile-Android-Preloaded-Cellphone","","B07G9P5ZBW","SpeedTalk Mobile $5 Prepaid Wireless Pay Go Plan for Smartphones & Cellphones | 5G 4G LTE | Triple Cut (Mini,Micro,Nano) Sim Card | No Contract | 30-Day Service","no","no","no","yes","no","no","no","yes","no","yes","no","no","no","no","no","no","no","no","no","no","no","no","no","no","no","no","no","no","no","no","no","no","no","no","no","yes","no","no","no","no","no","no","no","com","https://m.media-amazon.com/images/I/71sCahvt2eL.jpg;https://m.media-amazon.com/images/I/61TC8zlxZ3L.jpg;https://m.media-amazon.com/images/I/71hiRhDWbcL.jpg;https://m.media-amazon.com/images/I/71f98w+szFL.jpg;https://m.media-amazon.com/images/I/71Wv4gAWmRL.jpg;https://m.media-amazon.com/images/I/81cNX3ZS30L.jpg;https://m.media-amazon.com/images/I/71RtRr-292S.jpg;https://m.media-amazon.com/images/I/71vooBnwmmL.jpg;https://m.media-amazon.com/images/I/71kY8cTX0QL.jpg","","9","SpeedTalk Mobile $5 Prepaid Wireless Pay Go Plan for Smartphones & Cellphones | 5G 4G LTE | 100 Talk, 100 Text, 100 MB Data |Triple Cut (Mini,Micro,Nano) Sim Card | No Contract | 30-Day Service","","","Cellular Service for Just $5: One of the lowest and most affordable subscription plans! Includes 100 talk minutes, 100 texts, and 100MB of ultra-fast data with your prepaid SIM card. No contracts!","Easy Activation: A valid credit card is required for activation. No contracts, Cancel anytime. SpeedTalk Mobile offers its services through subscription plans. You can also call us for assistance 7 days a week with live technical support when you contact our toll-free number.","Universal Compatibility: Bring your own phone and use any compatible device on the SpeedTalk Mobile network. The SIM card can be used to activate any unlocked 5G, 4G LTE, and VoLTE-compatible phone, including iPhones, Android devices (Samsung Galaxy, Google Pixel, LG), Windows phones, and non-smartphones. Our triple-cut SIM card is designed in three sizes (Mini/Micro/Nano) to ensure compatibility with a wide variety of devices. Simply punch out the size that fits your device and insert it.","How does it work: The SIM Kit includes a 3-in-1 SIM card (standard, micro, and nano sim card) to fit all SIM Devices. Also it supports eSIM activation on Apple, Google, Samsung devices.","eSIM: During activation, you can choose to use your physical SIM or switch to eSIM. The eSIM is available on iPhone 11 and newer models, Google Pixel 2 and higher, and compatible Samsung devices.","Keep Your Phone Number: Stay in touch with your existing contacts without paying a high monthly bill. We offer the option to keep your current phone number or get a new one at no extra charge.","Premium Nationwide Coverage: Forget about dropped calls, loading issues, or slow data speeds. SpeedTalk Mobile provides 5G 4G LTE nationwide coverage, including Hawaii, Puerto Rico, and the U.S. Virgin Islands, on the largest and fastest network. You can check specific coverage areas on the SpeedTalk Mobile coverage map.","Perfect for Everyday Use: Affordable prepaid SIM card USA with flexible cell phone plans. Ideal SIM card for phone users looking for reliable mobile prepaid plans with no contracts.","Reliable Mobile Connectivity: Enjoy dependable cellular service plans with a prepaid SIM card for unlocked phones. A simple SIM card for phone solution with flexible mobile prepaid plans.","Quick & Easy Activation: Activate your prepaid SIM card in minutes directly from the SpeedTalk Mobile website. Simple online setup with flexible cellular service plans and no long-term contracts.","4196","4614","4161","6553","8665","6 %","0 %","-1 %","9 %","5,869","58 %","10065","3065","35330","39","242","3.4","3134","521","720","Cell Phones & Accessories","wireless_display_on_website","# 1 | Top 0.17% | Cell Phone Minutes","500","-2 %","","3129","3116","3095","3043","0 %","0 %","0 %","-1 %","645","2026/03/20 08:16","2026/05/27 11:16","2026/05/26 07:52","5.00","","5.00","5.00","5.00","5.00","0 %","0 %","0 %","0 %","$ 0.00","0 %","5.00","3.75","9.75","3","0 %","IN_STOCK","","-","","SpeedTalk Mobile (98%) / A13X3GVNM9G7YR","","0 %","0 %","0 %","0 %","100 %","100 %","99 %","100 %","1","2","2","2","-","-","-","8","8","8","yes","no","-","","no","no","no","yes","2","0","0","0","0","0","0","0","","","","","","","","","","","","","","","","100 %","1","1","no Amazon offer exists","","5.00","5.00","5.00","5.00","5.00","0 %","0 %","0 %","0 %","$ 0.00","0 %","5.00","3.75","9.75","0 %","5.00","5.00","5.00","5.00","5.00","0 %","0 %","0 %","0 %","$ 0.00","0 %","5.00","3.75","9.75","6","SpeedTalk Mobile (98%) / A13X3GVNM9G7YR","2.52","15 %","0.75","","","","","","","","","","","","","4.88","9.75","","-","","","","","","","","","","","","","","","","","","","","","","","","","","","","","","","no","","","","","","","","","","","","","","2.08","9.07","100 %","","","","","","","","","","","","","3.71","4.75","","","","","","","","","","","","","2.73","9.07","","","","","","","","","","","","","","","","","","","","","","","","","","","","","","","","","","","","","","","","","2.73","9.07","","","","","","","","","","","","","","","","","","","","","","","","","","","","","5.00","5.00","5.00","5.00","5.00","0 %","0 %","0 %","0 %","$ 0.00","0 %","5.00","5.00","9.99","","","","","","","","","","","","","","","","","","","","","","","","","","","","","","","","","","","","","","","","","","","2","2","2","3","2","2","0 %","0 %","0 %","33 %","2","","","","","","","","","","","","","","","","","","","","","","","","","","","","2018/08/09","2018/08/09","https://www.amazon.com/dp/B07G9P5ZBW?psc=1","https://keepa.com/#!product/1-B07G9P5ZBW","Cell Phones & Accessories","Cell Phone Minutes","Cell Phones & Accessories › SIM Cards & Prepaid Minutes › Cell Phone Minutes","Wireless","wireless_display_on_website","","0793052172671","","793052172671","","B0FRWN5W3V","B07G9P5ZBW,B0BS1W6HJM,B0CLX2QN4Q","3","","","SIM_CARD","SpeedTalk Mobile","SpeedTalk Mobile","SpeedTalk Mobile","SpeedTalkMobile","https://www.amazon.com/stores/SpeedTalkMobile/page/F3D278F0-9F00-49C0-9A70-02C3A04B24F3","$5 - 100MB - 100 Talk & 100 Text","Model: $5 - 100MB - 100 Talk & 100 Text;","","","1","Count","","","","","","prepaid-cell-phone-minutes","","","","","","","","","","1","","","","","6","yes","[{""creator"":""Creator: Main"",""duration"":""31s"",""image"":""https://m.media-amazon.com/images/I/A1nv8OXXjqL.png"",""name"":""SpeedTalk Mobile"",""title"":""SpeedTalk Mobile esim tutorial"",""url"":""https://m.media-amazon.com/images/S/vse-vms-transcoding-artifact-us-east-1-prod/15f35dec-9ea7-4365-b4eb-5b1739415ed4/default.jobtemplate.hls.m3u8""}]","[{""creator"":""Creator: Seller"",""duration"":""50s"",""image"":""https://m.media-amazon.com/images/I/51roFvW6RNL.jpg"",""name"":""SpeedTalk Mobile"",""title"":""SpeedTalk Mobile Pre Paid Cell Phone Plan"",""url"":""https://m.media-amazon.com/images/S/vse-vms-transcoding-artifact-us-east-1-prod/fbf8f2cf-76de-4020-b038-4213ada3c772/default.jobtemplate.hls.m3u8""},{""creator"":""Creator: Seller"",""duration"":""40s"",""image"":""https://m.media-amazon.com/images/I/A1iPJdiNmlL.png"",""name"":""SpeedTalk Mobile"",""title"":""Meet speedtalk Mobile"",""url"":""https://m.media-amazon.com/images/S/vse-vms-transcoding-artifact-us-east-1-prod/5f4cc818-c13a-4876-b5a6-451c5ad555e9/default.jobtemplate.hls.m3u8""},{""creator"":""Creator: Seller"",""duration"":""29s"",""image"":""https://m.media-amazon.com/images/I/716x8Jn4zdL.jpg"",""name"":""SpeedTalk Mobile"",""title"":""SpeedTalk Mobile | Phones"",""url"":""https://m.media-amazon.com/images/S/vse-vms-transcoding-artifact-us-east-1-prod/4ee7f3ee-ddda-43bc-8ab0-342a8c6b316b/default.jobtemplate.hls.m3u8""},{""creator"":""Creator: Seller"",""duration"":""54s"",""image"":""https://m.media-amazon.com/images/I/B1m9dcWVs7L.png"",""name"":""SpeedTalk Mobile"",""title"":""SpeedTalk Mobile | Pay Go Plan"",""url"":""https://m.media-amazon.com/images/S/vse-vms-transcoding-artifact-us-east-1-prod/8497e8da-6247-426b-9ab8-1e0bb93c495b/default.jobtemplate.hls.m3u8""},{""creator"":""Creator: Seller"",""duration"":""25s"",""image"":""https://m.media-amazon.com/images/I/91MwdmLDiPL.png"",""name"":""SpeedTalk Mobile"",""title"":""Introducing the triple-cut SIM card"",""url"":""https://m.media-amazon.com/images/S/vse-vms-transcoding-artifact-us-east-1-prod/d1e2733c-3c87-40ed-87d6-0c40f7b433d4/default.jobtemplate.hls.m3u8""}]","yes","no","[{""fromManufacturer"":false,""module"":[{""asin"":[""B07G9P5ZBW"",""B075QNH2HP"",""B0BS1W6HJM"",""B0CLWSGD3V"",""B0CLX2QN4Q""]},{""image"":[""https://m.media-amazon.com/images/S/aplus-media-library-service-media/77d0cf43-3e93-42e0-8281-c00712c3a8b4.jpg""],""imageAltText"":[""Banner, mobile phone prepaid sim card usa speedtalk sim card micro nano sim wireless cellular eSIM""]},{""image"":[""https://m.media-amazon.com/images/S/aplus-media-library-service-media/899a8d8a-1dd3-4c4d-aa06-aad601de42b1.jpg""],""imageAltText"":[""cellphone service plans, phone service plans, unlimited data plan, cheap cell phone, e sim, esim""]},{""text"":[""SPECIFICATION"",""1.)"",""Quick and simple set up - Simple Activation, install the SIM card to any T-Mobile or unlocked cellphones, then dial, or text away!"",""2)"",""Triple Cut SIM (fits any device). Standard SIM, Micro SIM and Nano SIM. Just punch out the size you need for your wireless device."",""3.)"",""You have the option to port-in (keep) your existing phone number or get a new one."",""4.)"",""Our service will work within the UNITED STATES ONLY"",""5.)"",""SpeedTalk Mobile offers its services through subscription plans. Valid credit card is needed at activation. Taxes and surcharges may apply."",""6.)"",""EASY ACTIVATION: 3 EASY steps. You can also call for assistance. LIVE Support available 7 days a week.""]},{""image"":[""https://m.media-amazon.com/images/S/aplus-media-library-service-media/b4fa1a3e-9428-4ef1-9c07-837e141898fd.png""],""imageAltText"":[""prepaid cell phones unlocked, tarjeta sim, standard micro nano sim eSIM for gps tracker vehicle""]},{""image"":[""https://m.media-amazon.com/images/S/aplus-media-library-service-media/9ba40d95-8046-48f5-9771-cceeab97dd13.jpg""],""imageAltText"":[""trac fone prepaid card, mint mobile sim card, cellphones, tracphones prepaid phone, micro sim card""]},{""image"":[""https://m.media-amazon.com/images/S/aplus-media-library-service-media/d1270ad7-9dd9-4556-9c31-93d2f9acfe51.jpg""],""imageAltText"":[""Prepaid wireless Prepaid cellular prepaid sim card prepaid eSIM""],""text"":[""After SIM activation, it may take up to 24 hours for the GPRS and data settings to sync and update with your device. Make sure to turn on your device in an area with good reception"",""Please Note: 2G & 3G services might not be available in all areas due to carrier Decommissioning/ shutdown of these frequencies, SpeedTalk Mobile recommends using 4G or newer devices for better service. Existing SpeedTalk customers who are using the service on their 2G or 3G device, can continue purchase SpeedTalk products to refills/reup their existing accounts."",""SpeedTalk Mobile offers its services through subscription plans which auto-renew every 30 days. Plan begins as soon as you activate your service. You’ll be charged the rate stated at the time of purchase, every month, until you cancel. Cancellations can be made any time by contacting support. A valid credit card is required to cover overages in case you exceed the applicable data limit.""]}]}]","155","13.4","8.9","1.3","9","1","14","8.5","5.6","0.3","","","","","","","no","no","","no","no","no","no","","","no","-","","","","","500","2026/03/07","1000","2023/12/20"
"1","1","1","1","0 %","0 %","0 %","0 %","","","","","","","","","SpeedTalk-Mobile-Tracking-Locators-Standard","","B09VNGL2BB","","no","no","no","yes","no","no","no","yes","no","yes","no","no","no","no","no","no","no","no","no","no","no","no","no","no","no","no","no","no","no","no","no","no","no","no","no","yes","no","no","no","no","no","no","no","com","https://m.media-amazon.com/images/I/71WnHYKvPeL.jpg;https://m.media-amazon.com/images/I/71f0KBzoWnL.jpg;https://m.media-amazon.com/images/I/81bYE7NWCtL.jpg;https://m.media-amazon.com/images/I/71f98w+szFL.jpg;https://m.media-amazon.com/images/I/81oSWSIsGmL.jpg;https://m.media-amazon.com/images/I/81RZ9+YJ9iL.jpg;https://m.media-amazon.com/images/I/81cNX3ZS30L.jpg;https://m.media-amazon.com/images/I/71Lf1bNfH3L.jpg","","8","SpeedTalk Mobile Tracker SIM Card for 5G 4G LTE GSM Pet Senior Kids Car All GPS Tracking Devices | Talk Text Data | 3 in 1 SIM Card Standard Micro Nano | 30 Days Wireless Subscription Plan","Majority of GSM GPS tracker today uses cellular technology to remotely communicate with these devices.
You will need a SIM card to enable tracking services to work and communicate with the tracker remotely via the phone number associated with the SIM card. Some use text messaging to locate the tracker, other devices use data connection. Either way, our service offer voice call, text and nationwide 4G 5G LTE Data.
Our service will work within the United States including Canada & Mexico roaming.
Check Coverage at STKMap

To activate please visit us at ActivateSpeedTalk.
After SIM activation, it may take up to 24 hrs for the GPRS and data settings to sync and update with your device. Make sure to turn on your device in an area with strong reception.
Our SIM cards can be used with any GSM tracking device such as but not limited to:
GPS Trackers Kid GPS Trackers Pet Trackers Trackers for Seniors Car Alarm Systems Smart Watches

Buyer needs to contact the manufacturer or seller of their (defective/not working) 3rd party device.

SpeedTalk Mobile offers its services through subscription plans which auto-renew every 30 days. Plan begins as soon as you activate your SIM card. Plans will auto-renew at the rate stated at the time of purchase, every month, until you cancel. Easy cancellations can be made any time through our website or by contacting customer support. A valid credit card is required at the time of activation.","","$5 Preloaded 30-Day wireless service at 4 Cents per Minute CALL, 2 Cents per TEXT & 4 Cents/MB nationwide/worldwide 5G 4G LTE Data. That's 125 minutes talk OR 250 texts OR 125 MB Data.","U.S.A. Phone Number Included: Get your own U.S. number at activation. Choose a number from your ZIP code, or get one auto assigned to you. Powered by secure U.S.-based company and servers to keep your data protected.","Our service will connect you to our SpeedTalk Network and will work within the United States Canada & Mexico. Works in over 200 Countries with International Roaming.","EASY ACTIVATION: Valid credit card is needed at activation, No contracts, Cancel anytime. Speedtalk Mobile offers its services through prepaid subscription plans. You can also call us for assistance 7 days a week LIVE CUSTOMER SUPPORT when you call our toll-free number.","Our SIM cards are designed for use in All Trackers, IoT devices, tablets, PCs, watches, pet trackers, security cameras, trail and game cameras for hunting, 4G routers, GPS devices, car locators, M2M Devices and more. This SIM kit is pre-cut in 3 sizes to fit any device: Standard, Micro and Nano sizes.","","","","","","34866","34228","38212","35206","38387","-12 %","6 %","9 %","-2 %","2,460","7 %","37326","10642","251473","12","44","3.4","99","87","171","Electronics","ce_display_on_website","# 193 | Top 3% | GPS Trackers","50","0 %","","97","95","88","75","","","","","-","2026/02/17 06:10","2026/05/27 06:20","2026/05/15 21:20","5.00","","5.00","5.00","5.00","5.00","0 %","0 %","0 %","0 %","$ 0.00","0 %","5.00","5.00","5.00","3","0 %","IN_STOCK","","-","","SpeedTalk Mobile (98%) / A13X3GVNM9G7YR","","0 %","0 %","0 %","0 %","100 %","100 %","99 %","100 %","1","1","1","1","-","-","-","8","8","8","yes","no","-","","no","no","no","yes","1","0","0","0","0","0","0","0","","","","","","","","","","","","","","","","100 %","1","1","no Amazon offer exists","","5.00","5.00","5.00","5.00","5.00","0 %","0 %","0 %","0 %","$ 0.00","0 %","5.00","5.00","5.00","0 %","","5.00","5.00","5.00","5.00","","","","","","","","5.00","5.00","3","-","2.52","15 %","0.75","","","","","","","","","","","","","5.00","5.00","","-","","","","","","","","","","","","","","","","","","","","","","","","","","","","","","","no","","","","","","","","","","","","","","","","100 %","","","","","","","","","","","","","","","","","","","","","","","","","","","","","","","","","","","","","","","","","","","","","","","","","","","","","","","","","","","","","","","","","","","","","","","","","","","","","","","","","","","","","","","","","","","","","","","","","","","5.00","5.00","5.00","5.00","5.00","0 %","0 %","0 %","0 %","$ 0.00","0 %","5.00","5.00","5.00","","","","","","","","","","","","","","","","","","","","","","","","","","","","","","","","","","","","","","","","","","","1","1","1","1","1","1","0 %","0 %","0 %","0 %","1","","","","","","","","","","","","","","","","","","","","","","","","","","","","2022/03/20","2016/06/23","https://www.amazon.com/dp/B09VNGL2BB","https://keepa.com/#!product/1-B09VNGL2BB","Electronics","GPS Trackers","Electronics › GPS, Finders & Accessories › GPS Trackers","Wireless","wireless_display_on_website","","0850028221655","","850028221655","9216","","","0","","","SIM_CARD","SpeedTalk Mobile","SpeedTalk Mobile","SpeedTalk Mobile","SpeedTalkMobile","https://www.amazon.com/stores/SpeedTalkMobile/page/F3D278F0-9F00-49C0-9A70-02C3A04B24F3","$5 Tracker SIM Plan","","","","1","Count","","","","","","gps-trackers","","","","","","","","","","1","","","","","4","yes","[{""creator"":""Creator: Main"",""duration"":""25s"",""image"":""https://m.media-amazon.com/images/I/91MwdmLDiPL.png"",""name"":""SpeedTalk Mobile"",""title"":""Introducing the triple-cut SIM card"",""url"":""https://m.media-amazon.com/images/S/vse-vms-transcoding-artifact-us-east-1-prod/d1e2733c-3c87-40ed-87d6-0c40f7b433d4/default.jobtemplate.hls.m3u8""}]","[{""creator"":""Creator: Seller"",""duration"":""41s"",""image"":""https://m.media-amazon.com/images/I/41NFdbC+dZL.jpg"",""name"":""SpeedTalk Mobile"",""title"":""Speedtalk Mobile GPS Trackers for Pets, Seniors, Cars, Kids"",""url"":""https://m.media-amazon.com/images/S/vse-vms-transcoding-artifact-us-east-1-prod/a74cc741-5e04-44b6-ba7c-51bf9e3618b3/default.jobtemplate.hls.m3u8""},{""creator"":""Creator: Seller"",""duration"":""25s"",""image"":""https://m.media-amazon.com/images/I/61czzquGXUL.png"",""name"":""SpeedTalk Mobile"",""title"":""How to set the APN settings on your GPS tracker?"",""url"":""https://m.media-amazon.com/images/S/vse-vms-transcoding-artifact-us-east-1-prod/c621f761-1f1b-4d30-bfb8-0d495ca2a43d/default.jobtemplate.hls.m3u8""},{""creator"":""Creator: Customer"",""duration"":""77s"",""image"":""https://m.media-amazon.com/images/I/41HZW3A+VZL.jpg"",""name"":""Kevin Thompson"",""title"":""Perfect"",""url"":""https://m.media-amazon.com/images/S/vse-vms-transcoding-artifact-us-east-1-prod/8269e85a-f35a-4e2b-9073-cb87b0eed53b/default.vertical.jobtemplate.hls.m3u8""}]","no","no","","82","12.6","9.3","0.7","9","0","14","8.5","5.6","0.3","","","","","","","no","no","","no","no","no","no","","","no","-","","","","","50","2026/05/18","100","2025/02/27"
"3","3","3","3","0 %","0 %","0 %","0 %","","","","","","","","","Alarm-Card-Business-Security-System","","B01GUKDDBQ","","no","no","no","yes","no","no","no","yes","no","yes","no","no","no","no","no","no","no","no","no","no","no","no","no","no","no","no","no","no","no","no","no","no","no","no","no","yes","no","no","no","yes","no","no","no","com","https://m.media-amazon.com/images/I/41FrlbzvdZL.jpg;https://m.media-amazon.com/images/I/71RtRr-292S.jpg;https://m.media-amazon.com/images/I/71xRTg11YES.jpg;https://m.media-amazon.com/images/I/81cNX3ZS30L.jpg;https://m.media-amazon.com/images/I/71f98w+szFL.jpg;https://m.media-amazon.com/images/I/615LFqmIqwL.jpg;https://m.media-amazon.com/images/I/71yxeGBeF2L.jpg","","7","$5 Alarm SIM Card for GSM Home/Business Security Alarm System","","","30 Days wireless service. Alarm SIM is designed for users that need a minimal amount of airtime each month/year. Receive alerts from your wireless GSM home/Business security alarm system for a Low Cost Plan of $5.00.","250 Minutes Call or 250 SMS Texts or 250 MB Data. Triple cut SIM card to fit any device. Can be used as a standard-sized SIM, a Micro-sized SIM or a Nano-sized SIM card.","Supports majority of 2G 3G 4G 5G LTE GSM Alarm Systems.","EASY ACTIVATION: Valid credit card is needed at activation, No contracts, Cancel anytime. Speedtalk Mobile offers its services through subscription plans. You can also call us for assistance 7 days a week LIVE CUSTOMER SUPPORT when you call our toll-free number.","Our Service will work within the United States. Please check STKMap to view your network coverage.","","","","","","","","","","","","","","","","","","5273","200993","0","0","3.8","602","0","0","","","# 470 | Top 1.63% | Home Security Systems","","","","604","604","603","598","","","","","-","2026/03/06 16:56","2026/05/24 21:22","2026/05/04 03:44","5.00","","5.00","5.00","5.00","5.00","0 %","0 %","0 %","0 %","$ 0.00","0 %","5.00","4.88","9.75","","1 %","IN_STOCK","","-","","SpeedTalk Mobile (98%) / A13X3GVNM9G7YR","","0 %","0 %","0 %","0 %","100 %","99 %","99 %","99 %","1","1","1","1","-","-","-","8","8","8","yes","no","-","","no","no","no","yes","3","0","0","0","0","0","0","0","","","","","","","","","","","","","","","","100 %","1","1","no Amazon offer exists","","5.00","5.00","5.00","5.00","5.00","0 %","0 %","0 %","0 %","$ 0.00","0 %","5.00","3.70","9.75","0 %","","5.00","5.00","5.00","5.00","","","","","","","","4.88","9.75","","-","2.52","15 %","0.75","","","","","","","","","","","","","7.67","14.99","","-","","","","","","","","","","","","","","","","","","","","","","","","","","","","","","","no","","","","","","","","","","","","","","3.54","8.09","100 %","","","","","","","","","","","","","4.04","8.09","","","","","","","","","","","","","4.16","4.16","","","","","","","","","","","","","","","","","","","","","","","","","","","6.77","6.77","","","","","","","","","","","","","4.04","8.09","","","","","","","","","","","","","","","","","","","","","","","","","","","","","5.00","5.00","5.00","5.00","5.00","0 %","0 %","0 %","0 %","$ 0.00","0 %","5.00","5.00","9.75","","","","","","","","","","","","","","","7.99","7.99","7.99","7.99","6.82","0 %","0 %","0 %","0 %","$ 0.00","0 %","7.99","4.87","12.74","","","","","","","","","","","","","","","3","3","3","3","3","2","0 %","0 %","0 %","0 %","3","","","","","","","","","","","","","","","","","","","","","","","","","","","","2016/08/03","2016/06/10","https://www.amazon.com/dp/B01GUKDDBQ","https://keepa.com/#!product/1-B01GUKDDBQ","Electronics","Home Security Systems","Electronics › Security & Surveillance › Home Security Systems","Home Improvement","home_improvement_display_on_website","","0793052170417","","793052170417","9216","","","0","","","SIM_CARD","SpeedTalk Mobile","SpeedTalk Mobile","SpeedTalk Mobile","SpeedTalkMobile","https://www.amazon.com/stores/SpeedTalkMobile/page/F3D278F0-9F00-49C0-9A70-02C3A04B24F3","9216","","White","","1","Count","","","","","","home-security-systems","","","","","","","","","","1","","","","","3","yes","[{""creator"":""Creator: Main"",""duration"":""25s"",""image"":""https://m.media-amazon.com/images/I/91MwdmLDiPL.png"",""name"":""SpeedTalk Mobile"",""title"":""Introducing the triple-cut SIM card"",""url"":""https://m.media-amazon.com/images/S/vse-vms-transcoding-artifact-us-east-1-prod/d1e2733c-3c87-40ed-87d6-0c40f7b433d4/default.jobtemplate.hls.m3u8""}]","[{""creator"":""Creator: Customer"",""duration"":""22s"",""image"":""https://m.media-amazon.com/images/I/51mvNL8-loL.jpg"",""name"":""Jwade"",""title"":""So simple a child could use it"",""url"":""https://m.media-amazon.com/images/S/vse-vms-transcoding-artifact-us-east-1-prod/896883d8-6c73-4bfe-8528-5c18102ee036/default.vertical.jobtemplate.hls.m3u8""},{""creator"":""Creator: Seller"",""duration"":""41s"",""image"":""https://m.media-amazon.com/images/I/41D3oP7BD7L.jpg"",""name"":""SpeedTalk Mobile"",""title"":""SpeedTalk Mobile Security System Sim Card Alarm Plans"",""url"":""https://m.media-amazon.com/images/S/vse-vms-transcoding-artifact-us-east-1-prod/83160121-6387-43f5-90e7-11b91383f82a/default.jobtemplate.hls.m3u8""}]","yes","no","[{""fromManufacturer"":false,""module"":[{""image"":[""https://m.media-amazon.com/images/S/aplus-media-library-service-media/a4dbc2f4-0c8e-4f18-b64b-6fa8713acc4e.jpg""],""imageAltText"":[""sim card mobile hotspot portable wifi hotspot sim card for camera sim cards &amp; prepaid minutes""]},{""image"":[""https://m.media-amazon.com/images/S/aplus-media-library-service-media/cbdd7b52-5d7b-49c4-bbdb-1df1d6fcec82.jpg""],""imageAltText"":[""5g wifi hotspot micro sim card hotspot sim card gps tracker sim card us mobile sim card""]},{""image"":[""https://m.media-amazon.com/images/S/aplus-media-library-service-media/c43190d5-ad6d-45e7-9ff5-1524b61a1be5.jpg""],""imageAltText"":[""sim card for gps tracker prepaid data sim card ultra sim card sims card usa sim card wifi sim card""]},{""image"":[""https://m.media-amazon.com/images/S/aplus-media-library-service-media/78b90b96-30a4-44b0-811d-799e09f7e369.jpg"",""https://m.media-amazon.com/images/S/aplus-media-library-service-media/e51b647c-9e3a-473f-9c2a-d02f5b51954c.jpg"",""https://m.media-amazon.com/images/S/aplus-media-library-service-media/26aab930-991d-44a3-88d4-69dbc68a26f1.jpg"",""https://m.media-amazon.com/images/S/aplus-media-library-service-media/a24873e4-1944-4f1f-9c8a-f2c2c0f4bb16.jpg""],""imageAltText"":[""sims card for camera iot sim card 4g sim card pay as you go sim card sim card usa"",""nano sim card for gps tracker simple mobile sim card usmobile sim card simcard for camera"",""im cards for trail cameras sim card for trail camera sim card for portable wi-fi"",""sim card for dash cam sim card camera outdoor gps sim card gprs sim card buy a sim card""],""text"":[""Check Coverage"",""Check your physical location you use your device in our coverage map."",""Pick a Plan"",""Select from our available plans that best fit for your needs."",""SIM Card"",""Triple Cut SIM Card"",""Install SIM Card"",""Activate your AlarmSIM card, insert it, and turn on your device.""]},{""text"":[""1.)"",""No Contract / No Credit Check /No Activation fee."",""2.)"",""A new number is auto generated upon activation of service."",""3.)"",""Easy activation. SIM is TRI-CUT, Standard SIM, Micro SIM and Nano SIM. Just punch out the size you need for your wireless device."",""4.)"",""Nationwide lightning fast 5G 4G LTE service on GSM Network."",""5.)"",""Check Coverage at our website STKMap"",""6.)"",""To activate please visit us at ActivateSpeedTalk.""]},{""image"":[""https://m.media-amazon.com/images/S/aplus-media-library-service-media/88319df9-7a93-4292-af81-ec918a0877d4.png""],""imageAltText"":[""4g sim card for security camera alarm sim card""],""text"":[""Our service will only work within the United States. Roaming is not supported in our plans."",""Majority of Home/Business Security Systems today uses cellular technology to remotely communicate with these system and devices."",""if the Alarm System was set-up to report activity via text messaging then users will be notified via text messages. Another example, every time the system is Arm/DisArm, a text or voice call is transmitted remotely depending on how the system was set-up."",""NOTE: After SIM activation, it might take up to 24-hours for the GPRS and data settings to sync and update with your device. Make sure you turned on the power in your device, in a good reception area."",""SpeedTalk offers its services through subscription plans which auto-renew every 30 days. Service begins as soon as you activate your service. You’ll be charged the rate stated at the time of purchase, every month, until you cancel. There is No Contract, Cancellations can be made any time by contacting techinical support. A valid credit card is required to cover overages in case you exceed the applicable Voice, SMS and Data limits. To avoid overage charges, you should purchase the appropriate plan for your anticipated needs.""]}]}]","10","11.9","8.8","0.1","18","1","65","8.9","12.1","0.6","","","","","","","no","no","","no","no","no","no","","","no","-","","","","","50","2025/10/09","50","2023/11/08"
"2","2","2","2","0 %","0 %","0 %","0 %","","","","","","","","","GSM-SIM-Card-GPS-Trackers","","B07C32C7ZT","SpeedTalk Mobile $5 Preloaded GSM SIM Card 5G 4G LTE GPS Trackers Pet Kids Senior Vehicle Car Tracking Devices | 30 Days Wireless Service US Canada Mexico Roaming","no","no","no","yes","no","no","no","yes","no","yes","no","no","no","no","no","no","no","no","no","no","no","no","no","no","no","no","no","no","no","no","no","no","no","no","no","yes","no","no","no","yes","no","no","no","com","https://m.media-amazon.com/images/I/61xJ87okD3L.jpg;https://m.media-amazon.com/images/I/71rmmgkfalL.jpg;https://m.media-amazon.com/images/I/71xRTg11YES.jpg;https://m.media-amazon.com/images/I/71f98w+szFL.jpg;https://m.media-amazon.com/images/I/81oSWSIsGmL.jpg;https://m.media-amazon.com/images/I/81RZ9+YJ9iL.jpg;https://m.media-amazon.com/images/I/81cNX3ZS30L.jpg;https://m.media-amazon.com/images/I/615LFqmIqwL.jpg","","8","SpeedTalk Mobile $5Prepaid SIM Card for 5G 4G LTE GPS Trackers for Pet s, Kids, Senior, Vehicle OBD, IoT, Car Tracker Devices | 30 Days Wireless Service in The USA","","","📞 50 minutes talk, 100 SMS, 100MB data included: Plan valid for 30 days. SIM & Plan is compatible with any unlocked 5G, 4G LTE GPS Trackers, USA Nationwide 4G 5G LTE Network. Get a real USA number for voice calls.","U.S.A. Phone Number Included: Get your own U.S. number at activation. Choose a number from your ZIP code, or get one auto assigned to you. Powered by secure U.S.-based company and servers to keep your data protected.","📡 Compatible only with unlocked devices: Designed for GPS trackers, IoT devices, tablets, PCs, watches, pet trackers, security alarms, car locators, M2M devices and more. SIM kit is pre-cut in 3 sizes (standard, micro, nano) to fit any unlocked device.","⚙️ Easy activation: in 3 steps 1) Activate your SIM card online with a valid credit card, 2) Reprogram the APN in your GPS device, 3) Insert the SIM card while the device is powered off and then turn it on. You can also call us for assistance 7 days a week live technical support when you call our toll-free number.","💳 Subscription required: A valid credit card is needed at activation. No contracts, cancel anytime. Manage your prepaid GPS SIM plan easily through our website.","📱 Prepaid flexibility Track your voice, SMS, and data usage with no hidden fees. Choose from flexible renewable plans to meet your needs, all adjustable online.","","","","","36018","25700","27813","23175","16321","-2 %","-37 %","-30 %","-40 %","-18,070","-99 %","17948","1425","42484","22","100","3.3","3232","173","565","Electronics","ce_display_on_website","# 199 | Top 1.9% | GPS Trackers","50","0 %","","3231","3212","3181","3114","0 %","0 %","0 %","-1 %","363","2026/05/24 17:08","2026/05/26 07:24","2026/05/25 22:08","5.00","","5.02","5.01","4.84","4.92","0 %","0 %","0 %","0 %","$ 0.00","0 %","5.00","3.99","9.75","","0 %","IN_STOCK","","-","","SpeedTalk Mobile (98%) / A13X3GVNM9G7YR","","0 %","0 %","0 %","0 %","93 %","98 %","99 %","99 %","2","2","2","2","0.06","0.04","0.27","8","8","8","yes","no","-","","no","no","no","yes","2","0","0","0","0","0","0","0","","","","","","","","","","","","","","","","100 %","1","1","no Amazon offer exists","","5.00","5.00","5.00","4.83","4.92","0 %","0 %","0 %","0 %","$ 0.00","0 %","5.00","3.99","9.75","0 %","5.00","5.00","5.00","4.84","4.92","0 %","0 %","0 %","0 %","$ 0.00","0 %","5.00","3.99","9.75","","SpeedTalk Mobile (98%) / A13X3GVNM9G7YR","2.52","8 %","0.40","","","","","","","","","","","","","4.88","22.68","","-","","","","","","","","","","","","","","","","","","","","","","","","","","","","4.00","4.00","","no","","","","","","","","","","","","","","1.97","9.56","100 %","","","","","","","","","","","","","2.81","9.56","","","","","","","","","","","","","2.39","4.16","","","","","","","","","","","","","","","","","","","","","","","","","","","3.65","3.65","","","","","","","","","","","","","2.39","9.56","","","","","","","","","","","","","","","","","","","","","","","","","","","","","5.00","5.00","5.00","5.00","5.00","0 %","0 %","0 %","0 %","$ 0.00","0 %","5.00","5.00","9.75","","","","","","","","","","","","","","","6.64","6.64","7.04","7.11","6.38","0 %","0 %","0 %","6 %","$ 0.75","10 %","7.39","4.87","7.99","","","","","","","","","","","","","","","2","2","2","2","2","2","0 %","0 %","0 %","0 %","2","","","","","","","","","","","","","","","","","","","","","","","","","","","","2018/04/18","2018/04/10","https://www.amazon.com/dp/B07C32C7ZT?psc=1","https://keepa.com/#!product/1-B07C32C7ZT","Electronics","GPS Trackers","Electronics › GPS, Finders & Accessories › GPS Trackers","CE","ce_display_on_website","","0793052171384","","793052171384","FR-Screen-1109-14316","B0CY5YV9XR","B07C3H94R8,B07C32C7ZT,B07GL7CCLG","3","","B07933LMZW,B0DZMJV9CV","SIM_CARD","SpeedTalk Mobile","SpeedTalk Mobile","SpeedTalk Mobile","SpeedTalkMobile","https://www.amazon.com/stores/SpeedTalkMobile/page/F3D278F0-9F00-49C0-9A70-02C3A04B24F3","50 TALK, 100 TEXT, 100 MB DATA","Model: 50 TALK, 100 TEXT, 100 MB DATA;","","","","","","","","","","personal-gps-trackers","","","","","","","","","","1","","","","","4","yes","[{""creator"":""Creator: Main"",""duration"":""25s"",""image"":""https://m.media-amazon.com/images/I/91MwdmLDiPL.png"",""name"":""SpeedTalk Mobile"",""title"":""Introducing the triple-cut SIM card"",""url"":""https://m.media-amazon.com/images/S/vse-vms-transcoding-artifact-us-east-1-prod/d1e2733c-3c87-40ed-87d6-0c40f7b433d4/default.jobtemplate.hls.m3u8""}]","[{""creator"":""Creator: Seller"",""duration"":""41s"",""image"":""https://m.media-amazon.com/images/I/41NFdbC+dZL.jpg"",""name"":""SpeedTalk Mobile"",""title"":""SpeedTalk Mobile GPS Trackers Sim Card"",""url"":""https://m.media-amazon.com/images/S/vse-vms-transcoding-artifact-us-east-1-prod/70cb682b-4178-4065-a713-26512df32ae6/default.jobtemplate.hls.m3u8""},{""creator"":""Creator: Seller"",""duration"":""37s"",""image"":""https://m.media-amazon.com/images/I/8137n5X+TKL.png"",""name"":""SpeedTalk Mobile"",""title"":""SpeedTalk Mobile | GPS starter kit"",""url"":""https://m.media-amazon.com/images/S/vse-vms-transcoding-artifact-us-east-1-prod/adab819d-1f47-4dbe-8665-50553d2a9a7a/default.jobtemplate.hls.m3u8""},{""creator"":""Creator: Seller"",""duration"":""25s"",""image"":""https://m.media-amazon.com/images/I/61czzquGXUL.png"",""name"":""SpeedTalk Mobile"",""title"":""How to set the APN settings on your GPS tracker?"",""url"":""https://m.media-amazon.com/images/S/vse-vms-transcoding-artifact-us-east-1-prod/c621f761-1f1b-4d30-bfb8-0d495ca2a43d/default.jobtemplate.hls.m3u8""}]","yes","no","[{""fromManufacturer"":false,""module"":[{""asin"":[""B07C32C7ZT"",""B07GL7CCLG"",""B081DCSLWT"",""B09WGX8FKL""]},{""image"":[""https://m.media-amazon.com/images/S/aplus-media-library-service-media/f65bd1cc-c42f-4934-abb0-8c953afebb28.jpg""],""imageAltText"":[""tracker one gps for car sim card, tracker that uses sim, tracking chip for phone, tracking device""]},{""image"":[""https://m.media-amazon.com/images/S/aplus-media-library-service-media/6c912448-0f89-4c48-8cc8-18f5d4743fc8.png""],""imageAltText"":[""tracking device for elderly, tracking device for older adults, trackers for kids,tracker device,""],""text"":[""Our prepaid SIM card can be used with any unlocked 5G 4G LTE GSM device such as but not limited to:"",""GPS Trackers"",""GSM compatible GPS GPRS Trackers"",""Car, Motorcycle and Bike Trackers"",""Seniors, Kids, Adults and Personal GPS Trackers"",""Special Needs GPS Trackers"",""Pet, Dog and Cat Trackers"",""Fleet Trackers"",""Magnetic GPS Tracker for Vehicles and Trailers"",""Asset Trackers"",""Small Portable GPS Tracking Device"",""Lone Worker Trackers"",""Any Unlocked Cellular enabled GPS Trackers""]},{""image"":[""https://m.media-amazon.com/images/S/aplus-media-library-service-media/35ce3d1a-139b-4a90-ac59-ebf67b5b278b.png""],""imageAltText"":[""tracking device in wallet, tracking devices for cars, tracking devices for cars hidden""]},{""image"":[""https://m.media-amazon.com/images/S/aplus-media-library-service-media/3b15e8d1-7a83-4063-9ef3-1def41af1ebe.jpg""],""imageAltText"":[""tracking sim card, triple cut sim, two sim card phone unlocked, universal sim card kit""]},{""image"":[""https://m.media-amazon.com/images/S/aplus-media-library-service-media/aef23ce8-7c7c-46dc-b120-7a0f4015857f.png""],""imageAltText"":[""unlimited data only sim card, unlimited data plan, unlimited data sim, unlimited data sim card""],""text"":[""Majority of GSM GPS trackers today uses cellular technology to remotely communicate with these devices."",""You will need a SIM card to enable tracking services to work and communicate with the tracker remotely via the phone number associated with the SIM card. Some use text messaging to locate the tracker, other devices use data connection. Either way, our service offer voice call, text and nationwide 5G/4G LTE Data."",""Our service will only work within the United States. * International Roaming is available with purchase of international Add-on."",""Check Coverage at STKMap"",""To activate please visit us at ActivateSpeedTalk."",""NOTE: After SIM activation, it may take up to 24-hrs for the GPRS and data settings to sync and update with your device. Make sure you turned on the power of your device in an area with good signal reception."",""Enterprise, Corporate and Affiliate Accounts are available - online account management portal and API’s to manage multiple SIM cards within single account and one main airtime balance."",""SpeedTalk offers its services through subscription plans which auto-renew every 30 days. Service begins as soon as you activate your service. You'll be charged the rate stated at the time of purchase, every month, until you cancel. There is No Contract, Cancellations can be made any time by contacting technical support team. A valid credit card is required to cover overages in case you exceed the applicable Voice, SMS and Data limits. To avoid overage charges, you should purchase the appropriate plan for your anticipated needs.""]},{""image"":[""https://m.media-amazon.com/images/S/aplus-media-library-service-media/9a2dd11a-575d-4841-9eef-2b4a16d65971.png""],""imageAltText"":[""unlimited data sim card for router, unlocked phone sim, unlocked phone with sim""]}]}]","1253","12","8.7","12","9","1","14","8.5","5.6","0.3","","","","","","","no","no","","no","no","no","no","","","no","-","","","","","50","2026/02/02","1000","2023/10/24"
"1","1","1","1","0 %","0 %","0 %","0 %","","","","","","","","","Tracking-Senior-Child-Devices-Locators","","B074FD7XFR","","no","no","no","yes","no","no","no","yes","no","yes","no","no","no","no","no","no","no","no","no","no","no","no","no","no","no","no","no","no","no","no","no","no","no","no","no","yes","no","no","no","no","no","no","no","com","https://m.media-amazon.com/images/I/61D3y+ELPJL.jpg;https://m.media-amazon.com/images/I/71rmmgkfalL.jpg;https://m.media-amazon.com/images/I/81bYE7NWCtL.jpg;https://m.media-amazon.com/images/I/81oSWSIsGmL.jpg;https://m.media-amazon.com/images/I/71f98w+szFL.jpg;https://m.media-amazon.com/images/I/81RZ9+YJ9iL.jpg;https://m.media-amazon.com/images/I/615LFqmIqwL.jpg;https://m.media-amazon.com/images/I/71Lf1bNfH3L.jpg;https://m.media-amazon.com/images/I/71mIwZG8c0L.jpg","","9","SpeedTalk SIM Card for GPS Trackers Pet Kids Senior Vehicle Car Activity 4G LTE Tracking Devices | 30 Days Wireless Plan | 3 in 1 Simcard - Standard Micro Nano | No Contract | USA Canada Mexico","","","Plan includes 100 Minutes Talk + 100 SMS Text + 500MB 4G LTE Data for 30 days (US Domestic). Mexico-Canada Roaming Rate: 20 cents/Minute | 2 cents/Text | 4 cents/MB Data. Compatible with any 4G 5G LTE GSM devices.","U.S.A. Phone Number Included: Get your own U.S. number at activation. Choose a number from your ZIP code, or get one auto assigned to you. Powered by secure U.S.-based company and servers to keep your data protected.","Our service will connect you to our SpeedTalk Network and will work in over 200 Countries including the United States Canada, Mexico and internationally.","EASY ACTIVATION: Valid credit card is needed at activation, No contracts, Cancel anytime. Speedtalk Mobile offers its services through subscription plans. You can also call us for assistance 7 days a week LIVE CUSTOMER SUPPORT when you call our toll-free number.","Our SIM cards are designed for use in All Trackers, IoT devices, tablets, PCs, watches, pet trackers, security cameras, trail and game cameras for hunting, 4G routers, GPS devices, car locators, M2M Devices and more. This SIM kit is pre-cut in 3 sizes to fit any device: Standard, Micro and Nano sizes.","You have the option to port-in (keep) your existing phone number or get a new number upon activation. Activate and manage your account with our Mobile App, available for iOS, Android and Desktop.","","","","","176062","192025","189017","190263","173354","-12 %","-42 %","7 %","8 %","-46,291","-36 %","129771","69645","261311","1","6","3.3","200","15","41","Cell Phones & Accessories","wireless_display_on_website","# 397 | Top 5% | SIM Cards","","","","199","199","199","197","","","","","-","2025/07/04 15:32","2026/05/27 05:24","2026/05/05 15:12","10.00","","10.00","10.00","10.00","10.00","0 %","0 %","0 %","0 %","$ 0.00","0 %","10.00","7.00","13.99","3","0 %","IN_STOCK","","-","","SpeedTalk Mobile (98%) / A13X3GVNM9G7YR","","0 %","0 %","0 %","0 %","100 %","100 %","100 %","100 %","1","1","1","1","-","-","-","8","8","8","yes","no","-","","no","no","no","yes","1","0","0","0","0","0","0","0","","","","","","","","","","","","","","","","100 %","1","1","no Amazon offer exists","","10.00","10.00","10.00","10.00","10.00","0 %","0 %","0 %","0 %","$ 0.00","0 %","10.00","7.00","26.77","0 %","","10.00","10.00","10.00","10.00","","","","","","","","7.00","13.99","3","-","3.44","15 %","1.50","","","","","","","","","","","","","7.00","13.99","","-","","","","","","","","","","","","","","","","","","","","","","","","","","","","","","","no","","","","","","","","","","","","","","2.89","9.33","100 %","","","","","","","","","","","","","","","","","","","","","","","","","","","3.27","9.06","","","","","","","","","","","","","","","","","","","","","","","","","","","","","","","","","","","","","","","","","3.27","9.06","","","","","","","","","","","","","","","","","","","","","","","","","","","","","10.00","10.00","10.00","10.00","10.00","0 %","0 %","0 %","0 %","$ 0.00","0 %","10.00","10.00","13.99","","","","","","","","","","","","","0.84","0.84","","","","","","","","","","","","","","","","","","","","","","","","","","","","","1","1","1","1","1","1","0 %","0 %","0 %","0 %","1","","","","","","","","","","","","","","","","","","","","","","","","","","","","2017/08/26","2016/06/22","https://www.amazon.com/dp/B074FD7XFR","https://keepa.com/#!product/1-B074FD7XFR","Cell Phones & Accessories","SIM Cards","Cell Phones & Accessories › SIM Cards & Prepaid Minutes › SIM Cards","Wireless","wireless_display_on_website","","0793052169817","","793052169817","GPS-12321","","","0","","B07H946GG4","LOCATION_TRACKER","SpeedTalk Mobile","SpeedTalk Mobile","SpeedTalk Mobile","SpeedTalkMobile","https://www.amazon.com/stores/SpeedTalkMobile/page/F3D278F0-9F00-49C0-9A70-02C3A04B24F3",".","","","","","","","","","","Plastic","cell-phone-sim-cards","","","GPS Tracking, Asset Tracking, Car Tracking, Kid Tracking, Senior Tracking, Smart Watch Tracking, Alarm System Tracking, Mobile Hot Spot Tracking, Camera Tracking","","","","","","","","","","","","3","yes","[{""creator"":""Creator: Main"",""duration"":""25s"",""image"":""https://m.media-amazon.com/images/I/91MwdmLDiPL.png"",""name"":""SpeedTalk Mobile"",""title"":""Introducing the triple-cut SIM card"",""url"":""https://m.media-amazon.com/images/S/vse-vms-transcoding-artifact-us-east-1-prod/d1e2733c-3c87-40ed-87d6-0c40f7b433d4/default.jobtemplate.hls.m3u8""}]","[{""creator"":""Creator: Seller"",""duration"":""41s"",""image"":""https://m.media-amazon.com/images/I/41NFdbC+dZL.jpg"",""name"":""SpeedTalk Mobile"",""title"":""SpeedTalk Mobile Sim Card GPS Tracker Plans"",""url"":""https://m.media-amazon.com/images/S/vse-vms-transcoding-artifact-us-east-1-prod/e9a6de2d-2cba-4cbd-86a5-6299f126cab0/default.jobtemplate.hls.m3u8""},{""creator"":""Creator: Seller"",""duration"":""25s"",""image"":""https://m.media-amazon.com/images/I/61czzquGXUL.png"",""name"":""SpeedTalk Mobile"",""title"":""How to set the APN settings on your GPS tracker?"",""url"":""https://m.media-amazon.com/images/S/vse-vms-transcoding-artifact-us-east-1-prod/c621f761-1f1b-4d30-bfb8-0d495ca2a43d/default.jobtemplate.hls.m3u8""}]","yes","no","[{""fromManufacturer"":false,""module"":[{""asin"":[""B07C32C7ZT"",""B07GL7CCLG"",""B081DCSLWT"",""B09WGX8FKL""]},{""image"":[""https://m.media-amazon.com/images/S/aplus-media-library-service-media/f65bd1cc-c42f-4934-abb0-8c953afebb28.jpg""],""imageAltText"":[""tracker one gps for car sim card, tracker that uses sim, tracking chip for phone, tracking device""]},{""image"":[""https://m.media-amazon.com/images/S/aplus-media-library-service-media/6c912448-0f89-4c48-8cc8-18f5d4743fc8.png""],""imageAltText"":[""tracking device for elderly, tracking device for older adults, trackers for kids,tracker device,""],""text"":[""Our prepaid SIM card can be used with any unlocked 5G 4G LTE GSM device such as but not limited to:"",""GPS Trackers"",""GSM compatible GPS GPRS Trackers"",""Car, Motorcycle and Bike Trackers"",""Seniors, Kids, Adults and Personal GPS Trackers"",""Special Needs GPS Trackers"",""Pet, Dog and Cat Trackers"",""Fleet Trackers"",""Magnetic GPS Tracker for Vehicles and Trailers"",""Asset Trackers"",""Small Portable GPS Tracking Device"",""Lone Worker Trackers"",""Any Unlocked Cellular enabled GPS Trackers""]},{""image"":[""https://m.media-amazon.com/images/S/aplus-media-library-service-media/35ce3d1a-139b-4a90-ac59-ebf67b5b278b.png""],""imageAltText"":[""tracking device in wallet, tracking devices for cars, tracking devices for cars hidden""]},{""image"":[""https://m.media-amazon.com/images/S/aplus-media-library-service-media/3b15e8d1-7a83-4063-9ef3-1def41af1ebe.jpg""],""imageAltText"":[""tracking sim card, triple cut sim, two sim card phone unlocked, universal sim card kit""]},{""image"":[""https://m.media-amazon.com/images/S/aplus-media-library-service-media/aef23ce8-7c7c-46dc-b120-7a0f4015857f.png""],""imageAltText"":[""unlimited data only sim card, unlimited data plan, unlimited data sim, unlimited data sim card""],""text"":[""Majority of GSM GPS trackers today uses cellular technology to remotely communicate with these devices."",""You will need a SIM card to enable tracking services to work and communicate with the tracker remotely via the phone number associated with the SIM card. Some use text messaging to locate the tracker, other devices use data connection. Either way, our service offer voice call, text and nationwide 5G/4G LTE Data."",""Our service will only work within the United States. * International Roaming is available with purchase of international Add-on."",""Check Coverage at STKMap"",""To activate please visit us at ActivateSpeedTalk."",""NOTE: After SIM activation, it may take up to 24-hrs for the GPRS and data settings to sync and update with your device. Make sure you turned on the power of your device in an area with good signal reception."",""Enterprise, Corporate and Affiliate Accounts are available - online account management portal and API’s to manage multiple SIM cards within single account and one main airtime balance."",""SpeedTalk offers its services through subscription plans which auto-renew every 30 days. Service begins as soon as you activate your service. You'll be charged the rate stated at the time of purchase, every month, until you cancel. There is No Contract, Cancellations can be made any time by contacting technical support team. A valid credit card is required to cover overages in case you exceed the applicable Voice, SMS and Data limits. To avoid overage charges, you should purchase the appropriate plan for your anticipated needs.""]},{""image"":[""https://m.media-amazon.com/images/S/aplus-media-library-service-media/9a2dd11a-575d-4841-9eef-2b4a16d65971.png""],""imageAltText"":[""unlimited data sim card for router, unlocked phone sim, unlocked phone with sim""]}]}]","8","10.9","7.6","0.1","14","1","14","8.5","5.6","0.3","","SIM Card","","","","","no","no","","no","no","no","no","","","no","-","","","","","","","",""
"3","2","2","2","0 %","0 %","0 %","-50 %","1","1","1","1","0 %","0 %","0 %","0 %","SpeedTalk-Preloaded-Activity-Tracking-Simcard","","B07JYMMWR7","SpeedTalk Mobile SIM Card Kit for Kids Smart Watch","no","no","no","yes","no","no","no","yes","no","yes","no","yes","no","no","no","no","no","no","no","no","no","no","no","no","no","no","no","no","no","no","no","no","no","no","no","yes","no","no","no","no","no","no","no","com","https://m.media-amazon.com/images/I/41vh32RRYvL.jpg;https://m.media-amazon.com/images/I/71RtRr-292S.jpg;https://m.media-amazon.com/images/I/71xRTg11YES.jpg;https://m.media-amazon.com/images/I/81IhyUa3jKL.jpg;https://m.media-amazon.com/images/I/71f98w+szFL.jpg;https://m.media-amazon.com/images/I/81UtmmINOsL.jpg;https://m.media-amazon.com/images/I/615LFqmIqwL.jpg;https://m.media-amazon.com/images/I/71yxeGBeF2L.jpg","","8","SpeedTalk Mobile $5 Preloaded SIM Card Kit for Kids Smart Watch GPS & Activity Tracking | 3 in 1 Simcard - Standard, Micro, Nano | Children GSM 5G 4G LTE Smartwatches Wearables | 30 Days Service Plan","","","Kids Smart Watch Plan includes 50 Minutes & 100 Text & 100MB for 30 days","U.S.A. Phone Number Included: Get your own U.S. number at activation. Choose a number from your ZIP code, or get one auto assigned to you. Powered by secure U.S.-based company and servers to keep your data protected.","EASY ACTIVATION: valid credit card is needed at activation. 3 EASY steps. You can also call us for assistance available. 7 days a week LIVE CUSTOMER SUPPORT when you call our toll-free number. SpeedTalk Mobile offers its services through subscription plans.","SIM & Plan is compatible with 4G 5G LTE GSM Smartwatches and Wearables.","No Activation Fee. No Credit Check. No Contract. You have the option to port-in (keep) your existing phone number or get a new number upon activation. FREE Mobile App to manage your account","Our Service will work within the United States. Please check STKMap to view your network coverage. SpeedTalk Mobile offers its services through subscription plans which auto-renew every 30 days.","","","","","9216","9824","8817","11193","12188","-4 %","-17 %","-5 %","6 %","7,121","44 %","16337","2732","74744","23","87","3.4","1987","143","216","Cell Phones & Accessories","wireless_display_on_website","# 14 | Top 0.14% | SIM Cards","100","60 %","","1986","1973","1952","1930","0 %","0 %","0 %","-1 %","296","2026/04/15 16:28","2026/05/27 09:24","2026/05/27 09:24","5.00","","5.00","5.00","5.00","5.00","0 %","0 %","0 %","0 %","$ 0.00","0 %","5.00","5.00","9.99","3","0 %","IN_STOCK","","-","","SpeedTalk Mobile (98%) / A13X3GVNM9G7YR","","0 %","0 %","0 %","0 %","100 %","100 %","100 %","99 %","1","1","1","2","-","-","-","8","8","8","yes","no","-","","no","no","no","yes","3","0","0","0","0","0","0","0","","","","","","","","","","","","","","","","100 %","1","1","no Amazon offer exists","","5.00","5.00","5.00","5.00","5.00","0 %","0 %","0 %","0 %","$ 0.00","0 %","5.00","5.00","9.99","0 %","5.00","5.00","5.00","5.00","5.00","0 %","0 %","0 %","0 %","$ 0.00","0 %","5.00","5.00","9.99","9","SpeedTalk Mobile (98%) / A13X3GVNM9G7YR","2.52","15 %","0.75","9.98","9.98","9.98","9.98","9.98","0 %","0 %","0 %","0 %","","","","5.00","14.97","1","Padfender (0%) / A3899WBWPI5DF8","","","","","","","","","","","","","","","","","","","","","","","","","","","","","","","no","","","","","","","","","","","","","","4.00","9.29","100 %","","","","","","","","","","","","","4.00","4.75","","","","","","","","","","","","","4.00","4.60","","","","","","","","","","","","","","","","","","","","","","","","","","","","","","","","","","","","","","","","","4.00","4.75","","","","","","","","","","","","","","","","","","","","","","","","","","","","","5.00","5.00","5.00","5.00","5.00","0 %","0 %","0 %","0 %","$ 0.00","0 %","5.00","5.00","9.99","","","","","","","","","","","","","","","","","","","","","","","","","","","","","","","","","","","","","","","","","","","4","4","4","3","2","2","0 %","0 %","0 %","-33 %","3","","","","","","","","","","","","","","","","","","","","","","","","","","","","2018/11/03","2018/10/30","https://www.amazon.com/dp/B07JYMMWR7?psc=1","https://keepa.com/#!product/1-B07JYMMWR7","Cell Phones & Accessories","SIM Cards","Cell Phones & Accessories › SIM Cards & Prepaid Minutes › SIM Cards","Wireless","wireless_display_on_website","","0793052173029","","793052173029",".","B0GVQ4GNW5","B07JYMMWR7,B0GVQ4GL7R,B0GVPYMWWJ","3","","","SIM_CARD","SpeedTalk Mobile","Padfender","","","",".","SetName: $5 Kids smartwatch;","Original Version","","","","","","","","","cell-phone-sim-cards","","","","","","","","","","1","","","","","1","no","","[{""creator"":""Creator: Customer"",""duration"":""50s"",""image"":""https://m.media-amazon.com/images/I/31hHC+GLsQL.jpg"",""name"":""ying qing"",""title"":""smart watch by feaiki"",""url"":""https://m.media-amazon.com/images/S/vse-vms-transcoding-artifact-us-east-1-prod/cb629b2b-d791-4da5-ab48-19d237f0753c/default.jobtemplate.hls.m3u8""}]","yes","no","[{""fromManufacturer"":false,""module"":[{""asin"":[""B07JYMMWR7"",""B07FCWK5LC"",""B07K2HKJRN""]},{""image"":[""https://m.media-amazon.com/images/S/aplus-media-library-service-media/012aa921-6731-4345-820b-3231f41cc937.png""],""imageAltText"":[""tracker for kids, safe for kids, kids smart watches, digital watch for kids, trackers, watch kids""]},{""image"":[""https://m.media-amazon.com/images/S/aplus-media-library-service-media/088e0337-e942-41b7-ade1-f6a0c384d62f.png""],""imageAltText"":[""smart watch for kids 8-12, prepaid phone, reloj para niñas, sim, gps watch, gps para niños""]},{""image"":[""https://m.media-amazon.com/images/S/aplus-media-library-service-media/75b79715-4ae3-4a94-90fc-d207cbbde8eb.png""],""imageAltText"":[""tracfone prepaid card, kids watch with gps tracker, smart watches for kids, prepaid sim card""]},{""image"":[""https://m.media-amazon.com/images/S/aplus-media-library-service-media/bcda52bb-9309-4b3b-a391-d785c76eeaf5.png""],""imageAltText"":[""tracking device for kids, kids fitness watch, phone watch, gps watch for kids, smart watch kids""]},{""image"":[""https://m.media-amazon.com/images/S/aplus-media-library-service-media/cc5ebbfd-d6b1-4bfa-94b3-c8cdf76c1c23.png""],""imageAltText"":[""cellphones, tracphones prepaid phone, smartwatch that can call and text, nano sim card""]},{""image"":[""https://m.media-amazon.com/images/S/aplus-media-library-service-media/1624e0c1-deb9-459a-930f-583b66a6c8c8.png"",""https://m.media-amazon.com/images/S/aplus-media-library-service-media/5eb5fee1-f334-47b1-9dc3-11dd5951fde5.png"",""https://m.media-amazon.com/images/S/aplus-media-library-service-media/1f6f2929-fbf3-48e1-9795-46b975df4692.png"",""https://m.media-amazon.com/images/S/aplus-media-library-service-media/f527ad6b-142a-4d8e-a931-dee81dbe33b0.png""],""imageAltText"":[""smart watch no phone needed, reloj inteligente para niñas, kid smart watch, prepaid phones"",""gsm unlocked phones, phone kids, kids smartwatch, prepaid sim card usa, kids gps tracker watch"",""smart watch for kids call and text, cheap cell phone, smartwatch kids, verizon sim card"",""talk and text only cell phone, tracphone, trackers for kids, watch for kids 10-12, sim cards""]}]}]","340","21.9","9.7","1.6","20","1","14","8.5","5.6","0.3","18","","","","","","no","no","","no","no","no","no","","","no","-","","","5 %","1","100","2026/05/26","500","2026/01/04"
"4","4","4","4","0 %","0 %","0 %","0 %","","","","","","","","","GPS-Tracker-Triple-Card-Starter","","B07933LMZW","SpeedTalk Mobile SIM Card Starter Kit, Smartphone Cell Phone, GPS Tracker and IoT, Plan Starting at $5 Prepaid, Data, Talk and Text, High Speed 5G 4G LTE, Android iOS, USA","no","no","no","no","no","no","no","no","no","no","no","no","no","no","no","no","no","no","no","no","no","no","no","no","no","no","no","no","no","no","no","no","no","no","no","yes","no","no","no","no","no","yes","no","com","https://m.media-amazon.com/images/I/71WdSY7YLNL.jpg;https://m.media-amazon.com/images/I/71vooBnwmmL.jpg;https://m.media-amazon.com/images/I/71f8EAjLeGL.jpg;https://m.media-amazon.com/images/I/71JtWlqMa4L.jpg;https://m.media-amazon.com/images/I/71f98w+szFL.jpg;https://m.media-amazon.com/images/I/81RZ9+YJ9iL.jpg;https://m.media-amazon.com/images/I/81uGozLEYML.jpg;https://m.media-amazon.com/images/I/71b2hUr7rAL.jpg;https://m.media-amazon.com/images/I/5122g4IpynL.jpg","","9","SpeedTalk Mobile GPS Tracker SIM Card Starter Kit | 3 in 1 Universal Simcard: Standard, Micro, Nano for Kids Senior Pet Car Fitness Activity 5G 4G LTE Tracking Devices | No Contract","","","Compatible with SpeedTalk Mobile, can be activated using any of the available nationwide wireless service plans. A valid SpeedTalk Mobile service plan is required to complete activation. Plans are available separately and are not included with this SIM card.","U.S.A. Phone Number Included: Get your own U.S. number at activation. Choose a number from your ZIP code, or get one auto assigned to you. Powered by secure U.S.-based company and servers to keep your data protected.","Our service will connect you to our SpeedTalk Network and will work within the United States","Easy Activation: Subscription required with valid credit card at activation. No contracts, Cancel anytime. Speedtalk Mobile offers its services through subscription plans. You can also call us for assistance 7 days a week technical support when you call our toll-free number. You can send us an email, message, or call us for assistance. Our live customer technical support is available 7 days a week by phone, chat and email.","Our sim cards are designed for use in All unlocked gps Trackers, iot devices, tablets, pc, watches, pet trackers, security cameras, trail and game cameras for hunting, 4G routers, gps devices, car locators, m2m devices and more. This sim kit is pre-cut in 3 sizes to fit any device: Standard, Micro and Nano sizes.","You have the option to port-in (keep) your existing phone number or get a new number upon activation. Activate and manage your account on our website","","","","","8382","7793","8033","8128","6260","8 %","7 %","-4 %","-8 %","-1,501","-22 %","6881","1001","18850","44","276","3.4","5073","544","1106","Electronics","ce_display_on_website","# 35 | Top 0.48% | GPS Trackers","200","41 %","","5064","4919","4904","4802","0 %","0 %","0 %","-3 %","590","2026/05/12 09:44","2026/05/26 15:18","2026/05/26 00:28","2.95","","2.93","2.39","2.48","2.31","0 %","0 %","-1 %","-23 %","$ 0.30","9 %","3.25","0.95","4.99","3","1 %","IN_STOCK","","-","","SpeedTalk Mobile (98%) / A13X3GVNM9G7YR","","0 %","0 %","0 %","0 %","100 %","99 %","99 %","89 %","1","2","3","4","0.02","0.47","0.73","8","61","85","yes","no","-","","no","no","no","yes","4","0","0","0","0","0","0","0","","","","","","","","","","","","","","","","100 %","1","1","no Amazon offer exists","","2.95","2.93","2.39","2.47","2.31","0 %","0 %","-1 %","-23 %","$ 0.30","9 %","3.25","0.79","4.99","0 %","2.95","2.93","2.39","2.47","2.31","0 %","0 %","-1 %","-23 %","$ 0.05","2 %","3.00","0.95","4.99","9","SpeedTalk Mobile (98%) / A13X3GVNM9G7YR","2.52","10.17 %","0.30","","","","","","","","","","","","","1.38","11.59","","-","","","","","","","","","","","","","","","","","","","","","","","","","","","","","","","no","","","","","","","","","","","","","","0.92","4.64","100 %","","","","","","","","","","","","","0.99","2.78","","","","","","","","","","","","","0.96","4.64","","","","","","","","","","","","","2.35","2.42","","","","","","","","","","","","","1.58","2.06","","","","","","","","","","","","","0.92","4.64","","","","","","","","","","","","","","","","","","","","","","","","","","","","","1.38","1.38","1.38","1.38","1.38","0 %","0 %","0 %","0 %","$ 0.00","0 %","1.38","1.38","4.99","","","","","","","","","","","","","","","4.61","4.09","3.78","3.65","3.09","0 %","0 %","-13 %","-22 %","$ -1.50","-48 %","3.11","0.99","5.15","3.97","3.97","3.97","3.97","3.37","0 %","0 %","0 %","0 %","$ 0.00","0 %","3.97","2.50","3.97","4","4","4","4","4","4","0 %","0 %","0 %","0 %","4","","","","","","","","","","","","","","","","","","","","","","","","","","","","2018/02/06","2018/01/17","https://www.amazon.com/dp/B07933LMZW?psc=1","https://keepa.com/#!product/1-B07933LMZW","Electronics","GPS Trackers","Electronics › GPS, Finders & Accessories › GPS Trackers","CE","ce_display_on_website","","0793052168612","","793052168612","ES-SPJS-1109-14277","B0GVQ39MV6","B07933LMZW,B084RY26BN,B0F2JKL14S","3","","","SIM_CARD","SpeedTalk Mobile","SpeedTalk Mobile","SpeedTalk Mobile","SpeedTalkMobile","https://www.amazon.com/stores/SpeedTalkMobile/page/F3D278F0-9F00-49C0-9A70-02C3A04B24F3","GPS tracker SIM Kit","SetName: GPS Tracker Sim Card;","","","1","Count","","","","","","gps-trackers","","","","","","","","","","1","","","","","4","yes","[{""creator"":""Creator: Main"",""duration"":""25s"",""image"":""https://m.media-amazon.com/images/I/61czzquGXUL.png"",""name"":""SpeedTalk Mobile"",""title"":""How to set the APN settings on your GPS tracker?"",""url"":""https://m.media-amazon.com/images/S/vse-vms-transcoding-artifact-us-east-1-prod/c621f761-1f1b-4d30-bfb8-0d495ca2a43d/default.jobtemplate.hls.m3u8""}]","[{""creator"":""Creator: Seller"",""duration"":""41s"",""image"":""https://m.media-amazon.com/images/I/41NFdbC+dZL.jpg"",""name"":""SpeedTalk Mobile"",""title"":""SpeedTalk Mobile GPS Trackers Sim Card"",""url"":""https://m.media-amazon.com/images/S/vse-vms-transcoding-artifact-us-east-1-prod/70cb682b-4178-4065-a713-26512df32ae6/default.jobtemplate.hls.m3u8""},{""creator"":""Creator: Seller"",""duration"":""123s"",""image"":""https://m.media-amazon.com/images/I/617MlXX145L.png"",""name"":""SpeedTalk Mobile"",""title"":""How to insert your SIM Card?"",""url"":""https://m.media-amazon.com/images/S/vse-vms-transcoding-artifact-us-east-1-prod/v2/b3da0dc2-0ad0-5ff7-bd22-ff68cc96ef37/ShortForm-Generic-480p-16-9-1409173089793-rpcbe5.mp4""},{""creator"":""Creator: Seller"",""duration"":""36s"",""image"":""https://m.media-amazon.com/images/I/81Q2VicV05L.png"",""name"":""SpeedTalk Mobile"",""title"":""New Starter Kit GPS"",""url"":""https://m.media-amazon.com/images/S/vse-vms-transcoding-artifact-us-east-1-prod/aef746a5-8957-4562-8966-3d2a835465da/default.jobtemplate.hls.m3u8""}]","yes","no","[{""fromManufacturer"":false,""module"":[{""asin"":[""B07C32C7ZT"",""B07GL7CCLG"",""B081DCSLWT"",""B09WGX8FKL""]},{""image"":[""https://m.media-amazon.com/images/S/aplus-media-library-service-media/f65bd1cc-c42f-4934-abb0-8c953afebb28.jpg""],""imageAltText"":[""tracker one gps for car sim card, tracker that uses sim, tracking chip for phone, tracking device""]},{""image"":[""https://m.media-amazon.com/images/S/aplus-media-library-service-media/6c912448-0f89-4c48-8cc8-18f5d4743fc8.png""],""imageAltText"":[""tracking device for elderly, tracking device for older adults, trackers for kids,tracker device,""],""text"":[""Our prepaid SIM card can be used with any unlocked 5G 4G LTE GSM device such as but not limited to:"",""GPS Trackers"",""GSM compatible GPS GPRS Trackers"",""Car, Motorcycle and Bike Trackers"",""Seniors, Kids, Adults and Personal GPS Trackers"",""Special Needs GPS Trackers"",""Pet, Dog and Cat Trackers"",""Fleet Trackers"",""Magnetic GPS Tracker for Vehicles and Trailers"",""Asset Trackers"",""Small Portable GPS Tracking Device"",""Lone Worker Trackers"",""Any Unlocked Cellular enabled GPS Trackers""]},{""image"":[""https://m.media-amazon.com/images/S/aplus-media-library-service-media/35ce3d1a-139b-4a90-ac59-ebf67b5b278b.png""],""imageAltText"":[""tracking device in wallet, tracking devices for cars, tracking devices for cars hidden""]},{""image"":[""https://m.media-amazon.com/images/S/aplus-media-library-service-media/3b15e8d1-7a83-4063-9ef3-1def41af1ebe.jpg""],""imageAltText"":[""tracking sim card, triple cut sim, two sim card phone unlocked, universal sim card kit""]},{""image"":[""https://m.media-amazon.com/images/S/aplus-media-library-service-media/aef23ce8-7c7c-46dc-b120-7a0f4015857f.png""],""imageAltText"":[""unlimited data only sim card, unlimited data plan, unlimited data sim, unlimited data sim card""],""text"":[""Majority of GSM GPS trackers today uses cellular technology to remotely communicate with these devices."",""You will need a SIM card to enable tracking services to work and communicate with the tracker remotely via the phone number associated with the SIM card. Some use text messaging to locate the tracker, other devices use data connection. Either way, our service offer voice call, text and nationwide 5G/4G LTE Data."",""Our service will only work within the United States. * International Roaming is available with purchase of international Add-on."",""Check Coverage at STKMap"",""To activate please visit us at ActivateSpeedTalk."",""NOTE: After SIM activation, it may take up to 24-hrs for the GPRS and data settings to sync and update with your device. Make sure you turned on the power of your device in an area with good signal reception."",""Enterprise, Corporate and Affiliate Accounts are available - online account management portal and API’s to manage multiple SIM cards within single account and one main airtime balance."",""SpeedTalk offers its services through subscription plans which auto-renew every 30 days. Service begins as soon as you activate your service. You'll be charged the rate stated at the time of purchase, every month, until you cancel. There is No Contract, Cancellations can be made any time by contacting technical support team. A valid credit card is required to cover overages in case you exceed the applicable Voice, SMS and Data limits. To avoid overage charges, you should purchase the appropriate plan for your anticipated needs.""]},{""image"":[""https://m.media-amazon.com/images/S/aplus-media-library-service-media/9a2dd11a-575d-4841-9eef-2b4a16d65971.png""],""imageAltText"":[""unlimited data sim card for router, unlocked phone sim, unlocked phone with sim""]}]}]","43","12.2","8.9","0.4","14","1","14","8.5","5.6","0.3","3","","","","","","no","no","","no","no","no","no","","","no","-","","","","","200","2026/05/24","1000","2023/10/20"
"1","1","1","1","0 %","0 %","0 %","0 %","1","1","1","1","0 %","0 %","0 %","0 %","SpeedTalk-Mobile-Smart-Watch-Card","","B0FCHPQSWB","SpeedTalk Mobile Smart Watch SIM Card Kit – 5G 4G LTE Wearables | Unlimited Talk and Text 2GB Data | 3-in-1 Triple-Cut SIM | Prepaid Plan | smartwatch Service","no","no","no","no","no","no","no","no","no","no","yes","yes","no","no","no","no","no","no","no","no","no","no","no","no","no","no","no","no","no","no","no","no","no","no","yes","yes","no","no","no","no","no","no","no","com","https://m.media-amazon.com/images/I/61x7p32aKbL.jpg;https://m.media-amazon.com/images/I/61xEUcrajKL.jpg;https://m.media-amazon.com/images/I/71N2WNJmAzL.jpg;https://m.media-amazon.com/images/I/71f98w+szFL.jpg;https://m.media-amazon.com/images/I/71Z+RTvOEWL.jpg;https://m.media-amazon.com/images/I/71LnFdaMVHL.jpg;https://m.media-amazon.com/images/I/61wTbNTk+KL.jpg;https://m.media-amazon.com/images/I/61d+6DxJ61L.jpg","","8","SpeedTalk Mobile Smartwatch SIM Card Kit – 5G 4G LTE Wearables | Unlimited Talk and Text 2GB Data | 3-in-1 Triple-Cut SIM | Prepaid Plan | Smartwatch & Wearable Wireless Service","","","📦 Plan includes Unlimited Talk and Text, 2GB Data for 30 days. Compatible with any 5G 4G LTE Wearable and Smartwatch devices.","🇺🇸 U.S.A. Phone Number Included: Get your own U.S. number at activation. Choose a number from your ZIP code, or get one auto assigned to you. Powered by secure U.S.-based company and servers to keep your data protected.","⌚ Designed for Smartwatches – Optimized SIM card made specifically for 4G LTE GSM-enabled smartwatches and wearables.","🔄 3-in-1 SIM Card – Includes Standard, Micro, and Nano SIM sizes. Easy punch-out for instant installation.","🚫 No Contracts, No Credit Check – 100% prepaid Subscription plan. Cancel anytime. No hidden fees.","","","","","","18794","21449","13426","22568","22568","-25 %","-35 %","-40 %","12 %","-2,601","-16 %","16193","9107","46419","16","48","3.3","12007","80","80","Cell Phones & Accessories","wireless_display_on_website","# 38 | Top 0.26% | SIM Cards","50","11 %","","12017","6229","3131","1801","","","","","17","2026/04/21 19:44","2026/05/23 04:44","2026/05/23 04:44","11.00","","11.00","11.35","11.18","11.12","0 %","0 %","0 %","3 %","$ 0.00","0 %","11.00","8.25","13.99","","1 %","IN_STOCK","","-","","SpeedTalk Mobile (98%) / A13X3GVNM9G7YR","","0 %","0 %","0 %","0 %","100 %","100 %","99 %","100 %","1","1","1","1","-","1.43","0.99","8","72","69","yes","no","-","","no","no","no","yes","1","1","0","0","0","0","0","0","","","","","","","","","","","","","","","","100 %","1","1","no Amazon offer exists","","11.00","11.00","10.80","10.90","10.95","0 %","0 %","0 %","-2 %","$ 0.00","0 %","11.00","8.25","11.00","0 %","","11.00","10.80","10.90","10.95","","","","","","","","8.25","11.00","","-","3.44","8 %","0.88","","13.99","13.99","13.99","13.99","","","","","","","","13.99","13.99","","-","","","","","","","","","","","","","","","","","","","","","","","","","","","","","","","no","","","","","","","","","","","","","","","","100 %","","","","","","","","","","","","","","","","","","","","","","","","","","","","","","","","","","","","","","","","","","","","","","","","","","","","","","","","","","","","","","","","","","","","","","","","","","","","","","","","","","","","","","","","","","","","","","","","","","","20.00","20.00","20.00","20.00","20.00","0 %","0 %","0 %","0 %","$ 0.00","0 %","20.00","20.00","20.00","","","","","","","","","","","","","","","","","","","","","","","","","","","","","","","","","","","","","","","","","","","2","2","2","2","1","1","0 %","0 %","0 %","0 %","1","","","","","","","","","","","","","","","","","","","","","","","","","","","","2025/06/12","2025/06/10","https://www.amazon.com/dp/B0FCHPQSWB?psc=1","https://keepa.com/#!product/1-B0FCHPQSWB","Cell Phones & Accessories","SIM Cards","Cell Phones & Accessories › SIM Cards & Prepaid Minutes › SIM Cards","Wireless","wireless_display_on_website","","0850074527350","","850074527350","","B0GW9FQY13","B07CZR5N25,B0FCHPQSWB","2","","","SIM_CARD","SpeedTalk Mobile","SpeedTalk Mobile","SpeedTalk Mobile","SpeedTalkMobile","https://www.amazon.com/stores/SpeedTalkMobile/page/F3D278F0-9F00-49C0-9A70-02C3A04B24F3","","SetName: $11 Prepaid Smart Watch SIM Card;","","","1","Count","","","","","","cell-phone-sim-cards","","","","","","","","","","1","","","","","1","yes","[{""creator"":""Creator: Main"",""duration"":""35s"",""image"":""https://m.media-amazon.com/images/I/B1dDkjshcjL.png"",""name"":""SpeedTalk Mobile"",""title"":""SpeedTalk Mobile | Smart Watch"",""url"":""https://m.media-amazon.com/images/S/vse-vms-transcoding-artifact-us-east-1-prod/4d551d9f-2934-4f2a-8ef0-434276bc28e3/default.jobtemplate.hls.m3u8""}]","","yes","no","[{""fromManufacturer"":false,""module"":[{""asin"":[""B07HZYDVSX"",""B0FCHPQSWB"",""B0CSHRP6SX"",""B0CLWSGD3V""]},{""image"":[""https://m.media-amazon.com/images/S/aplus-media-library-service-media/5c563cab-d1cb-4591-bbb6-789cf147feb1.png""],""imageAltText"":[""sim card""]},{""image"":[""https://m.media-amazon.com/images/S/aplus-media-library-service-media/87f7ba15-2855-4043-b70b-cc798a96acd3.png""],""imageAltText"":[""phone plane, smart watch card, sim card smartband, phone service""],""text"":[""Coast-to-Coast 5G 4G LTE Connection."",""5G 4G LTE Nationwide Coverage Across the United States."",""Stay connected across the USA with SpeedTalk’s 5G 4G LTE SIM card. Designed for smartwatches, our service ensures a strong, consistent signal coast to coast. Enjoy voice, text, and data coverage for your device.""]},{""image"":[""https://m.media-amazon.com/images/S/aplus-media-library-service-media/e3c1f970-9735-47fc-a3dd-3ff6882085e0.png"",""https://m.media-amazon.com/images/S/aplus-media-library-service-media/4f0c1563-8bc2-4e33-9106-2e99f8084f17.png"",""https://m.media-amazon.com/images/S/aplus-media-library-service-media/e4f17386-fc02-4ee4-8988-44310bd84a55.png""],""imageAltText"":[""cellphones tracphones prepaid phone smartwatch that can call and text smart watch no phone needed"",""desk"",""costumer service""],""text"":[""2"",""Overview"",""3"",""3 in 1 SIM Card"",""4"",""Costumer Service"",""SpeedTalk’s SIM card."",""Perfect SIM Solution for Smartwatch Connectivity."",""Designed for smartwatches."",""Supports voice calls, text messaging. Easy activation, no contracts."",""Nano, Micro, and Standard"",""Universal 3-in-1 SIM Card – Fits All Watch Sizes."",""Our 3 in 1 SIM that fits most kids and seniors smartwatches."",""Easily pop out the size you need."",""By chat, email and phone."",""We’re Here to Help 7 Days a Week."",""Our dedicated team is available to guide you through activation, troubleshooting, and more.""]},{""image"":[""https://m.media-amazon.com/images/S/aplus-media-library-service-media/bab4a325-eac5-451e-bb37-d0bcea0dc8e9.png""],""imageAltText"":[""activation process""],""text"":[""Simple Activation in Just a Few Easy Steps""]},{""text"":[""How do I activate my SpeedTalk SIM card?"",""Activation is simple! Visit our website and follow the instructions. You’ll need the SIM card number to complete the process."",""Is the SIM card compatible with any smartwatch?"",""The SIM card works with most unlocked 4G LTE smartwatches. Make sure your device supports GSM networks for full compatibility with SpeedTalk Mobile."",""What coverage does SpeedTalk Mobile offer?"",""SpeedTalk uses a nationwide 4G LTE network, providing reliable coverage across the U.S. for voice, text, and data services on your smartwatch."",""Can I keep my current phone number?"",""Yes, you can keep your phone number or get a new one. Porting is available during activation. Just follow the instructions and have your current account info ready for a smooth transfer."",""What is the refund policy for the SIM card?"",""Refunds are available within 14 days of activation. No refunds if you use over 30 mins, 15 texts, or 30MB. SIMs bought via SpeedTalk’s Amazon store follow their terms & conditions.""]},{""text"":[""The video showcases the product in use."",""The video guides you through product setup."",""The video compares multiple products."",""The video shows the product being unpacked."",""Speedtalk Smartwatch sim card"",""Merchant Video""],""video"":[""https://m.media-amazon.com/images/S/vse-vms-transcoding-artifact-us-east-1-prod/9fbf305a-45a2-4470-8658-22b8aa39f8b8/default.jobtemplate.hls.m3u8""]}]}]","145","16.4","9.8","0.9","41","","","","","","","","","","","","no","no","","no","no","no","no","","","no","-","","","","1","50","2026/05/26","200","2025/12/26"
"1","1","1","1","0 %","0 %","0 %","0 %","","","","","","","","","SpeedTalk-Mobile-Cellular-Phones-Cellphones","","B0BS1W6HJM","SpeedTalk Mobile $5 Prepaid Wireless Pay Go Plan for Smartphones & Cellphones | 5G 4G LTE | Triple Cut (Mini,Micro,Nano) Sim Card | No Contract | 30-Day Service","no","no","no","no","no","no","no","no","no","no","no","no","no","no","no","no","no","no","no","no","no","no","no","no","no","no","no","no","no","no","no","no","no","no","no","yes","no","no","no","no","no","no","no","com","https://m.media-amazon.com/images/I/81pbGIlnDHL.jpg;https://m.media-amazon.com/images/I/71Fy5mjB3NL.jpg;https://m.media-amazon.com/images/I/71hiRhDWbcL.jpg;https://m.media-amazon.com/images/I/71f98w+szFL.jpg;https://m.media-amazon.com/images/I/71Wv4gAWmRL.jpg;https://m.media-amazon.com/images/I/71AHwAPxuEL.jpg;https://m.media-amazon.com/images/I/814RXRcnWCL.jpg;https://m.media-amazon.com/images/I/81muDQlXlAL.jpg;https://m.media-amazon.com/images/I/71LdC5+UaKL.jpg","","9","SpeedTalk Prepaid Phone Plan – Unlimited Talk & Text + 3GB - 5G 4G LTE Data – SIM Card for Unlocked Cell Phones & Smartphones – Bring Your Own Phone – 30 Day Nationwide Wireless Service","","","Affordable Prepaid: Enjoy reliable cellular service with our $11 prepaid plan. Includes unlimited talk & text plus 3GB of data. NO CONTRACTS, CANCEL ANYTIME, NO CREDIT CHECKS","EASY ACTIVATION:Valid credit card is needed at activation, No contracts, Cancel anytime. Speedtalk Mobile offers its services through subscription plans. You can also call us for assistance 7 days a week LIVE CUSTOMER SUPPORT when you call our toll-free number.","UNIVERSAL COMPATIBILITY: Bring your own phone allows you to use any compatible cell phone on the SpeedTalk Mobile network. The Sim Card can be used to ACTIVATE ANY UNLOCKED 5G 4G LTE and VoLTE COMPATIBLE PHONE including iPhones, Androids Samsung Galaxy, Google Pixel, LG, Windows, and non-smartphones. Our Triple Cut Sim Card is designed in 3 different sizes (MINI/MICRO/NANO) to ensure that you can use it with a variety of devices. Just punch out the size that fits your device and insert it.","Our SIM card can be used with unlocked 4G 5G smartphones, Apple iPhone, Android phones, Samsung Galaxy, Google Pixel, LG, Windows, GSM devices, such as but not limited to GSM Unlock Cellular Phones.","HOW DOES THIS WORK: The SIM Kit includes a 3-in-1 SIM card (standard, micro, and nano sizes) to fit all SIM Devices and supports eSIM activation on Apple, Google, and Samsung devices(please see device chart in this listing). Activation is required to begin SpeedTalk Mobile service.","eSIM: Bring your own unlocked phone, keep your current number (or get a new one), and activate online. Use the ICCID number on the SIM card delivered to you for both Physical SIM and eSIM activations. eSIM available on all iPhone 11 and newer, Google phones Pixel 2 or higher, and Samsung phones.","KEEP YOUR PHONE NUMBER: Stay in touch with your existing contacts without a big monthly bill. We offer the option to keep your existing phone number or get a new one at no extra charge.","PREMIUM NATIONWIDE COVERAGE: Forget about dropped calls, loading issues or slow data speeds. SpeedTalk Mobile provides 5G 4G LTE NATIONWIDE COVERAGE including Hawaii, Puerto Rico, and US Virgin Islands on the LARGEST AND FASTEST NETWORK. You can check specific network ranges on the SpeedTalk Mobile Coverage Map.","","","4724","4604","4155","6557","44062","-5 %","-14 %","-14 %","-3 %","5,356","53 %","10080","3315","817385","29","200","3.4","3134","284","369","Cell Phones & Accessories","wireless_display_on_website","# 29 | Top 0.27% | SIM Cards","100","-9 %","","3129","3114","3093","2092","0 %","0 %","0 %","-1 %","10","2026/04/01 16:52","2026/05/26 22:52","2026/05/26 18:02","11.00","","11.00","10.82","10.91","10.76","0 %","0 %","0 %","-2 %","$ 0.00","0 %","11.00","8.25","11.00","3","1 %","IN_STOCK","","-","","SpeedTalk Mobile (98%) / A13X3GVNM9G7YR","","0 %","0 %","0 %","0 %","100 %","100 %","100 %","100 %","1","1","1","1","-","0.69","0.70","8","61","61","yes","no","-","","no","no","no","yes","1","0","0","0","0","0","0","0","","","","","","","","","","","","","","","","100 %","1","1","no Amazon offer exists","","11.00","11.00","10.82","10.91","10.76","0 %","0 %","0 %","-2 %","$ 0.00","0 %","11.00","8.25","11.00","0 %","11.00","11.00","10.82","10.91","10.80","0 %","0 %","0 %","-2 %","$ 0.00","0 %","11.00","8.25","11.00","3","SpeedTalk Mobile (98%) / A13X3GVNM9G7YR","3.44","15 %","1.65","","","","","","","","","","","","","","","","-","","","","","","","","","","","","","","","","","","","","","","","","","","","","","","","no","","","","","","","","","","","","","","","","100 %","","","","","","","","","","","","","","","","","","","","","","","","","","","","","","","","","","","","","","","","","","","","","","","","","","","","","","","","","","","","","","","","","","","","","","","","","","","","","","","","","","","","","","","","","","","","","","","","","","","11.00","11.00","11.00","11.00","11.00","0 %","0 %","0 %","0 %","$ 0.00","0 %","11.00","11.00","11.00","","","","","","","","","","","","","","","","","","","","","","","","","","","","","","","","","","","","","","","","","","","1","1","1","1","1","1","0 %","0 %","0 %","0 %","1","","","","","","","","","","","","","","","","","","","","","","","","","","","","2023/01/11","2023/01/10","https://www.amazon.com/dp/B0BS1W6HJM?psc=1","https://keepa.com/#!product/1-B0BS1W6HJM","Cell Phones & Accessories","SIM Cards","Cell Phones & Accessories › SIM Cards & Prepaid Minutes › SIM Cards","Wireless","wireless_display_on_website","","0850043471332","","850043471332","","B0FRWN5W3V","B07G9P5ZBW,B0BS1W6HJM,B0CLX2QN4Q","3","","","SIM_CARD","SpeedTalk Mobile","SpeedTalk Mobile","SpeedTalk Mobile","SpeedTalkMobile","https://www.amazon.com/stores/SpeedTalkMobile/page/F3D278F0-9F00-49C0-9A70-02C3A04B24F3","$11 - 3GB - Unlimited Talk & Text","Model: $11 - 3GB - Unlimited Talk & Text;","","","1","Count","","","","","","cell-phone-sim-cards","","","","","","","","","","1","","","","","5","yes","[{""creator"":""Creator: Main"",""duration"":""31s"",""image"":""https://m.media-amazon.com/images/I/A1nv8OXXjqL.png"",""name"":""SpeedTalk Mobile"",""title"":""SpeedTalk Mobile esim tutorial"",""url"":""https://m.media-amazon.com/images/S/vse-vms-transcoding-artifact-us-east-1-prod/15f35dec-9ea7-4365-b4eb-5b1739415ed4/default.jobtemplate.hls.m3u8""}]","[{""creator"":""Creator: Seller"",""duration"":""25s"",""image"":""https://m.media-amazon.com/images/I/91MwdmLDiPL.png"",""name"":""SpeedTalk Mobile"",""title"":""Introducing the triple-cut SIM card"",""url"":""https://m.media-amazon.com/images/S/vse-vms-transcoding-artifact-us-east-1-prod/d1e2733c-3c87-40ed-87d6-0c40f7b433d4/default.jobtemplate.hls.m3u8""},{""creator"":""Creator: Seller"",""duration"":""40s"",""image"":""https://m.media-amazon.com/images/I/A1iPJdiNmlL.png"",""name"":""SpeedTalk Mobile"",""title"":""Meet speedtalk Mobile"",""url"":""https://m.media-amazon.com/images/S/vse-vms-transcoding-artifact-us-east-1-prod/5f4cc818-c13a-4876-b5a6-451c5ad555e9/default.jobtemplate.hls.m3u8""},{""creator"":""Creator: Seller"",""duration"":""50s"",""image"":""https://m.media-amazon.com/images/I/51roFvW6RNL.jpg"",""name"":""SpeedTalk Mobile"",""title"":""SpeedTalk Mobile Unlimited Cell Phone Plan Sim Card"",""url"":""https://m.media-amazon.com/images/S/vse-vms-transcoding-artifact-us-east-1-prod/3809acad-c450-44c7-be00-b0a6b91711ea/default.jobtemplate.hls.m3u8""},{""creator"":""Creator: Seller"",""duration"":""29s"",""image"":""https://m.media-amazon.com/images/I/716x8Jn4zdL.jpg"",""name"":""SpeedTalk Mobile"",""title"":""SpeedTalk Mobile | Phones"",""url"":""https://m.media-amazon.com/images/S/vse-vms-transcoding-artifact-us-east-1-prod/4ee7f3ee-ddda-43bc-8ab0-342a8c6b316b/default.jobtemplate.hls.m3u8""}]","yes","no","[{""fromManufacturer"":false,""module"":[{""asin"":[""B07G9P5ZBW"",""B075QNH2HP"",""B0BS1W6HJM"",""B0CLWSGD3V"",""B0CLX2QN4Q""]},{""image"":[""https://m.media-amazon.com/images/S/aplus-media-library-service-media/77d0cf43-3e93-42e0-8281-c00712c3a8b4.jpg""],""imageAltText"":[""phone sim card prepaid prepaid cards prepaid cell phone plans mobile prepaid plans simcard for phone""]},{""image"":[""https://m.media-amazon.com/images/S/aplus-media-library-service-media/3c783f21-db23-433f-8026-f339546af524.png""],""imageAltText"":[""Sim card, prepaid sim card, sim card USA, Phone Plan, prepaid phone plan, Sim Card Kit, Internet""]},{""text"":[""SPECIFICATION"",""1.)"",""Quick and simple set up - Simple Activation, install the SIM card to any T-Mobile or unlocked cellphones, then dial, or text away!"",""2)"",""Triple Cut SIM (fits any device). Standard SIM, Micro SIM and Nano SIM. Just punch out the size you need for your wireless device."",""3.)"",""You have the option to port-in (keep) your existing phone number or get a new one."",""4.)"",""Our service will work within the UNITED STATES ONLY"",""5.)"",""SpeedTalk Mobile offers its services through subscription plans. Valid credit card is needed at activation. Taxes and surcharges may apply."",""6.)"",""EASY ACTIVATION: 3 EASY steps. You can also call for assistance. LIVE Support available 7 days a week.""]},{""image"":[""https://m.media-amazon.com/images/S/aplus-media-library-service-media/b4fa1a3e-9428-4ef1-9c07-837e141898fd.png""],""imageAltText"":[""plan celular, plan telefonico, pre paid sim cards, prepaid cell phone minutes, cell phone plans""]},{""image"":[""https://m.media-amazon.com/images/S/aplus-media-library-service-media/9ba40d95-8046-48f5-9771-cceeab97dd13.jpg""],""imageAltText"":[""cellphone service plans prepaid mobile plan unlimited data plan tarjeta sim prepaid cell phones""]},{""image"":[""https://m.media-amazon.com/images/S/aplus-media-library-service-media/d1270ad7-9dd9-4556-9c31-93d2f9acfe51.jpg""],""imageAltText"":[""sim card reader prepaid phone sim tell o sim card trac fone prepaid card mint mobile sim card""],""text"":[""After SIM activation, it may take up to 24 hours for the GPRS and data settings to sync and update with your device. Make sure to turn on your device in an area with good reception"",""Please Note: 2G & 3G services might not be available in all areas due to carrier Decommissioning/ shutdown of these frequencies, SpeedTalk Mobile recommends using 4G or newer devices for better service. Existing SpeedTalk customers who are using the service on their 2G or 3G device, can continue purchase SpeedTalk products to refill/reup their existing accounts."",""SpeedTalk Mobile offers its services through subscription plans which auto-renew every 30 days. Plan begins as soon as you activate your service. You’ll be charged the rate stated at the time of purchase, every month, until you cancel. Cancellations can be made any time by contacting support. A valid credit card is required to cover overages in case you exceed the applicable data limit.""]}]}]","41","11.9","8.6","0.4","9","1","","","","","","","","","","","no","no","","no","no","no","no","","","no","-","","","","","100","2026/03/21","100","2026/03/21"
"2","3","3","3","0 %","0 %","0 %","33 %","","","","","","","","","SpeedTalk-Mobile-Complete-Multi-Purpose-Starter","","B01N9XPPGZ","SpeedTalk Mobile Pre-Paid eSIM and SIM Card Starter Kit – No Contract Wireless Plans $5/mo Talk Text Data Unlimited Plans - Cellphone 5G 4G LTE Apple iPhone, Android Smart Phones","no","no","no","no","no","no","no","no","no","no","no","no","no","no","no","no","no","no","no","no","no","no","no","no","no","no","no","no","no","no","no","no","no","no","no","yes","no","no","no","no","no","no","no","com","https://m.media-amazon.com/images/I/71fXKVLI6BL.jpg;https://m.media-amazon.com/images/I/712CJzFcETL.jpg;https://m.media-amazon.com/images/I/71fPFUIeNGL.jpg;https://m.media-amazon.com/images/I/71aFLnxg1PL.jpg;https://m.media-amazon.com/images/I/71HpybktATL.jpg;https://m.media-amazon.com/images/I/71LUAnC87DL.jpg;https://m.media-amazon.com/images/I/61KGxG0UZGL.jpg;https://m.media-amazon.com/images/I/61DV9XmN-xL.jpg","","8","SpeedTalk Mobile Pre-Paid eSIM and SIM Card Starter Kit – No Contract Wireless $22mo Talk Text Data Unlimited Plans - Cellphone 5G 4G LTE Apple iPhone, Android Smart Phones","","","No Catch: Enjoy the Unlimited Plan for just $22 mo forever. No annual contract, no hidden fees, and no changes to your bill.","Activate with any unlocked Apple iPhone, Google phone, or Samsung smartphone using SpeedTalk Mobile’s affordable nationwide wireless service plans, available for purchase upon activation. Other plans available starting at just $5/mo.","How does it work: The SIM Kit includes a 3-in-1 SIM card (standard, micro, and nano sizes) to fit most unlocked devices and supports eSIM activation on Apple, Google, and Samsung devices (please see the device compatibility chart in this listing). Activation is required to begin SpeedTalk Mobile service.","eSIM: Bring your own unlocked phone, keep your current number (or get a new one), and activate online in minutes. During activation, you can choose to keep using your physical SIM or switch to eSIM. The eSIM is available on iPhone 11 and newer models, Google Pixel 2 and higher, and compatible Samsung devices.","Easy activation: Valid credit card is needed at activation, No contracts, Cancel anytime. Speedtalk Mobile offers its services through subscription plans.","Universal compatibility: Bring your own phone allows you to use any compatible cell phone on the SpeedTalk Mobile network. The SIM Card can be used to Activate Any Unlocked 5G 4G Phone including iPhones, Androids Samsung Galaxy, Google Pixel, LG, Windows, and non-smartphones. Our Sim Card is designed in 3 different sizes (MINI/MICRO/NANO) to ensure that you can use it with a variety of devices. Just punch out the size that fits your device and insert it.","What is it: SpeedTalk Mobile’s Unlimited plan includes unlimited talk, text, and 11 GB of premium high-speed data, reduced speeds after for 30 days.","","","","7813","6830","6553","8051","8950","-11 %","-26 %","-19 %","-14 %","3,787","33 %","11600","3438","23018","33","126","3.4","5316","217","444","Cell Phones & Accessories","wireless_display_on_website","# 10 | Top 0.09% | SIM Cards","100","19 %","","5223","5132","5198","5205","0 %","0 %","-2 %","-4 %","925","2026/05/12 11:04","2026/05/27 09:32","2026/05/27 09:32","2.95","","2.93","2.39","2.55","2.28","0 %","0 %","-1 %","-23 %","$ 2.05","41 %","5.00","0.90","5.00","3","0 %","IN_STOCK","","-","","SpeedTalk Mobile (98%) / A13X3GVNM9G7YR","","0 %","0 %","0 %","0 %","100 %","96 %","98 %","99 %","1","2","2","3","0.02","0.46","0.95","8","61","84","yes","no","-","","no","no","no","yes","2","0","0","0","0","0","0","0","","","","","","","","","","","","","","","","100 %","1","1","no Amazon offer exists","","2.95","2.93","2.37","2.53","2.25","0 %","0 %","-1 %","-24 %","$ 2.05","41 %","5.00","0.65","5.00","0 %","2.95","2.93","2.37","2.53","2.25","0 %","0 %","-1 %","-24 %","$ 2.05","41 %","5.00","0.90","5.00","3","SpeedTalk Mobile (98%) / A13X3GVNM9G7YR","2.52","15.17 %","0.45","","","","","","","","","","","","","2.49","16.49","","-","","","","","","","","","","","","","","","","","","","","","","","","","","","","","","","no","","","","","","","","","","","","","","0.20","5.61","100 %","","","","","","","","","","","","","0.20","5.61","","","","","","","","","","","","","0.89","4.23","","","","","","","","","","","","","1.62","4.38","","","","","","","","","","","","","3.66","3.66","","","","","","","","","","","","","0.20","5.61","","","","","","","","","","","","","","","","","","","","","","","","","","","","","2.49","2.49","2.49","2.49","2.49","0 %","0 %","0 %","0 %","$ 0.00","0 %","2.49","0.99","4.99","","","","","","","","","","","","","","","4.54","4.54","4.47","4.58","3.80","0 %","1 %","0 %","-2 %","$ 0.43","9 %","4.97","0.99","5.24","","","","","","","","","","","","","","","2","2","2","3","2","3","0 %","0 %","0 %","33 %","2","","","","","","","","","","","","","","","","","","","","","","","","","","","","2017/02/04","2017/01/31","https://www.amazon.com/dp/B01N9XPPGZ?psc=1","https://keepa.com/#!product/1-B01N9XPPGZ","Cell Phones & Accessories","SIM Cards","Cell Phones & Accessories › SIM Cards & Prepaid Minutes › SIM Cards","Wireless","wireless_display_on_website","","0793052170950","","793052170950","","B0FM25JPFY","B0CLWYPQLQ,B0CLX4ZRR2,B0CLWSGD3V,B0FZMJSVX8,B0CLX5PS8Z,B0CLWYZ5ND,B01N9XPPGZ","7","","B07G9P5ZBW,B0DFHRH11D","SIM_CARD","SpeedTalk Mobile","SpeedTalk Mobile","SpeedTalk Mobile","SpeedTalkMobile","https://www.amazon.com/stores/SpeedTalkMobile/page/F3D278F0-9F00-49C0-9A70-02C3A04B24F3","Unlimited Data | Unlimited Talk & Text","Model: Unlimited Data | Unlimited Talk & Text;","","","1","Count","","","","","","cell-phone-sim-cards","","","","","","","","","","1","","","","","7","yes","[{""creator"":""Creator: Main"",""duration"":""31s"",""image"":""https://m.media-amazon.com/images/I/A1nv8OXXjqL.png"",""name"":""SpeedTalk Mobile"",""title"":""SpeedTalk Mobile esim tutorial"",""url"":""https://m.media-amazon.com/images/S/vse-vms-transcoding-artifact-us-east-1-prod/15f35dec-9ea7-4365-b4eb-5b1739415ed4/default.jobtemplate.hls.m3u8""}]","[{""creator"":""Creator: Seller"",""duration"":""25s"",""image"":""https://m.media-amazon.com/images/I/91MwdmLDiPL.png"",""name"":""SpeedTalk Mobile"",""title"":""Introducing the triple-cut SIM card"",""url"":""https://m.media-amazon.com/images/S/vse-vms-transcoding-artifact-us-east-1-prod/d1e2733c-3c87-40ed-87d6-0c40f7b433d4/default.jobtemplate.hls.m3u8""},{""creator"":""Creator: Seller"",""duration"":""40s"",""image"":""https://m.media-amazon.com/images/I/A1iPJdiNmlL.png"",""name"":""SpeedTalk Mobile"",""title"":""Meet speedtalk Mobile"",""url"":""https://m.media-amazon.com/images/S/vse-vms-transcoding-artifact-us-east-1-prod/5f4cc818-c13a-4876-b5a6-451c5ad555e9/default.jobtemplate.hls.m3u8""},{""creator"":""Creator: Customer"",""duration"":""69s"",""image"":""https://m.media-amazon.com/images/I/51M3L0D+lPL.jpg"",""name"":""Lønely Juan"",""title"":""No Refunds Offered After I Made It Clear My Service Never Worked"",""url"":""https://m.media-amazon.com/images/S/vse-vms-transcoding-artifact-us-east-1-prod/fa0c7b3b-485a-4d84-84ba-26c532d6d4bf/default.vertical.jobtemplate.hls.m3u8""},{""creator"":""Creator: Seller"",""duration"":""29s"",""image"":""https://m.media-amazon.com/images/I/716x8Jn4zdL.jpg"",""name"":""SpeedTalk Mobile"",""title"":""SpeedTalk Mobile | Phones"",""url"":""https://m.media-amazon.com/images/S/vse-vms-transcoding-artifact-us-east-1-prod/4ee7f3ee-ddda-43bc-8ab0-342a8c6b316b/default.jobtemplate.hls.m3u8""},{""creator"":""Creator: Customer"",""duration"":""30s"",""image"":""https://m.media-amazon.com/images/I/31tKpQhgcbL.jpg"",""name"":""Jas"",""title"":""Works great"",""url"":""https://m.media-amazon.com/images/S/vse-vms-transcoding-artifact-us-east-1-prod/38a8ac65-6da4-4273-8333-693527be92b3/default.vertical.jobtemplate.hls.m3u8""},{""creator"":""Creator: Seller"",""duration"":""41s"",""image"":""https://m.media-amazon.com/images/I/41NFdbC+dZL.jpg"",""name"":""SpeedTalk Mobile"",""title"":""SpeedTalk Mobile Sim Card Starter Kit"",""url"":""https://m.media-amazon.com/images/S/vse-vms-transcoding-artifact-us-east-1-prod/1a5e2bfb-777d-4b5d-ab54-96b15d2bc9fb/default.jobtemplate.hls.m3u8""}]","yes","no","[{""fromManufacturer"":false,""module"":[{""image"":[""https://m.media-amazon.com/images/S/aplus-media-library-service-media/6f426d13-8cc4-4d14-b535-3702116e5692.jpg""],""imageAltText"":[""Header Image: SIM CARD STARTER KITS, CHOOSE THE PLAN THAT FITS YOU BEST""]},{""image"":[""https://m.media-amazon.com/images/S/aplus-media-library-service-media/be0a90ca-09ee-4eed-a9bb-8a53918df919.png"",""https://m.media-amazon.com/images/S/aplus-media-library-service-media/4ff838f2-6705-4ce5-a22f-340db8d58501.jpg""],""imageAltText"":[""prepaid cell phone, prepaid cell phone minutes, prepaid cell phone plans, prepaid cell phones"",""to be filled""]},{""image"":[""https://m.media-amazon.com/images/S/aplus-media-library-service-media/daecb768-3d95-41aa-91c5-8350dd6cf8b9.jpg"",""https://m.media-amazon.com/images/S/aplus-media-library-service-media/b0f3cfc4-d3fd-4217-bcd8-816ff7dc7f95.jpg"",""https://m.media-amazon.com/images/S/aplus-media-library-service-media/5df9ed1b-72cc-482c-931b-92e21a182268.jpg"",""https://m.media-amazon.com/images/S/aplus-media-library-service-media/69cf9f38-50fa-41c9-8a0f-bd6161be161c.jpg"",""https://m.media-amazon.com/images/S/aplus-media-library-service-media/3aefa78e-d8b1-43f9-a5ce-f45fccd6cc17.jpg""],""imageAltText"":[""to be filled"",""To Be Filled"",""To Be Filled"",""To Be Filled"",""To Be Filled""],""text"":[""1"",""Activate"",""2"",""Choose Your Plan"",""3"",""Keep/Choose Number"",""4"",""Insert Sim"",""5"",""Create Account""]},{""image"":[""https://m.media-amazon.com/images/S/aplus-media-library-service-media/5d418616-4175-4c5a-bdde-567294edba81.jpg""],""imageAltText"":[""To Be Filled""]},{""image"":[""https://m.media-amazon.com/images/S/aplus-media-library-service-media/698783a6-0b95-436d-a3c8-25a5fb515947.jpg"",""https://m.media-amazon.com/images/S/aplus-media-library-service-media/a5ab266f-6920-4680-ab23-f939dcf78d51.jpg"",""https://m.media-amazon.com/images/S/aplus-media-library-service-media/382a29df-7bb2-4210-aaa1-dcc83e939f4b.png"",""https://m.media-amazon.com/images/S/aplus-media-library-service-media/d8c986a6-400b-4c53-a0da-a471d08f4f72.jpg"",""https://m.media-amazon.com/images/S/aplus-media-library-service-media/9a7d2bb7-54bf-48f2-a335-287eac84cab8.jpg""],""imageAltText"":[""sim card"",""sim card"",""sim card"",""sim card"",""sim card""],""text"":[""Sim Card Starter Kits"",""No Contract"",""Data Usage"",""2GB"",""Call and Text"",""30-Day Unlimited"",""5G 4G LTE"",""Learn More"",""No Contract"",""Data Usage"",""None"",""Call and Text"",""Unlimited"",""5G 4G LTE"",""Learn More"",""No Contract"",""Data Usage"",""1GB"",""Call and Text"",""500min Talk+500 Text""]},{""text"":[""The video showcases the product in use."",""The video guides you through product setup."",""The video compares multiple products."",""The video shows the product being unpacked."",""How to Activate Your Sim Card"",""Merchant Video""],""video"":[""https://m.media-amazon.com/images/S/vse-vms-transcoding-artifact-us-east-1-prod/a63d6fc3-aee2-47c3-b3a4-bf46d6bb3578/default.jobtemplate.hls.m3u8""]},{""text"":[""Do I need to sign a contract or commit to a long-term plan?"",""No Contracts required. Our plan is a subscription plan month-month, with no hidden fees. You can cancel anytime."",""Can I keep my current phone number?"",""Yes!""]}]}]","104","12","8.7","1","23","1","14","8.5","5.6","0.3","","","","","","","no","no","","no","no","no","no","","","no","-","","","","","100","2026/05/03","500","2023/11/28"
"1","1","1","1","0 %","0 %","0 %","0 %","","","","","","","","","SpeedTalk-Mobile-Phones-Cellphones-Monthly","","B0CLX5PS8Z","SpeedTalk Mobile Pre-Paid eSIM and SIM Card Starter Kit – No Contract Wireless Plans $5/mo Talk Text Data Unlimited Plans - Cellphone 5G 4G LTE Apple iPhone, Android Smart Phones","no","no","no","yes","no","no","yes","yes","yes","yes","no","no","no","no","no","no","no","no","no","no","no","no","no","no","no","no","no","no","no","no","no","no","no","no","no","yes","no","no","no","no","no","no","no","com","https://m.media-amazon.com/images/I/71ju9fLcJwL.jpg;https://m.media-amazon.com/images/I/712CJzFcETL.jpg;https://m.media-amazon.com/images/I/71vtBMppjYL.jpg;https://m.media-amazon.com/images/I/71aFLnxg1PL.jpg;https://m.media-amazon.com/images/I/612U5zW+COL.jpg;https://m.media-amazon.com/images/I/71LUAnC87DL.jpg;https://m.media-amazon.com/images/I/61YT8+1CEAL.jpg;https://m.media-amazon.com/images/I/61OAODnmolL.jpg","","8","SpeedTalk Mobile Prepaid SIM Card Kit for Smart Phones & Cellphones | $5 Monthly Plan - 5G 4G LTE Data | 3-in-1 SIM Card Standard Micro Nano Size | USA Coverage Bring Your Own Phone","","","𝗔𝗳𝗳𝗼𝗿𝗱𝗮𝗯𝗹𝗲 & 𝗥𝗲𝗳𝗶𝗹𝗹𝗮𝗯𝗹𝗲 𝗣𝗵𝗼𝗻𝗲 𝗦𝗜𝗠 𝗖𝗮𝗿𝗱: Experience true affordability with SpeedTalk Mobile's prepaid Pay As You Go subscription plan. We offer low rates for text, data, and minutes, whether used individually or in any combination. For only $5 per month, enjoy 100 Texts, 100 Minutes Talk, and 100 MB Data of 5G 4G LTE (including MMS) for a 30-day period. No worries if you exceed your credits — the plan will automatically renew once all allotted credits have been used.","𝗘𝗮𝘀𝘆 𝗔𝗰𝘁𝗶𝘃𝗮𝘁𝗶𝗼𝗻: A valid credit card is required at activation. No contracts — cancel anytime. SpeedTalk Mobile offers service through subscription plans. Call us for assistance 7 days a week with live technical support through our toll-free number.","𝗛𝗼𝘄 𝗱𝗼𝗲𝘀 𝗶𝘁 𝘄𝗼𝗿𝗸: The SIM Kit includes a 3-in-1 SIM card (standard, micro, and nano sizes) to fit most unlocked devices and supports eSIM activation on Apple, Google, and Samsung devices (please see the device compatibility chart in this listing). Activation is required to begin SpeedTalk Mobile service.","𝗲𝗦𝗜𝗠: Bring your own unlocked phone, keep your current number (or get a new one), and activate online in minutes. During activation, you can choose to keep using your physical SIM or switch to eSIM.","𝗩𝗲𝗿𝘀𝗮𝘁𝗶𝗹𝗲 𝗖𝗼𝗺𝗽𝗮𝘁𝗶𝗯𝗶𝗹𝗶𝘁𝘆: With our Bring Your Own Phone program, you can use any compatible cell phone on the SpeedTalk Mobile network. Our SIM card works with all unlocked 5G 4G LTE compatible phones, including iPhones, Android phones (Samsung Galaxy, Google Pixel), LG phones, Windows phones, and non-smartphones. It’s a triple-cut SIM card available in three sizes (standard/micro/nano), ensuring compatibility with various devices. Simply pop out the size that fits your device and insert it.","𝗞𝗲𝗲𝗽 𝗬𝗼𝘂𝗿 𝗣𝗵𝗼𝗻𝗲 𝗡𝘂𝗺𝗯𝗲𝗿: Stay connected with your current contacts without breaking the bank. You can keep your existing phone number or choose a new one.","𝗧𝗼𝗽-𝗧𝗶𝗲𝗿 𝗡𝗮𝘁𝗶𝗼𝗻𝘄𝗶𝗱𝗲 𝗖𝗼𝘃𝗲𝗿𝗮𝗴𝗲: Say goodbye to dropped calls, slow data, and loading delays. SpeedTalk Mobile delivers expansive 5G 4G LTE coverage across the nation, encompassing Hawaii, Puerto Rico, and the US Virgin Islands, all on the largest and fastest network. For detailed network ranges, refer to the SpeedTalk Mobile Coverage Map.","","","","7813","6828","6605","8048","8985","-11 %","-26 %","-18 %","-14 %","3,731","32 %","11544","4564","392635","35","113","3.4","5316","211","410","Cell Phones & Accessories","wireless_display_on_website","# 10 | Top 0.09% | SIM Cards","100","-4 %","","1957","801","3032","4136","","","","","32","2026/02/04 15:36","2026/05/27 08:18","2026/05/21 03:32","5.00","","5.00","5.00","5.00","5.00","0 %","0 %","0 %","0 %","$ 0.00","0 %","5.00","5.00","5.00","3","0 %","IN_STOCK","","-","","SpeedTalk Mobile (98%) / A13X3GVNM9G7YR","","0 %","0 %","0 %","0 %","100 %","100 %","99 %","99 %","1","1","1","1","-","-","-","8","8","8","yes","no","-","","no","no","no","yes","1","0","0","0","0","0","0","0","","","","","","","","","","","","","","","","100 %","1","1","no Amazon offer exists","","5.00","5.00","5.00","5.00","5.00","0 %","0 %","0 %","0 %","$ 0.00","0 %","5.00","5.00","5.00","0 %","","5.00","5.00","5.00","5.00","","","","","","","","5.00","5.00","3","-","2.52","15 %","0.75","","","","","","","","","","","","","","","","-","","","","","","","","","","","","","","","","","","","","","","","","","","","","","","","no","","","","","","","","","","","","","","","","100 %","","","","","","","","","","","","","","","","","","","","","","","","","","","","","","","","","","","","","","","","","","","","","","","","","","","","","","","","","","","","","","","","","","","","","","","","","","","","","","","","","","","","","","","","","","","","","","","","","","","5.00","5.00","5.00","5.00","5.00","0 %","0 %","0 %","0 %","$ 0.00","0 %","5.00","5.00","5.00","","","","","","","","","","","","","","","","","","","","","","","","","","","","","","","","","","","","","","","","","","","1","1","1","1","1","1","0 %","0 %","0 %","0 %","1","","","","","","","","","","","","","","","","","","","","","","","","","","","","2023/11/02","2023/10/27","https://www.amazon.com/dp/B0CLX5PS8Z?psc=1","https://keepa.com/#!product/1-B0CLX5PS8Z","Cell Phones & Accessories","SIM Cards","Cell Phones & Accessories › SIM Cards & Prepaid Minutes › SIM Cards","Wireless","wireless_display_on_website","","0850043471561","","850043471561","","B0FM25JPFY","B0CLWYPQLQ,B0CLX4ZRR2,B0CLWSGD3V,B0FZMJSVX8,B0CLX5PS8Z,B0CLWYZ5ND,B01N9XPPGZ","7","","","SIM_CARD","SpeedTalk Mobile","SpeedTalk Mobile","SpeedTalk Mobile","SpeedTalkMobile","https://www.amazon.com/stores/SpeedTalkMobile/page/F3D278F0-9F00-49C0-9A70-02C3A04B24F3","100 MB | 100 Minutes & 100 Texts","Model: 100 MB | 100 Minutes & 100 Texts;","","","","","","","","","","cell-phone-sim-cards","","","","","","","","","","0","","","","","5","yes","[{""creator"":""Creator: Main"",""duration"":""31s"",""image"":""https://m.media-amazon.com/images/I/A1nv8OXXjqL.png"",""name"":""SpeedTalk Mobile"",""title"":""SpeedTalk Mobile esim tutorial"",""url"":""https://m.media-amazon.com/images/S/vse-vms-transcoding-artifact-us-east-1-prod/15f35dec-9ea7-4365-b4eb-5b1739415ed4/default.jobtemplate.hls.m3u8""}]","[{""creator"":""Creator: Seller"",""duration"":""40s"",""image"":""https://m.media-amazon.com/images/I/A1iPJdiNmlL.png"",""name"":""SpeedTalk Mobile"",""title"":""Meet speedtalk Mobile"",""url"":""https://m.media-amazon.com/images/S/vse-vms-transcoding-artifact-us-east-1-prod/5f4cc818-c13a-4876-b5a6-451c5ad555e9/default.jobtemplate.hls.m3u8""},{""creator"":""Creator: Seller"",""duration"":""25s"",""image"":""https://m.media-amazon.com/images/I/91MwdmLDiPL.png"",""name"":""SpeedTalk Mobile"",""title"":""Introducing the triple-cut SIM card"",""url"":""https://m.media-amazon.com/images/S/vse-vms-transcoding-artifact-us-east-1-prod/d1e2733c-3c87-40ed-87d6-0c40f7b433d4/default.jobtemplate.hls.m3u8""},{""creator"":""Creator: Seller"",""duration"":""29s"",""image"":""https://m.media-amazon.com/images/I/716x8Jn4zdL.jpg"",""name"":""SpeedTalk Mobile"",""title"":""SpeedTalk Mobile | Phones"",""url"":""https://m.media-amazon.com/images/S/vse-vms-transcoding-artifact-us-east-1-prod/4ee7f3ee-ddda-43bc-8ab0-342a8c6b316b/default.jobtemplate.hls.m3u8""},{""creator"":""Creator: Seller"",""duration"":""51s"",""image"":""https://m.media-amazon.com/images/I/419coq6GzML.jpg"",""name"":""SpeedTalk Mobile"",""title"":""SpeedTalk Mobile 5G 4G LTE"",""url"":""https://m.media-amazon.com/images/S/vse-vms-transcoding-artifact-us-east-1-prod/6e998fd1-c990-44a9-9413-cbba65e243ec/default.jobtemplate.hls.m3u8""}]","yes","no","[{""fromManufacturer"":false,""module"":[{""image"":[""https://m.media-amazon.com/images/S/aplus-media-library-service-media/6f426d13-8cc4-4d14-b535-3702116e5692.jpg""],""imageAltText"":[""Header Image: SIM CARD STARTER KITS, CHOOSE THE PLAN THAT FITS YOU BEST""]},{""image"":[""https://m.media-amazon.com/images/S/aplus-media-library-service-media/be0a90ca-09ee-4eed-a9bb-8a53918df919.png"",""https://m.media-amazon.com/images/S/aplus-media-library-service-media/4ff838f2-6705-4ce5-a22f-340db8d58501.jpg""],""imageAltText"":[""prepaid cell phone, prepaid cell phone minutes, prepaid cell phone plans, prepaid cell phones"",""to be filled""]},{""image"":[""https://m.media-amazon.com/images/S/aplus-media-library-service-media/daecb768-3d95-41aa-91c5-8350dd6cf8b9.jpg"",""https://m.media-amazon.com/images/S/aplus-media-library-service-media/b0f3cfc4-d3fd-4217-bcd8-816ff7dc7f95.jpg"",""https://m.media-amazon.com/images/S/aplus-media-library-service-media/5df9ed1b-72cc-482c-931b-92e21a182268.jpg"",""https://m.media-amazon.com/images/S/aplus-media-library-service-media/69cf9f38-50fa-41c9-8a0f-bd6161be161c.jpg"",""https://m.media-amazon.com/images/S/aplus-media-library-service-media/3aefa78e-d8b1-43f9-a5ce-f45fccd6cc17.jpg""],""imageAltText"":[""to be filled"",""To Be Filled"",""To Be Filled"",""To Be Filled"",""To Be Filled""],""text"":[""1"",""Activate"",""2"",""Choose Your Plan"",""3"",""Keep/Choose Number"",""4"",""Insert Sim"",""5"",""Create Account""]},{""image"":[""https://m.media-amazon.com/images/S/aplus-media-library-service-media/5d418616-4175-4c5a-bdde-567294edba81.jpg""],""imageAltText"":[""To Be Filled""]},{""image"":[""https://m.media-amazon.com/images/S/aplus-media-library-service-media/698783a6-0b95-436d-a3c8-25a5fb515947.jpg"",""https://m.media-amazon.com/images/S/aplus-media-library-service-media/a5ab266f-6920-4680-ab23-f939dcf78d51.jpg"",""https://m.media-amazon.com/images/S/aplus-media-library-service-media/382a29df-7bb2-4210-aaa1-dcc83e939f4b.png"",""https://m.media-amazon.com/images/S/aplus-media-library-service-media/d8c986a6-400b-4c53-a0da-a471d08f4f72.jpg"",""https://m.media-amazon.com/images/S/aplus-media-library-service-media/9a7d2bb7-54bf-48f2-a335-287eac84cab8.jpg""],""imageAltText"":[""sim card"",""sim card"",""sim card"",""sim card"",""sim card""],""text"":[""Sim Card Starter Kits"",""No Contract"",""Data Usage"",""2GB"",""Call and Text"",""30-Day Unlimited"",""5G 4G LTE"",""Learn More"",""No Contract"",""Data Usage"",""None"",""Call and Text"",""Unlimited"",""5G 4G LTE"",""Learn More"",""No Contract"",""Data Usage"",""1GB"",""Call and Text"",""500min Talk+500 Text""]},{""text"":[""The video showcases the product in use."",""The video guides you through product setup."",""The video compares multiple products."",""The video shows the product being unpacked."",""How to Activate Your Sim Card"",""Merchant Video""],""video"":[""https://m.media-amazon.com/images/S/vse-vms-transcoding-artifact-us-east-1-prod/a63d6fc3-aee2-47c3-b3a4-bf46d6bb3578/default.jobtemplate.hls.m3u8""]},{""text"":[""Do I need to sign a contract or commit to a long-term plan?"",""No Contracts required. Our plan is a subscription plan month-month, with no hidden fees. You can cancel anytime."",""Can I keep my current phone number?"",""Yes!""]}]}]","73","12","8.7","0.7","18","0","14","8.5","5.6","0.3","","","","","","","no","no","","no","no","no","no","","","no","-","","","","","100","2026/03/11","200","2024/03/31"
"1","1","1","1","0 %","0 %","0 %","0 %","","","","","","","","","SpeedTalk-Mobile-Smart-Smartwatches-Wearables","","B07HZYDVSX","SpeedTalk Mobile Smart Watch SIM Card 150 Talk, 150 Text, 150 MB Data 5G 4G LTE GSM Smartwatches and Wearables - 30 Days Wireless Service","no","no","no","yes","no","no","no","yes","no","yes","no","no","no","no","no","no","no","no","no","no","no","no","no","no","no","no","no","no","no","no","no","no","no","no","no","yes","no","no","no","no","no","no","no","com","https://m.media-amazon.com/images/I/61MK1N9hcUL.jpg;https://m.media-amazon.com/images/I/61xEUcrajKL.jpg;https://m.media-amazon.com/images/I/71D3BJZPKtL.jpg;https://m.media-amazon.com/images/I/71f98w+szFL.jpg;https://m.media-amazon.com/images/I/71jld33ymML.jpg;https://m.media-amazon.com/images/I/71LnFdaMVHL.jpg;https://m.media-amazon.com/images/I/61wTbNTk+KL.jpg;https://m.media-amazon.com/images/I/61Uda8D4YFL.jpg","","8","SpeedTalk Mobile $6 SIM Card for Smartwatches | 150 Minutes Talk, 150 Texts, 150MB Data | 30-Day Plan | Compatible with GSM Devices | No Contracts","","","Tailored for Smartwatches – Optimized SIM card for GSM-enabled smartwatches.","U.S.A. Phone Number Included: Get your own U.S. number at activation. Choose a number from your ZIP code, or get one auto assigned to you. Powered by secure U.S.-based company and servers to keep your data protected.","Balanced Plan – Includes 150 minutes of talk, 150 texts, and 150MB data.","30-Day Prepaid Service – No long-term contracts, just pay as you go.","Nationwide 4G LTE Coverage – Stay connected anywhere in the USA.","Hassle-Free Setup – Quick activation with 24/7 support available.Valid credit card is needed at activation, No contracts, Cancel anytime. Speedtalk Mobile offers its services through subscription plans.","","","","","41900","38870","44322","35226","23812","-23 %","-10 %","5 %","-8 %","-15,652","-60 %","26248","3212","199359","14","49","3.6","275","98","171","Cell Phones & Accessories","wireless_display_on_website","# 98 | Top 0.99% | SIM Cards","","","","274","270","263","237","","","","","44","2026/02/15 14:08","2026/05/25 21:24","2026/05/14 22:28","6.00","","6.00","6.00","5.92","5.96","0 %","0 %","0 %","0 %","$ 0.00","0 %","6.00","4.50","11.99","","0 %","IN_STOCK","","-","","SpeedTalk Mobile (98%) / A13X3GVNM9G7YR","","0 %","0 %","0 %","0 %","100 %","100 %","99 %","100 %","1","1","1","1","-","-","0.18","8","8","52","yes","no","-","","no","no","no","yes","1","0","0","0","0","0","0","0","","","","","","","","","","","","","","","","100 %","1","1","no Amazon offer exists","","6.00","6.00","6.00","5.92","5.96","0 %","0 %","0 %","0 %","$ 0.00","0 %","6.00","4.50","11.99","0 %","","6.00","6.00","5.94","5.97","","","","","","","","4.50","11.99","","-","2.52","15 %","0.90","","","","","","","","","","","","","6.00","11.99","","-","","","","","","","","","","","","","","","","","","","","","","","","","","","","","","","no","","","","","","","","","","","","","","5.12","11.15","100 %","","","","","","","","","","","","","5.12","8.81","","","","","","","","","","","","","8.25","11.15","","","","","","","","","","","","","","","","","","","","","","","","","","","","","","","","","","","","","","","","","5.12","11.15","","","","","","","","","","","","","","","","","","","","","","","","","","","","","6.00","6.00","6.00","6.00","6.00","0 %","0 %","0 %","0 %","$ 0.00","0 %","6.00","6.00","11.99","","","","","","","","","","","","","","","","","","","","0 %","0 %","0 %","0 %","$ -0.09","-1 %","","","","","","","","","","","","","","","","","","1","1","1","1","1","1","0 %","0 %","0 %","0 %","1","","","","","","","","","","","","","","","","","","","","","","","","","","","","2018/10/06","2018/10/04","https://www.amazon.com/dp/B07HZYDVSX?psc=1","https://keepa.com/#!product/1-B07HZYDVSX","Cell Phones & Accessories","SIM Cards","Cell Phones & Accessories › SIM Cards & Prepaid Minutes › SIM Cards","Wireless","wireless_display_on_website","","0793052172824","","793052172824","","B0DKB28TP3","B07HZYDVSX,B09VMWLG2K","2","","B07CZR5N25","SIM_CARD","SpeedTalk Mobile","SpeedTalk Mobile","SpeedTalk Mobile","SpeedTalkMobile","https://www.amazon.com/stores/SpeedTalkMobile/page/F3D278F0-9F00-49C0-9A70-02C3A04B24F3","$6 Smartwatch SIM","Model: $6 Smartwatch SIM;","White","","1","Count","","","","","","cell-phone-sim-cards","","","","","","","","","","1","","","","","3","yes","[{""creator"":""Creator: Main"",""duration"":""35s"",""image"":""https://m.media-amazon.com/images/I/B1dDkjshcjL.png"",""name"":""SpeedTalk Mobile"",""title"":""SpeedTalk Mobile | Smart Watch"",""url"":""https://m.media-amazon.com/images/S/vse-vms-transcoding-artifact-us-east-1-prod/4d551d9f-2934-4f2a-8ef0-434276bc28e3/default.jobtemplate.hls.m3u8""}]","[{""creator"":""Creator: Seller"",""duration"":""51s"",""image"":""https://m.media-amazon.com/images/I/51IrTXbLVZL.jpg"",""name"":""SpeedTalk Mobile"",""title"":""SpeedTalk Mobile Smart Watch Sim Card"",""url"":""https://m.media-amazon.com/images/S/vse-vms-transcoding-artifact-us-east-1-prod/cc02cd9e-416c-4d34-9940-4dba26951b1c/default.jobtemplate.hls.m3u8""},{""creator"":""Creator: Seller"",""duration"":""25s"",""image"":""https://m.media-amazon.com/images/I/91MwdmLDiPL.png"",""name"":""SpeedTalk Mobile"",""title"":""Introducing the triple-cut SIM card"",""url"":""https://m.media-amazon.com/images/S/vse-vms-transcoding-artifact-us-east-1-prod/d1e2733c-3c87-40ed-87d6-0c40f7b433d4/default.jobtemplate.hls.m3u8""}]","yes","no","[{""fromManufacturer"":false,""module"":[{""asin"":[""B07HZYDVSX"",""B0FCHPQSWB"",""B0CSHRP6SX"",""B0CLWSGD3V""]},{""image"":[""https://m.media-amazon.com/images/S/aplus-media-library-service-media/afb173b2-e841-4684-9335-810b24e389bb.png""],""imageAltText"":[""sim card for smartwatches""]},{""image"":[""https://m.media-amazon.com/images/S/aplus-media-library-service-media/87f7ba15-2855-4043-b70b-cc798a96acd3.png""],""imageAltText"":[""phone plane, smart watch card, sim card smartband, phone service""],""text"":[""Coast-to-Coast 5G 4G LTE Connection."",""5G 4G LTE Nationwide Coverage Across the United States."",""Stay connected across the USA with SpeedTalk’s 5G 4G LTE SIM card. Designed for smartwatches, our service ensures a strong, consistent signal coast to coast. Enjoy voice, text, and data coverage for your device.""]},{""image"":[""https://m.media-amazon.com/images/S/aplus-media-library-service-media/b7ad0fef-7464-4538-879b-ab67724882f2.png"",""https://m.media-amazon.com/images/S/aplus-media-library-service-media/4f0c1563-8bc2-4e33-9106-2e99f8084f17.png"",""https://m.media-amazon.com/images/S/aplus-media-library-service-media/e4f17386-fc02-4ee4-8988-44310bd84a55.png""],""imageAltText"":[""sim card"",""desk"",""costumer service""],""text"":[""2"",""Overview"",""3"",""3 in 1 SIM Card"",""4"",""Costumer Service"",""SpeedTalk’s SIM card."",""Perfect SIM Solution for Smartwatch Connectivity."",""Designed for smartwatches."",""Supports voice calls, text messaging. Easy activation, no contracts."",""Nano, Micro, and Standard"",""Universal 3-in-1 SIM Card – Fits All Watch Sizes."",""our 3 in 1 SIM that fits most of the smartwatches."",""Easily pop out the size you need."",""By chat, email and phone."",""We’re Here to Help 7 Days a Week."",""Our dedicated team is available to guide you through activation, troubleshooting, and more.""]},{""image"":[""https://m.media-amazon.com/images/S/aplus-media-library-service-media/bab4a325-eac5-451e-bb37-d0bcea0dc8e9.png""],""imageAltText"":[""activation process""],""text"":[""Simple Activation in Just a Few Easy Steps""]},{""text"":[""How do I activate my SpeedTalk SIM card?"",""Activation is simple! Visit our website and follow the instructions. You’ll need the SIM card number to complete the process."",""Is the SIM card compatible with any smartwatch?"",""The SIM card works with most unlocked 4G LTE smartwatches. Make sure your device supports GSM networks for full compatibility with SpeedTalk Mobile."",""What coverage does SpeedTalk Mobile offer?"",""SpeedTalk uses a nationwide 4G LTE network, providing reliable coverage across the U.S. for voice, text, and data services on your smartwatch."",""Can I keep my current phone number?"",""Yes, you can keep your phone number or get a new one. Porting is available during activation. Just follow the instructions and have your current account info ready for a smooth transfer."",""What is the refund policy for the SIM card?"",""Refunds are available within 14 days of activation. No refunds if you use over 30 mins, 15 texts, or 30MB. SIMs bought via SpeedTalk’s Amazon store follow their terms & conditions.""]},{""text"":[""The video showcases the product in use."",""The video guides you through product setup."",""The video compares multiple products."",""The video shows the product being unpacked."",""Speedtalk Smartwatch sim card"",""Merchant Video""],""video"":[""https://m.media-amazon.com/images/S/vse-vms-transcoding-artifact-us-east-1-prod/9fbf305a-45a2-4470-8658-22b8aa39f8b8/default.jobtemplate.hls.m3u8""]}]}]","104","12.5","9.2","0.9","9","1","14","8.5","5.6","0.3","","","","","","","no","no","","no","no","no","no","","","no","-","","","","","100","2025/09/17","200","2025/04/05"
"7","7","7","7","0 %","0 %","0 %","0 %","1","1","1","1","0 %","0 %","0 %","0 %","Smart-Watch-Card-Smartwatches-Wearables","","B07CZR5N25","SpeedTalk Mobile Smart Watch SIM Card Kit – 5G 4G LTE Wearables | Unlimited Talk and Text 2GB Data | 3-in-1 Triple-Cut SIM | Prepaid Plan | smartwatch Service","no","no","no","yes","no","no","no","yes","no","yes","no","yes","no","no","no","no","no","no","no","no","no","no","no","no","no","no","no","no","no","no","no","no","no","no","no","yes","no","no","no","yes","no","no","no","com","https://m.media-amazon.com/images/I/61bEs7z7OTL.jpg;https://m.media-amazon.com/images/I/61XMmAdQWRL.jpg;https://m.media-amazon.com/images/I/71D3BJZPKtL.jpg;https://m.media-amazon.com/images/I/71J6BBNax8L.jpg;https://m.media-amazon.com/images/I/71ogKT6wSaL.jpg;https://m.media-amazon.com/images/I/71jDSjSnfqL.jpg;https://m.media-amazon.com/images/I/61OVVtmMI5L.jpg;https://m.media-amazon.com/images/I/61Uda8D4YFL.jpg","","8","SpeedTalk Mobile $5 Prepaid Smart Watch SIM Card Kit for 5G 4G LTE Smartwatch, Wearables | Triple Cut 3 in 1 Simcard - Standard Micro Nano | No Contract | USA Coverage 30 Days Service","","","Plan includes 50 Minutes Call +100 SMS Text + 100MB Data for 30 days; SIM & Plan is compatible with majority of 5G 4G LTE GSM Smartwatches and Wearables.","U.S.A. Phone Number Included: Get your own U.S. number at activation. Choose a number from your ZIP code, or get one auto assigned to you. Powered by secure U.S.-based company and servers to keep your data protected.","Punch out the 3-in-1 ready to use SIM card. Standard SIM, Micro SIM and Nano SIM.","EASY ACTIVATION: Valid credit card is needed at activation, No contracts, Cancel anytime. Speedtalk Mobile offers its services through subscription plans. You can also call us for assistance 7 days a week LIVE CUSTOMER SUPPORT when you call our toll-free number.","Our Service will work within the United States. Please check STKMap to view your network coverage.","","","","","","15324","14765","13321","14432","11244","-3 %","-11 %","-15 %","-4 %","-2,934","-24 %","12390","959","21355","16","78","3.3","12002","165","789","Cell Phones & Accessories","wireless_display_on_website","# 28 | Top 0.26% | SIM Cards","50","48 %","","12018","12018","12006","11959","0 %","0 %","0 %","0 %","1505","2026/05/19 10:16","2026/05/27 09:36","2026/05/27 09:36","5.00","","5.00","5.55","5.28","5.14","0 %","0 %","0 %","10 %","$ 0.00","0 %","5.00","4.88","9.75","1","1 %","IN_STOCK","","-","","SpeedTalk Mobile (98%) / A13X3GVNM9G7YR","","0 %","0 %","0 %","0 %","100 %","100 %","100 %","100 %","1","1","1","1","-","1.16","0.62","8","61","61","yes","no","-","","no","no","no","yes","7","1","0","0","0","0","0","0","","","","","","","","","","","","","","","","100 %","1","1","no Amazon offer exists","","5.00","5.00","5.00","5.00","5.00","0 %","0 %","0 %","0 %","$ 0.00","0 %","5.00","4.88","9.99","0 %","5.00","5.00","5.00","5.00","5.00","0 %","0 %","0 %","0 %","$ 0.00","0 %","5.00","4.88","9.75","12","SpeedTalk Mobile (98%) / A13X3GVNM9G7YR; Padfender (0%) / A3899WBWPI5DF8; Jolt Inc. (60%) / A2GVLKVYBV9IFX","2.52","15 %","0.75","7.99","7.99","7.99","7.99","7.99","0 %","0 %","0 %","0 %","","","","4.88","9.99","1","SpeedTalk Mobile (98%) / A13X3GVNM9G7YR","","","","","","","","","","","","","","","","","","","","","","","","","","","","3.71","4.00","","no","","","4.19","4.15","4.15","4.15","","","","","","","","0.65","9.56","93 %","","","","","","","","","","","","","1.53","9.56","","","","","","","","","","","","","3.71","9.07","","","","","","","","","","","","","3.94","8.58","","","","","","","","","","","","","","","","","","","","","","","","","","","1.53","9.56","","","","","","","","","","","","","","","","","","","","","","","","","","","","","5.00","5.00","5.00","5.00","5.00","0 %","0 %","0 %","0 %","$ 0.00","0 %","5.00","4.88","9.99","","","","","","","","","","","","","","","7.99","7.99","8.00","8.13","6.90","0 %","0 %","0 %","0 %","","","","4.87","8.99","","","","","","","","","","","","","","","8","8","8","7","7","6","0 %","0 %","0 %","-14 %","7","","1","1","1","1","","","","","","","","","","","","","","","","","","","","","","","2018/05/16","2018/05/11","https://www.amazon.com/dp/B07CZR5N25?psc=1","https://keepa.com/#!product/1-B07CZR5N25","Cell Phones & Accessories","SIM Cards","Cell Phones & Accessories › SIM Cards & Prepaid Minutes › SIM Cards","Wireless","wireless_display_on_website","","0793052171438, 0793052172848, 0850028221006","","793052171438, 793052172848, 850028221006","4336699612","B0GW9FQY13","B07CZR5N25,B0FCHPQSWB","2","","B07JYMMWR7,B09VMWLG2K","SIM_CARD","SpeedTalk Mobile","SpeedTalk Mobile","SpeedTalk Mobile","SpeedTalkMobile","https://www.amazon.com/stores/SpeedTalkMobile/page/F3D278F0-9F00-49C0-9A70-02C3A04B24F3",".","SetName: $5 Prepaid Smart Watch SIM Card;","White","","","","","","","","","cell-phone-sim-cards","","","","","","","","","","1","","","","","9","yes","[{""creator"":""Creator: Main"",""duration"":""35s"",""image"":""https://m.media-amazon.com/images/I/B1dDkjshcjL.png"",""name"":""SpeedTalk Mobile"",""title"":""SpeedTalk Mobile | Smart Watch"",""url"":""https://m.media-amazon.com/images/S/vse-vms-transcoding-artifact-us-east-1-prod/4d551d9f-2934-4f2a-8ef0-434276bc28e3/default.jobtemplate.hls.m3u8""}]","[{""creator"":""Creator: Customer"",""duration"":""115s"",""image"":""https://m.media-amazon.com/images/I/91nMOfsHuHL.png"",""name"":""Marlynda Bishop"",""title"":""$5 Smart Watch SIM Card for 2G 3G 4G LTE GSM Smartwatches and Wearables - 30 Day Service"",""url"":""https://m.media-amazon.com/images/S/vse-vms-transcoding-artifact-us-east-1-prod/v2/fb33e21e-c9e5-5628-a465-34ce7a1e1119/ShortForm-Generic-480p-16-9-1409173089793-rpcbe5.mp4""},{""creator"":""Creator: Customer"",""duration"":""10s"",""image"":""https://m.media-amazon.com/images/I/51dBjJcpllL.jpg"",""name"":""timothy malone"",""title"":""I like it"",""url"":""https://m.media-amazon.com/images/S/vse-vms-transcoding-artifact-us-east-1-prod/f5073328-9545-49a2-aae2-cd7286d51132/default.vertical.jobtemplate.hls.m3u8""},{""creator"":""Creator: Seller"",""duration"":""25s"",""image"":""https://m.media-amazon.com/images/I/91MwdmLDiPL.png"",""name"":""SpeedTalk Mobile"",""title"":""Introducing the triple-cut SIM card"",""url"":""https://m.media-amazon.com/images/S/vse-vms-transcoding-artifact-us-east-1-prod/d1e2733c-3c87-40ed-87d6-0c40f7b433d4/default.jobtemplate.hls.m3u8""},{""creator"":""Creator: Seller"",""duration"":""51s"",""image"":""https://m.media-amazon.com/images/I/51IrTXbLVZL.jpg"",""name"":""SpeedTalk Mobile"",""title"":""SpeedTalk Mobile Smart Watch Sim Card Plans"",""url"":""https://m.media-amazon.com/images/S/vse-vms-transcoding-artifact-us-east-1-prod/8cc45789-6069-4961-9a1e-383df150120a/default.jobtemplate.hls.m3u8""},{""creator"":""Creator: Customer"",""duration"":""23s"",""image"":""https://m.media-amazon.com/images/I/51Untg6cG9L.jpg"",""name"":""ashley"",""title"":""Great phone card"",""url"":""https://m.media-amazon.com/images/S/vse-vms-transcoding-artifact-us-east-1-prod/a2553bdb-c382-4333-ab41-5adcec7d31c1/default.vertical.jobtemplate.hls.m3u8""},{""creator"":""Creator: Influencer"",""duration"":""71s"",""image"":""https://m.media-amazon.com/images/I/C15pPvXXjtL.png"",""name"":""Tools. Electro. DIY"",""title"":""Prepaid SIM data card for Keen camera"",""url"":""https://m.media-amazon.com/images/S/vse-vms-transcoding-artifact-us-east-1-prod/71e27902-6376-4b31-ab8c-8c3cbb6b7b8a/default.jobtemplate.hls.m3u8""},{""creator"":""Creator: Seller"",""duration"":""40s"",""image"":""https://m.media-amazon.com/images/I/B1IbJVNwC7L.png"",""name"":""SpeedTalk Mobile"",""title"":""Starter kit SIM card Smartwatch"",""url"":""https://m.media-amazon.com/images/S/vse-vms-transcoding-artifact-us-east-1-prod/378e1e8a-a5a3-433e-abeb-ed90447a3fbb/default.jobtemplate.hls.m3u8""},{""creator"":""Creator: Customer"",""duration"":""37s"",""image"":""https://m.media-amazon.com/images/I/51GekLVQYnL.jpg"",""name"":""apeman"",""title"":""turn off the Volte and setup the APN"",""url"":""https://m.media-amazon.com/images/S/vse-vms-transcoding-artifact-us-east-1-prod/5a604459-8c7d-4a4f-8340-fcb5b9a09e8a/default.vertical.jobtemplate.hls.m3u8""}]","yes","no","[{""fromManufacturer"":false,""module"":[{""asin"":[""B07HZYDVSX"",""B0FCHPQSWB"",""B0CSHRP6SX"",""B0CLWSGD3V""]},{""image"":[""https://m.media-amazon.com/images/S/aplus-media-library-service-media/209a4efb-927e-4fce-8e95-9fbb85b35677.png""],""imageAltText"":[""sim card""]},{""image"":[""https://m.media-amazon.com/images/S/aplus-media-library-service-media/87f7ba15-2855-4043-b70b-cc798a96acd3.png""],""imageAltText"":[""phone plane, smart watch card, sim card smartband, phone service""],""text"":[""Coast-to-Coast 5G 4G LTE Connection."",""5G 4G LTE Nationwide Coverage Across the United States."",""Stay connected across the USA with SpeedTalk’s 5G 4G LTE SIM card. Designed for smartwatches, our service ensures a strong, consistent signal coast to coast. Enjoy voice, text, and data coverage for your device.""]},{""image"":[""https://m.media-amazon.com/images/S/aplus-media-library-service-media/d66723bf-5c93-4615-85de-31990e4a8aa4.png"",""https://m.media-amazon.com/images/S/aplus-media-library-service-media/4f0c1563-8bc2-4e33-9106-2e99f8084f17.png"",""https://m.media-amazon.com/images/S/aplus-media-library-service-media/e4f17386-fc02-4ee4-8988-44310bd84a55.png""],""imageAltText"":[""sim card"",""desk"",""costumer service""],""text"":[""2"",""Overview"",""3"",""3 in 1 SIM Card"",""4"",""Costumer Service"",""SpeedTalk’s SIM card."",""Perfect SIM Solution for Smartwatch Connectivity."",""Designed for smartwatches."",""Supports voice calls, text messaging. Easy activation, no contracts."",""Nano, Micro, and Standard"",""Universal 3-in-1 SIM Card – Fits All Watch Sizes."",""Our 3 in 1 SIM that fits most kids and seniors smartwatches."",""Easily pop out the size you need."",""By chat, email and phone."",""We’re Here to Help 7 Days a Week."",""Our dedicated team is available to guide you through activation, troubleshooting, and more.""]},{""image"":[""https://m.media-amazon.com/images/S/aplus-media-library-service-media/bab4a325-eac5-451e-bb37-d0bcea0dc8e9.png""],""imageAltText"":[""activation process""],""text"":[""Simple Activation in Just a Few Easy Steps""]},{""text"":[""How do I activate my SpeedTalk SIM card?"",""Activation is simple! Visit our website and follow the instructions. You’ll need the SIM card number to complete the process."",""Is the SIM card compatible with any smartwatch?"",""The SIM card works with most unlocked 4G LTE smartwatches. Make sure your device supports GSM networks for full compatibility with SpeedTalk Mobile."",""What coverage does SpeedTalk Mobile offer?"",""SpeedTalk uses a nationwide 4G LTE network, providing reliable coverage across the U.S. for voice, text, and data services on your smartwatch."",""Can I keep my current phone number?"",""Yes, you can keep your phone number or get a new one. Porting is available during activation. Just follow the instructions and have your current account info ready for a smooth transfer."",""What is the refund policy for the SIM card?"",""Refunds are available within 14 days of activation. No refunds if you use over 30 mins, 15 texts, or 30MB. SIMs bought via SpeedTalk’s Amazon store follow their terms & conditions.""]},{""text"":[""The video showcases the product in use."",""The video guides you through product setup."",""The video compares multiple products."",""The video shows the product being unpacked."",""Speedtalk Smartwatch sim card"",""Merchant Video""],""video"":[""https://m.media-amazon.com/images/S/vse-vms-transcoding-artifact-us-east-1-prod/9fbf305a-45a2-4470-8658-22b8aa39f8b8/default.jobtemplate.hls.m3u8""]}]}]","82","12.6","9.3","0.7","9","1","14","8.5","5.6","0.3","85","","","","","","no","no","","no","no","no","no","","","no","-","","","","1","50","2026/05/22","2000","2023/12/12"
"1","1","1","1","0 %","0 %","0 %","0 %","","","","","","","","","SpeedTalk-Coverage-2GB-30-Trackers","","B0CSHRP6SX","SpeedTalk Data Only SIM Card Prepaid USA Coverage","no","no","no","yes","no","no","yes","yes","no","yes","no","no","no","no","no","no","no","no","no","no","no","no","no","no","no","no","no","no","no","no","no","no","no","no","no","yes","no","no","no","no","no","no","no","com","https://m.media-amazon.com/images/I/61lXe4qPfkL.jpg;https://m.media-amazon.com/images/I/61QpiYvVXCL.jpg;https://m.media-amazon.com/images/I/71SM33gdmeL.jpg;https://m.media-amazon.com/images/I/71f98w+szFL.jpg;https://m.media-amazon.com/images/I/71SlFOwgHhL.jpg;https://m.media-amazon.com/images/I/61RuvwFriwL.jpg","","6","SpeedTalk Data Only SIM Card Prepaid USA Coverage | 2GB for 30 Days | 5G/ 4G LTE Network for IoT, GPS Trackers, Tablets, Trail Cameras | Triple Cut 3-in-1 SIM Kit | No Voice & No Text","","","DATA ONLY PREPAID SIM CARD: Get 2GB of high-speed 5G/4G LTE data for 30 days. This is a prepaid plan. Data only SIM card. No Voice or Text Services.","WORKS WITH MOST IoT DEVICES: Our prepaid data SIM card is compatible with 5G/4G routers, GPS trackers, hunting cameras, solar cams, LTE security cameras, OBD trackers & more. Triple-cut SIM fits Standard, Micro & Nano slots.","NATIONWIDE USA COVERAGE: Stay connected on major US networks with strong, reliable signal across the country. Ideal for hotspots, broadband modems, mobile routers, and remote IoT M2M setups.","NO CONTRACTS, QUICK ACTIVATION: Activate your data SIM card online in minutes. No contracts, cancel anytime. A valid credit card is required for activating the Pre-Paid plan’s Subscription.","EASY MANAGEMENT & RELIABLE SUPPORT: Manage your plan and usage online. For additional help, our live support team is available daily via chat, email, or phone 7 day’s a week","","","","","","13202","14150","15231","23027","39729","-6 %","2 %","13 %","7 %","28,875","69 %","42077","9744","373462","17","44","3.3","224","86","161","Cell Phones & Accessories","wireless_display_on_website","# 22 | Top 0.3% | SIM Cards","","99 %","","216","206","167","97","0 %","-1 %","-4 %","-9 %","21","2026/02/20 04:22","2026/05/26 14:50","2026/05/25 15:04","5.00","","5.00","5.00","5.60","6.08","0 %","0 %","0 %","0 %","$ 2.00","29 %","7.00","5.00","10.00","3","0 %","IN_STOCK","","-","","SpeedTalk Mobile (98%) / A13X3GVNM9G7YR","","0 %","0 %","0 %","0 %","100 %","100 %","99 %","100 %","1","1","1","1","-","-","0.93","8","8","8","yes","no","-","","no","no","no","yes","1","0","0","0","0","0","0","0","","","","","","","","","","","","","","","","100 %","1","1","no Amazon offer exists","","5.00","5.00","5.00","5.57","6.06","0 %","0 %","0 %","0 %","$ 2.00","29 %","7.00","5.00","10.00","0 %","5.00","5.00","5.00","5.63","6.11","0 %","0 %","0 %","0 %","$ 2.00","29 %","7.00","5.00","10.00","3","SpeedTalk Mobile (98%) / A13X3GVNM9G7YR","2.58","15 %","0.75","","","","","","","","","","","","","12.99","12.99","","-","","","","","","","","","","","","","","","","","","","","","","","","","","","","","","","no","","","","","","","","","","","","","","","","100 %","","","","","","","","","","","","","","","","","","","","","","","","","","","","","","","","","","","","","","","","","","","","","","","","","","","","","","","","","","","","","","","","","","","","","","","","","","","","","","","","","","","","","","","","","","","","","","","","","","","10.00","10.00","10.00","10.00","10.00","0 %","0 %","0 %","0 %","$ 0.00","0 %","10.00","10.00","10.00","","","","","","","","","","","","","","","","","","","","","","","","","","","","","","","","","","","","","","","","","","","1","1","1","1","1","1","0 %","0 %","0 %","0 %","1","","","","","","","","","","","","","","","","","","","","","","","","","","","","2024/01/19","2024/01/17","https://www.amazon.com/dp/B0CSHRP6SX?psc=1","https://keepa.com/#!product/1-B0CSHRP6SX","Cell Phones & Accessories","SIM Cards","Cell Phones & Accessories › SIM Cards & Prepaid Minutes › SIM Cards","Wireless","wireless_display_on_website","","0850043471691","","850043471691","","B0FMRLGP8C","B084DD3HB3,B0CSHRP6SX,B0CSVBRFCH,B0CSH7VXK6,B0CSH284FY","5","","B08H5SM9M9,B0F8FS1VVX","SIM_CARD","Speedtalk Mobile","SpeedTalk Mobile","SpeedTalk Mobile","SpeedTalkMobile","https://www.amazon.com/stores/SpeedTalkMobile/page/F3D278F0-9F00-49C0-9A70-02C3A04B24F3","2 GB Data | 30 Days","Model: 2 GB Data | 30 Days;","","","1","Count","","","","","","cell-phone-sim-cards","","","","","","","","","","1","","","","","3","yes","[{""creator"":""Creator: Main"",""duration"":""32s"",""image"":""https://m.media-amazon.com/images/I/815KGYcYwML.png"",""name"":""SpeedTalk Mobile"",""title"":""SpeedTalk Mobile | Data Pland"",""url"":""https://m.media-amazon.com/images/S/vse-vms-transcoding-artifact-us-east-1-prod/a9eb1f02-fbc2-494f-9232-f27f438d99b9/default.jobtemplate.hls.m3u8""}]","[{""creator"":""Creator: Seller"",""duration"":""25s"",""image"":""https://m.media-amazon.com/images/I/91MwdmLDiPL.png"",""name"":""SpeedTalk Mobile"",""title"":""Introducing the triple-cut SIM card"",""url"":""https://m.media-amazon.com/images/S/vse-vms-transcoding-artifact-us-east-1-prod/d1e2733c-3c87-40ed-87d6-0c40f7b433d4/default.jobtemplate.hls.m3u8""},{""creator"":""Creator: Seller"",""duration"":""51s"",""image"":""https://m.media-amazon.com/images/I/419coq6GzML.jpg"",""name"":""SpeedTalk Mobile"",""title"":""SpeedTalk Mobile 5G 4G LTE"",""url"":""https://m.media-amazon.com/images/S/vse-vms-transcoding-artifact-us-east-1-prod/6e998fd1-c990-44a9-9413-cbba65e243ec/default.jobtemplate.hls.m3u8""}]","yes","no","[{""fromManufacturer"":false,""module"":[{""image"":[""https://m.media-amazon.com/images/S/aplus-media-library-service-media/5dd670f2-9666-4438-b988-b5c820714a9d.png""],""imageAltText"":[""sim card mobile hotspot sim card for camera data only sim card gps tracker sim card hotspot sim card""],""text"":[""This Data plan is great choice when you need internet service on your device. With our 3 in 1 Triple Cut SIM Card, stay online and connected. IoT & M2M Devices like Trackers, Asset Trackers, Alarm Systems, Mobile Hot Spots, IOT Cameras, Smartwatches, Car Trackers, GPS Devices and more are compatible with our SIM Cards."",""Running out of Data? You can add more balance through your account. Enjoy using our 5G / 4G LTE service across the US. Check Coverage at STKMap."",""Cancellations can be made any time by contacting technical support team.""]},{""image"":[""https://m.media-amazon.com/images/S/aplus-media-library-service-media/7b9f3402-9de7-478d-89d6-7c176fbcdf77.png""],""imageAltText"":[""micro sim card 5g wifi hotspot sim card tablet data sim card car sim usa sim card us sim card""]},{""image"":[""https://m.media-amazon.com/images/S/aplus-media-library-service-media/d1e0ab17-bc89-4d61-9ec1-efd13f4c282d.png""],""imageAltText"":[""sim card for gps tracker usmobile sim card prepaid data sim card wifi sim card 4g sim card""],""text"":[""Compatible With Many IoT & M2M Devices"",""With the multiple data consuming products in the market, we have done our best to make our SIM Cards compatible with a majority of those devices. Bring your own device (BYOD) and choose the SIM Size that fits it best with our Three in One Triple Cut SIM."",""Nationwide Coverage"",""Coast-to-coast wireless coverage. Forget about loading issues or slow data speeds. We use a nationwide 5G / 4G LTE Network to ensure you stay connected."",""EASY ACTIVATION: Valid credit card is needed at activation, No contracts, Cancel anytime. SpeedTalk Mobile offers its services through subscription plans which auto-renew every service plan cycle. Plan begins as soon as you activate your service. You’ll be charged the rate stated at the time of purchase, every plan period, until you cancel. Cancellations can be made any time by contacting technical support team. A valid credit card is required to cover overages in case you exceed the applicable data limit."",""Live support is ready to help you. Our team is available to help you with activation, set up, APN settings, and more. Contact them via Call, Chat, or email."",""Our representatives are available 7 days a week, 365 days a year. 4:30 AM - 8:30 PM (PDT)""]},{""image"":[""https://m.media-amazon.com/images/S/aplus-media-library-service-media/fb20ad9a-192c-424f-b82d-10867813ba15.png"",""https://m.media-amazon.com/images/S/aplus-media-library-service-media/c1545feb-a21f-4a69-ae1d-af35113012fd.png"",""https://m.media-amazon.com/images/S/aplus-media-library-service-media/98b4bed0-d934-4fdc-b320-d90ec9904bfb.png""],""imageAltText"":[""nano sim card for gps tracker visible sim card 5g sim card 4g lte data only sim card"",""4g lte sim card 4g sim card for security camera buy a sim card data only sim card 5g"",""data sim card for mobile wifi hotspot gps sim card h2o sim card iot data sim iot sim card""],""text"":[""PURCHASE"",""Obtain our versatile 3-in-1 SIM card, featuring standard, micro, and nano sizes for seamless compatibility."",""This SIM card is suitable for use in any unlocked device"",""SHIP"",""Anticipate the arrival of your express shipment from Amazon."",""Delivery time ranges from 2 to 4 days based on the details in your Amazon account."",""PUNCH & ACTIVATE"",""Please visit ACTIVATESPEEDTALK to proceed."",""Activate your SIM card by following the provided instructions."",""Insert the activated SIM card into your device."",""Configure the Access Point Name (APN) settings (refer to your device manual for guidelines)."",""Select a data plan that best suits your needs.""]},{""image"":[""https://m.media-amazon.com/images/S/aplus-media-library-service-media/5c100757-32bf-4e88-9701-2b20d8d9e499.png""],""imageAltText"":[""mobile sim card pay as you go sim card phone sim card prepaid sim card unlimited data""],""text"":[""Set Up APN on your IoT & M2M Device""]},{""asin"":[""B0CSHRP6SX"",""B0CSVBRFCH"",""B0CSH7VXK6"",""B0CSH284FY""]}]}]","205","13.7","8.8","1.7","68","","14","8.5","5.6","0.3","3","","","","","","no","no","","no","no","no","no","","","no","-","","","","","100","2026/03/23","200","2026/03/14"
"2","2","2","2","0 %","0 %","0 %","0 %","","","","","","","","","Tracking-Senior-Child-Devices-Locators","","B07GL7CCLG","SpeedTalk Mobile $5 Preloaded GSM SIM Card 5G 4G LTE GPS Trackers Pet Kids Senior Vehicle Car Tracking Devices | 30 Days Wireless Service US Canada Mexico Roaming","no","no","no","yes","no","no","no","yes","no","yes","no","no","no","no","no","no","no","no","no","no","no","no","no","no","no","no","no","no","no","no","no","no","no","no","no","yes","no","no","no","no","no","no","no","com","https://m.media-amazon.com/images/I/61kK1B-HhXL.jpg;https://m.media-amazon.com/images/I/61IDhDA3gJL.jpg;https://m.media-amazon.com/images/I/71f8EAjLeGL.jpg;https://m.media-amazon.com/images/I/81oSWSIsGmL.jpg;https://m.media-amazon.com/images/I/71f98w+szFL.jpg;https://m.media-amazon.com/images/I/71HtAWbhtkL.jpg;https://m.media-amazon.com/images/I/71TZiGOVCDL.jpg;https://m.media-amazon.com/images/I/61bsqXSxrBL.jpg;https://m.media-amazon.com/images/I/61-Q3zhjeYL.jpg","","9","SpeedTalk Mobile $10 Tracker SIM Card Kit, Unlimited Data for 4G GPS Tracking Devices locators Pet Senior Kids Car | 3 in 1 Simcard Standard Micro Nano | No Contract 30 Days Service Plan US Coverage","","","📍 Unlimited data for GPS tracking: Includes 30 days of unlimited data service, ideal for real-time GPS tracking and low-data devices like pet trackers, car trackers, and security alarms.","U.S.A. Phone Number Included: Get your own U.S. number at activation. Choose a number from your ZIP code, or get one auto assigned to you. Powered by secure U.S.-based company and servers to keep your data protected.","⚙ Easy activation in 3 simple steps: 1) Activate your SIM card online with a valid credit card, 2) Reprogram the APN in your GPS device, 3) Insert the SIM card while the device is powered off — and you’re ready to go.","📡 Works with 5G 4G devices: Compatible with GPS trackers, smartwatches, car locators, and other IoT/M2M devices that require a SIM card for low data usage. only works with unlocked.","💳 Subscription required A valid credit card is needed to activate your plan. No contract, cancel anytime, manage your prepaid GPS SIM easily from our website, with no long-term contracts.","🌍 Nationwide and international coverage Connects to the SpeedTalk GSM network with service in over 200 countries, including the USA, Mexico, and Canada. 2G/3G service is available outside of the USA.","","","","","28379","19270","26025","18944","17381","-13 %","-14 %","-9 %","-47 %","-11,174","-65 %","17205","5458","131341","22","92","3.3","3233","157","236","Cell Phones & Accessories","wireless_display_on_website","# 60 | Top 0.54% | SIM Cards","","","High","3229","3209","3178","3111","0 %","0 %","0 %","-1 %","-","2026/05/01 02:28","2026/05/26 12:48","2026/05/25 15:38","10.00","","10.00","10.00","10.00","10.00","0 %","0 %","0 %","0 %","$ 0.00","0 %","10.00","7.00","13.99","3","1 %","IN_STOCK","","-","","SpeedTalk Mobile (98%) / A13X3GVNM9G7YR","","0 %","0 %","0 %","0 %","100 %","100 %","99 %","100 %","1","1","1","1","-","-","-","8","8","8","yes","no","-","","no","no","no","yes","2","0","0","0","0","0","0","0","","","","","","","","","","","","","","","","100 %","1","1","no Amazon offer exists","","10.00","10.00","10.00","10.00","10.00","0 %","0 %","0 %","0 %","$ 0.00","0 %","10.00","7.00","13.99","0 %","10.00","10.00","10.00","10.00","10.00","0 %","0 %","0 %","0 %","$ 0.00","0 %","10.00","7.00","13.99","6","SpeedTalk Mobile (98%) / A13X3GVNM9G7YR","3.44","15 %","1.50","","","","","","","","","","","","","7.00","13.99","","-","","","","","","","","","","","","","","","","","5.66","5.70","5.70","5.70","","","","","","","","5.66","6.08","","no","","","","5.95","5.95","5.95","","","","","","","","5.34","13.01","96 %","","5.66","5.70","5.70","5.70","","","","","","","","5.66","12.48","","","","","","","","","","","","","5.34","13.01","","","","","","","","","","","","","","","","","","","","","","","","","","","","","","5.66","5.78","5.79","5.79","","","","","","","","5.34","13.01","","","","","","","","","","","","","","","","","","","","","","","","","","","","","10.00","10.00","10.00","10.00","10.00","0 %","0 %","0 %","0 %","$ 0.00","0 %","10.00","10.00","13.99","","","","","","","","","","","","","","","","","","","","","","","","","","","","","","","","","","","","","","","","","","","2","2","2","2","2","2","0 %","0 %","0 %","0 %","2","","","1","1","1","","","","","","","","","","","","","","","","","","","","","","","2018/08/21","2018/08/18","https://www.amazon.com/dp/B07GL7CCLG?psc=1","https://keepa.com/#!product/1-B07GL7CCLG","Cell Phones & Accessories","SIM Cards","Cell Phones & Accessories › SIM Cards & Prepaid Minutes › SIM Cards","Wireless","wireless_display_on_website","","0793052172732","","793052172732","4348158146","B0CY5YV9XR","B07C3H94R8,B07C32C7ZT,B07GL7CCLG","3","","","SIM_CARD","SpeedTalk Mobile","SpeedTalk Mobile","SpeedTalk Mobile","SpeedTalkMobile","https://www.amazon.com/stores/SpeedTalkMobile/page/F3D278F0-9F00-49C0-9A70-02C3A04B24F3","UNLI TRACKING DATA","Model: UNLI TRACKING DATA;","","","3","Count","","","","","","cell-phone-sim-cards","","","","","","","","","","1","","","","","4","yes","[{""creator"":""Creator: Main"",""duration"":""32s"",""image"":""https://m.media-amazon.com/images/I/815KGYcYwML.png"",""name"":""SpeedTalk Mobile"",""title"":""SpeedTalk Mobile | Data Pland"",""url"":""https://m.media-amazon.com/images/S/vse-vms-transcoding-artifact-us-east-1-prod/a9eb1f02-fbc2-494f-9232-f27f438d99b9/default.jobtemplate.hls.m3u8""}]","[{""creator"":""Creator: Seller"",""duration"":""41s"",""image"":""https://m.media-amazon.com/images/I/41NFdbC+dZL.jpg"",""name"":""SpeedTalk Mobile"",""title"":""SpeedTalk Mobile GPS Tracker Plan Sim Card"",""url"":""https://m.media-amazon.com/images/S/vse-vms-transcoding-artifact-us-east-1-prod/c3a7044f-5170-460d-9d4d-419802fb1d76/default.jobtemplate.hls.m3u8""},{""creator"":""Creator: Seller"",""duration"":""25s"",""image"":""https://m.media-amazon.com/images/I/91MwdmLDiPL.png"",""name"":""SpeedTalk Mobile"",""title"":""Introducing the triple-cut SIM card"",""url"":""https://m.media-amazon.com/images/S/vse-vms-transcoding-artifact-us-east-1-prod/d1e2733c-3c87-40ed-87d6-0c40f7b433d4/default.jobtemplate.hls.m3u8""},{""creator"":""Creator: Seller"",""duration"":""25s"",""image"":""https://m.media-amazon.com/images/I/61czzquGXUL.png"",""name"":""SpeedTalk Mobile"",""title"":""How to set the APN settings on your GPS tracker?"",""url"":""https://m.media-amazon.com/images/S/vse-vms-transcoding-artifact-us-east-1-prod/c621f761-1f1b-4d30-bfb8-0d495ca2a43d/default.jobtemplate.hls.m3u8""}]","yes","no","[{""fromManufacturer"":false,""module"":[{""image"":[""https://m.media-amazon.com/images/S/aplus-media-library-service-media/ce134c4c-02f3-412c-96ed-72f05e80e63a.png""],""imageAltText"":[""4g sim card, 5g sim card, buy a sim card, cell phone plans, cell phone service plans, cell plans""]},{""image"":[""https://m.media-amazon.com/images/S/aplus-media-library-service-media/9a1f3f16-ec35-438c-b2d4-8cd9bc8c80e9.png""],""imageAltText"":[""gprs sim card, gsm sim card, gsm unlocked sim, hotspot sim card, iot data sim, lte sim card""],""text"":[""Our prepaid SIM card can be used with any unlocked 5G/4G LTE GSM device such as but not limited to:"",""GPS Trackers"",""GSM compatible GPS GPRS Trackers"",""Car, Motorcycle and Bike Trackers"",""Seniors, Kids, Adults and Personal GPS Trackers"",""Special Needs GPS Trackers"",""Pet, Dog and Cat Trackers"",""Fleet Trackers"",""Magnetic GPS Tracker for Vehicles and Trailers"",""Asset Trackers"",""Small Portable GPS Tracking Device"",""Lone Worker Trackers"",""Any Unlocked Cellular enabled GPS Trackers"",""Please make sure that the device you want to use is unlocked (not tied to another carrier) and compatible with 4G 5G networks""]},{""image"":[""https://m.media-amazon.com/images/S/aplus-media-library-service-media/35ce3d1a-139b-4a90-ac59-ebf67b5b278b.png""],""imageAltText"":[""micro sim card, mobile prepaid plans, mobile sim, mobile sim kit, nano sim card for gps tracker""]},{""image"":[""https://m.media-amazon.com/images/S/aplus-media-library-service-media/2d5adde4-2208-4fe6-8e2c-760c2d1441d0.png""],""imageAltText"":[""no contract cell phone, pay as you go phone, phone plans, phone service plans""]},{""asin"":[""B01N9XPPGZ"",""B07GL7CCLG"",""B0CSVBRFCH""]},{""image"":[""https://m.media-amazon.com/images/S/aplus-media-library-service-media/b4fa1a3e-9428-4ef1-9c07-837e141898fd.png""],""imageAltText"":[""plan celular, plan telefonico, pre paid sim cards, prepaid cell phone minutes, cell phone plans""],""text"":[""Majority of GSM GPS trackers today uses cellular technology to remotely communicate with these devices."",""You will need a SIM card to enable tracking services to work and communicate with the tracker remotely via the phone number associated with the SIM card. Some use text messaging to locate the tracker, other devices use data connection. Either way, our service offer voice call, text and nationwide 5G/4G LTE Data."",""Our service will only work within the United States. * International Roaming is available with purchase of international Add-on."",""Check Coverage at STKMap"",""To activate please visit us at ActivateSpeedTalk."",""NOTE: After SIM activation, it may take up to 24-hrs for the GPRS and data settings to sync and update with your device. Make sure you turned on the power of your device in an area with good signal reception."",""Enterprise, Corporate and Affiliate Accounts are available - online account management portal and API’s to manage multiple SIM cards within single account and one main airtime balance."",""EASY ACTIVATION: Valid credit card is needed at activation. 3 EASY steps. You can also call the toll-free number for assistance. Live costumer service available 7 days a week."",""SpeedTalk Mobile offers its services through subscription plans which auto-renew every 30 days. Plan begins as soon as you activate your SIM card. Plans will auto-renew at the rate stated at the time of purchase, every month, until you cancel. Easy cancellations can be made any time through our website or by contacting support. A valid credit card is required at the time of activation.""]},{""image"":[""https://m.media-amazon.com/images/S/aplus-media-library-service-media/002473fd-7824-48c2-91c4-1fcdeec8fdee.png"",""https://m.media-amazon.com/images/S/aplus-media-library-service-media/cccab6c9-b4a8-4f05-ba1c-356cde80842c.png"",""https://m.media-amazon.com/images/S/aplus-media-library-service-media/2215469c-7d65-451c-b01d-d500a47dc761.png""],""imageAltText"":[""prepaid data sim card, prepaid gsm sim, prepaid mobile plan, prepaid mobile sim"",""prepaid phone cards, prepaid phone plan, prepaid phone sim card, prepaid phones with no contract"",""prepaid sim card unlimited data, refill sim card, secondary sim card, sim activation, esim card""],""text"":[""1. Activate your sim card"",""Start by activating your SIM Car directly on our official website."",""2. Set APN"",""Reprogram your GPS with the following APN settings to ensure proper connectivity:"",""APN: Mobilenet"",""MCC: 310"",""MNC: 240"",""3. Insert SIM & Power On"",""Make sure your device is turned off before inserting the SIM card."",""Once the SIM is securely in place, power on the GPS tracker — and you’re all set!""]}]}]","199","11.9","8.8","1.9","32","1","14","8.5","5.6","0.3","","","","","","","no","no","","no","no","no","no","","","no","-","","","","","200","2026/03/25","400","2025/02/23"
"1","1","1","1","0 %","0 %","0 %","0 %","","","","","","","","","SpeedTalk-Mobile-Unlimited-Talk-Service","","B0773WWM62","","no","no","no","no","no","no","no","no","no","no","no","no","no","no","no","no","no","no","no","no","no","no","no","no","no","no","no","no","no","no","no","no","no","no","no","yes","no","no","no","no","no","no","no","com","https://m.media-amazon.com/images/I/71-9Ym6K3EL.jpg;https://m.media-amazon.com/images/I/61Y-cxQ64mL.jpg;https://m.media-amazon.com/images/I/71fPFUIeNGL.jpg;https://m.media-amazon.com/images/I/71f98w+szFL.jpg;https://m.media-amazon.com/images/I/71HpybktATL.jpg;https://m.media-amazon.com/images/I/61rpmWgpizL.jpg;https://m.media-amazon.com/images/I/71RtRr-292S.jpg;https://m.media-amazon.com/images/I/81TOveC3qUL.jpg;https://m.media-amazon.com/images/I/71Lf1bNfH3L.jpg","","9","SpeedTalk Mobile Prepaid SIM Card Unlimited Talk & Text 6GB of 5G 4G LTE Data 30 Days Cell Phone Service Prepaid Subscription Plan Cancel Anytime 3in1 Simcard -Standard Micro Nano","","","Unlimited Data, Talk & Text on a 5G 4G LTE network. First 6GB at full speed then Unlimited Data for 30 days. $15 monthly","Our SIM card can be used with unlocked Smartphone, Apple iPhone, Android phones, Samsung, LG, Windows, GSM devices such as but not limited to GSM Unlock Cellular Phones.","You have the option to port-in (keep) your existing phone number or get a new one.","EASY ACTIVATION: valid credit card is needed at activation. 3 EASY steps. You can also call us for assistance available. 7 days a week LIVE CUSTOMER SUPPORT when you call our toll-free number. SpeedTalk Mobile offers its services through prepaid subscription plans.","4G 5G LTE NATIONWIDE COVERAGE including Hawaii, Puerto Rico, and US Virgin Islands (does not include Alaska) on the largest and fastest network. Check Coverage at STKMap.","","","","","","195481","164025","138276","162780","131581","-7 %","-15 %","-41 %","-19 %","-30,285","-18 %","165196","12414","281341","4","8","3.4","48","17","61","Cell Phones & Accessories","wireless_display_on_website","# 453 | Top 4% | SIM Cards","","","","48","47","47","237","","","","","-","2026/04/11 12:42","2026/05/17 01:48","2026/05/17 01:48","15.00","","15.00","14.58","14.79","14.34","0 %","0 %","0 %","-3 %","$ 0.00","0 %","15.00","9.00","18.99","","1 %","IN_STOCK","","-","","SpeedTalk Mobile (98%) / A13X3GVNM9G7YR","","0 %","0 %","0 %","0 %","100 %","100 %","100 %","100 %","1","1","1","1","-","1.19","1.58","8","61","61","yes","no","-","","no","no","no","yes","1","0","0","0","0","0","0","0","","","","","","","","","","","","","","","","100 %","1","1","no Amazon offer exists","","15.00","15.00","14.36","14.68","14.28","0 %","0 %","0 %","-4 %","$ 0.00","0 %","15.00","9.00","18.99","1 %","","15.00","14.36","14.67","14.15","","","","","","","","9.50","18.99","","-","3.44","15 %","2.25","","","","","","","","","","","","","","","","-","","","","","","","","","","","","","","","","","","","","","","","","","","","","","","","no","","","","","","","","","","","","","","","","100 %","","","","","","","","","","","","","","","","","","","","","","","","","","","","","","","","","","","","","","","","","","","","","","","","","","","","","","","","","","","","","","","","","","","","","","","","","","","","","","","","","","","","","","","","","","","","","","","","","","","15.00","15.00","15.00","15.00","15.00","0 %","0 %","0 %","0 %","$ 0.00","0 %","15.00","15.00","18.99","","","","","","","","","","","","","","","","","","","","","","","","","","","","","","","","","","","","","","","","","","","1","1","1","1","1","1","0 %","0 %","0 %","0 %","1","","","","","","","","","","","","","","","","","","","","","","","","","","","","2017/12/16","2017/11/03","https://www.amazon.com/dp/B0773WWM62","https://keepa.com/#!product/1-B0773WWM62","Cell Phones & Accessories","SIM Cards","Cell Phones & Accessories › SIM Cards & Prepaid Minutes › SIM Cards","Wireless","wireless_display_on_website","","0793052171223","","793052171223","","","","0","","B08H5SM9M9,B0BS1W6HJM","SIM_CARD","SpeedTalk Mobile","SpeedTalk Mobile","SpeedTalk Mobile","SpeedTalkMobile","https://www.amazon.com/stores/SpeedTalkMobile/page/F3D278F0-9F00-49C0-9A70-02C3A04B24F3","$15 Unli Talk&Text + 6GB","","","","","","","","","","","cell-phone-sim-cards","","","","","","","","","","1","","","","","4","yes","[{""creator"":""Creator: Main"",""duration"":""29s"",""image"":""https://m.media-amazon.com/images/I/716x8Jn4zdL.jpg"",""name"":""SpeedTalk Mobile"",""title"":""SpeedTalk Mobile | Phones"",""url"":""https://m.media-amazon.com/images/S/vse-vms-transcoding-artifact-us-east-1-prod/4ee7f3ee-ddda-43bc-8ab0-342a8c6b316b/default.jobtemplate.hls.m3u8""}]","[{""creator"":""Creator: Seller"",""duration"":""40s"",""image"":""https://m.media-amazon.com/images/I/A1iPJdiNmlL.png"",""name"":""SpeedTalk Mobile"",""title"":""Meet speedtalk Mobile"",""url"":""https://m.media-amazon.com/images/S/vse-vms-transcoding-artifact-us-east-1-prod/5f4cc818-c13a-4876-b5a6-451c5ad555e9/default.jobtemplate.hls.m3u8""},{""creator"":""Creator: Seller"",""duration"":""51s"",""image"":""https://m.media-amazon.com/images/I/419coq6GzML.jpg"",""name"":""SpeedTalk Mobile"",""title"":""SpeedTalk Mobile 5G 4G LTE"",""url"":""https://m.media-amazon.com/images/S/vse-vms-transcoding-artifact-us-east-1-prod/6e998fd1-c990-44a9-9413-cbba65e243ec/default.jobtemplate.hls.m3u8""},{""creator"":""Creator: Seller"",""duration"":""25s"",""image"":""https://m.media-amazon.com/images/I/91MwdmLDiPL.png"",""name"":""SpeedTalk Mobile"",""title"":""Introducing the triple-cut SIM card"",""url"":""https://m.media-amazon.com/images/S/vse-vms-transcoding-artifact-us-east-1-prod/d1e2733c-3c87-40ed-87d6-0c40f7b433d4/default.jobtemplate.hls.m3u8""}]","yes","no","[{""fromManufacturer"":false,""module"":[{""asin"":[""B075QNH2HP"",""B0773WWM62"",""B09R8Y33WV"",""B09GT671CV""]},{""image"":[""https://m.media-amazon.com/images/S/aplus-media-library-service-media/f2b555f1-417c-49c8-9306-f4c98097aba9.png""],""imageAltText"":[""Smartphone Banner""],""text"":[""Speedtalk Mobile carries Prepaid Smartwatch SIMs. Smart Phone SIMs, Tracker SIMS, Alarm System SIMS and more! No Contract, No Credit Check, No Hassle.""]},{""image"":[""https://m.media-amazon.com/images/S/aplus-media-library-service-media/93f064b3-29bc-457c-b2fd-a2c3be95c03f.png""],""imageAltText"":[""15 USD Plan""]},{""text"":[""Speedtalk Features"",""Free SIM Card Included"",""- With the purchase of your first month of service, get a SIM card for your device."",""BYOD, Bring Your Own Device"",""- Our SIM cards are compatible with Apple, Samsung, Windows, Nokia, Motorola, Unlocked ATT, Unlocked T Mobile, and more devices."",""Quick & Simple Set Up"",""- Simple Activation, install the SIM card, then dial, or text away!"",""Costumer service"",""- We are here to help you throughout your activation process. We have Live representatives ready to offer support through live calls, chat, or email."",""Triple Cut SIM Kit"",""- Three In One SIM (fits any device). Standard SIM, Micro SIM and Nano SIM. Just punch out the size you need for your wireless device."",""Port Your Existing Number"",""- You have the option to port-in (keep) your existing phone number or get a new one."",""Nationwide Coverage"",""- Our 5G / 4G LTE service will work within the UNITED STATES. Roaming is available for Canada and Mexico upon request.""]},{""image"":[""https://m.media-amazon.com/images/S/aplus-media-library-service-media/9b3e090e-9b24-457d-9e36-e0b1a3613cfe.png""],""imageAltText"":[""Support""],""text"":[""Your Trusted U.S.-Based Network""]},{""text"":[""Our Commitment to Your Service"",""Our support team is available 7 days a week, 365 days a year. 4:30 AM - 8:30 PM (PDT)."",""SpeedTalk Mobile provides its services through flexible, auto-renewing monthly subscription plans. Your plan begins upon activation and continues month-to-month until you choose to cancel. You will be charged the rate stated at the time of purchase. A valid credit card is required for activation to cover your plan and any potential data overages.""]},{""text"":[""Our Commitment to Your Service"",""Our support team is available 7 days a week, 365 days a year. 4:30 AM - 8:30 PM (PDT)."",""SpeedTalk Mobile provides its services through flexible, auto-renewing monthly subscription plans. Your plan begins upon activation and continues month-to-month until you choose to cancel. You will be charged the rate stated at the time of purchase. A valid credit card is required for activation to cover your plan and any potential data overages.""]}]}]","54","12.1","8.9","0.5","9","1","14","8.5","5.6","0.3","","","","","","","no","no","","no","no","no","no","","","no","-","","","","","","","",""
"1","1","1","1","0 %","0 %","0 %","0 %","","","","","","","","","Tracking-Elderly-SmartWatch-Tracker-Locators","","B07KYVXYKT","","no","no","no","yes","no","no","no","yes","no","yes","no","no","no","no","no","no","no","no","no","no","no","no","no","no","no","no","no","no","no","no","no","no","no","no","no","yes","no","no","no","no","no","no","no","com","https://m.media-amazon.com/images/I/61P0WkJbsDL.jpg;https://m.media-amazon.com/images/I/51IUNAiWmvL.jpg;https://m.media-amazon.com/images/I/71rmmgkfalL.jpg;https://m.media-amazon.com/images/I/81oSWSIsGmL.jpg;https://m.media-amazon.com/images/I/71f98w+szFL.jpg;https://m.media-amazon.com/images/I/81RZ9+YJ9iL.jpg;https://m.media-amazon.com/images/I/71xRTg11YES.jpg;https://m.media-amazon.com/images/I/71Lf1bNfH3L.jpg;https://m.media-amazon.com/images/I/71YymT0LX9L.jpg","","9","SpeedTalk Mobile $30 SIM Card for GSM GPS Tracking Kid Child Elderly Pet SmartWatch Car Tracker Devices Locators - 6 Months Service - USA Canada & Mexico Roaming","","","Plan includes 125 Minutes Call or 250 SMS Text or 125 MB Data every month for 6 Months. Each unit can be used in any combination of Talk/Text/Data. Compatible with any 5G 4G LTE GSM tracker, IoT, M2M.","U.S.A. Phone Number Included: Get your own U.S. number at activation. Choose a number from your ZIP code, or get one auto assigned to you. Powered by secure U.S.-based company and servers to keep your data protected.","Our service will connect you to our SpeedTalk Network and will work in over 200 Countries including the United States Canada, Mexico and internationally.","Our SIM cards are designed for use in All Trackers, IoT devices, tablets, PCs, watches, pet trackers, security cameras, trail and game cameras for hunting, 4G routers, GPS devices, car locators, M2M Devices and more. This SIM kit is pre-cut in 3 sizes to fit any device: Standard, Micro and Nano sizes.","EASY ACTIVATION: Valid credit card is needed at activation, No contracts, Cancel anytime. Speedtalk Mobile offers its services through subscription plans. You can also call us for assistance 7 days a week LIVE CUSTOMER SUPPORT when you call our toll-free number.","You have the option to port-in (keep) your existing phone number or get a new number upon activation. Activate and manage your account with our Mobile App, available for iOS, Android and Desktop.","","","","","81957","113391","145938","100297","91108","53 %","51 %","44 %","28 %","-29,845","-57 %","52112","15464","188764","5","27","3.6","537","61","150","Electronics","ce_display_on_website","# 452 | Top 9% | GPS Trackers","","","","538","538","537","534","","","","","-","2025/07/04 21:24","2026/05/23 09:38","2026/05/10 15:30","30.00","","30.00","30.00","30.00","30.00","0 %","0 %","0 %","0 %","$ 0.00","0 %","30.00","20.39","33.99","","0 %","IN_STOCK","","-","","SpeedTalk Mobile (98%) / A13X3GVNM9G7YR","","0 %","0 %","0 %","0 %","100 %","100 %","100 %","100 %","1","1","1","1","-","-","-","8","8","8","yes","no","-","","no","no","no","yes","1","0","0","0","0","0","0","0","","","","","","","","","","","","","","","","100 %","1","1","no Amazon offer exists","","30.00","30.00","30.00","30.00","30.00","0 %","0 %","0 %","0 %","$ 0.00","0 %","30.00","20.39","33.99","0 %","","30.00","30.00","30.00","30.00","","","","","","","","20.39","33.99","","-","3.44","15 %","4.50","","","","","","","","","","","","","20.39","35.01","","-","","","","","","","","","","","","","24.00","24.00","","","","","","","","","","","","","","13.93","20.35","","no","","","","","","","","","","","","","","13.93","32.29","100 %","","","","","","","","","","","","","18.50","32.29","","","","","","","","","","","","","13.93","28.46","","","","","","","","","","","","","25.42","25.42","","","","","","","","","","","","","","","","","","","","","","","","","","","13.93","32.29","","","","","","","","","","","","","","","","","","","","","","","","","","","","","30.00","30.00","30.00","30.00","30.00","0 %","0 %","0 %","0 %","$ 0.00","0 %","30.00","30.00","33.99","","","","","","","","","","","","","","","","","","","","","","","","","","","","","","","","","","","","","","","","","","","1","1","1","1","1","1","0 %","0 %","0 %","0 %","1","","","","","","","","","","","","","","","","","","","","","","","","","","","","2018/12/09","2018/11/29","https://www.amazon.com/dp/B07KYVXYKT","https://keepa.com/#!product/1-B07KYVXYKT","Electronics","GPS Trackers","Electronics › GPS, Finders & Accessories › GPS Trackers","Sports","sports_display_on_website","","0793052172992","","793052172992","8541746686","","","0","","B07933LMZW,B07KP7L9TR","SIM_CARD","SpeedTalk Mobile","SpeedTalk Mobile","SpeedTalk Mobile","SpeedTalkMobile","https://www.amazon.com/stores/SpeedTalkMobile/page/F3D278F0-9F00-49C0-9A70-02C3A04B24F3","8541746686","","","","","","","","","","","gps-trackers","","","","","","","","","","","","","","","4","yes","[{""creator"":""Creator: Main"",""duration"":""25s"",""image"":""https://m.media-amazon.com/images/I/91MwdmLDiPL.png"",""name"":""SpeedTalk Mobile"",""title"":""Introducing the triple-cut SIM card"",""url"":""https://m.media-amazon.com/images/S/vse-vms-transcoding-artifact-us-east-1-prod/d1e2733c-3c87-40ed-87d6-0c40f7b433d4/default.jobtemplate.hls.m3u8""}]","[{""creator"":""Creator: Seller"",""duration"":""41s"",""image"":""https://m.media-amazon.com/images/I/41NFdbC+dZL.jpg"",""name"":""SpeedTalk Mobile"",""title"":""SpeedTalk Mobile Sim Card GPS Tracker Plans"",""url"":""https://m.media-amazon.com/images/S/vse-vms-transcoding-artifact-us-east-1-prod/e9a6de2d-2cba-4cbd-86a5-6299f126cab0/default.jobtemplate.hls.m3u8""},{""creator"":""Creator: Seller"",""duration"":""25s"",""image"":""https://m.media-amazon.com/images/I/61czzquGXUL.png"",""name"":""SpeedTalk Mobile"",""title"":""How to set the APN settings on your GPS tracker?"",""url"":""https://m.media-amazon.com/images/S/vse-vms-transcoding-artifact-us-east-1-prod/c621f761-1f1b-4d30-bfb8-0d495ca2a43d/default.jobtemplate.hls.m3u8""},{""creator"":""Creator: Customer"",""duration"":""68s"",""image"":""https://m.media-amazon.com/images/I/61vYt4Sbm7L.jpg"",""name"":""Customer Video"",""title"":""Do NOT buy!!! The GPS can stop working any time!"",""url"":""https://m.media-amazon.com/images/S/vse-vms-transcoding-artifact-us-east-1-prod/94086a8e-837d-4c01-9342-8af1684c4883/default.jobtemplate.hls.m3u8""}]","yes","no","[{""fromManufacturer"":false,""module"":[{""asin"":[""B07C32C7ZT"",""B07GL7CCLG"",""B081DCSLWT"",""B09WGX8FKL""]},{""image"":[""https://m.media-amazon.com/images/S/aplus-media-library-service-media/f65bd1cc-c42f-4934-abb0-8c953afebb28.jpg""],""imageAltText"":[""tracker one gps for car sim card, tracker that uses sim, tracking chip for phone, tracking device""]},{""image"":[""https://m.media-amazon.com/images/S/aplus-media-library-service-media/6c912448-0f89-4c48-8cc8-18f5d4743fc8.png""],""imageAltText"":[""tracking device for elderly, tracking device for older adults, trackers for kids,tracker device,""],""text"":[""Our prepaid SIM card can be used with any unlocked 5G 4G LTE GSM device such as but not limited to:"",""GPS Trackers"",""GSM compatible GPS GPRS Trackers"",""Car, Motorcycle and Bike Trackers"",""Seniors, Kids, Adults and Personal GPS Trackers"",""Special Needs GPS Trackers"",""Pet, Dog and Cat Trackers"",""Fleet Trackers"",""Magnetic GPS Tracker for Vehicles and Trailers"",""Asset Trackers"",""Small Portable GPS Tracking Device"",""Lone Worker Trackers"",""Any Unlocked Cellular enabled GPS Trackers""]},{""image"":[""https://m.media-amazon.com/images/S/aplus-media-library-service-media/35ce3d1a-139b-4a90-ac59-ebf67b5b278b.png""],""imageAltText"":[""tracking device in wallet, tracking devices for cars, tracking devices for cars hidden""]},{""image"":[""https://m.media-amazon.com/images/S/aplus-media-library-service-media/3b15e8d1-7a83-4063-9ef3-1def41af1ebe.jpg""],""imageAltText"":[""tracking sim card, triple cut sim, two sim card phone unlocked, universal sim card kit""]},{""image"":[""https://m.media-amazon.com/images/S/aplus-media-library-service-media/aef23ce8-7c7c-46dc-b120-7a0f4015857f.png""],""imageAltText"":[""unlimited data only sim card, unlimited data plan, unlimited data sim, unlimited data sim card""],""text"":[""Majority of GSM GPS trackers today uses cellular technology to remotely communicate with these devices."",""You will need a SIM card to enable tracking services to work and communicate with the tracker remotely via the phone number associated with the SIM card. Some use text messaging to locate the tracker, other devices use data connection. Either way, our service offer voice call, text and nationwide 5G/4G LTE Data."",""Our service will only work within the United States. * International Roaming is available with purchase of international Add-on."",""Check Coverage at STKMap"",""To activate please visit us at ActivateSpeedTalk."",""NOTE: After SIM activation, it may take up to 24-hrs for the GPRS and data settings to sync and update with your device. Make sure you turned on the power of your device in an area with good signal reception."",""Enterprise, Corporate and Affiliate Accounts are available - online account management portal and API’s to manage multiple SIM cards within single account and one main airtime balance."",""SpeedTalk offers its services through subscription plans which auto-renew every 30 days. Service begins as soon as you activate your service. You'll be charged the rate stated at the time of purchase, every month, until you cancel. There is No Contract, Cancellations can be made any time by contacting technical support team. A valid credit card is required to cover overages in case you exceed the applicable Voice, SMS and Data limits. To avoid overage charges, you should purchase the appropriate plan for your anticipated needs.""]},{""image"":[""https://m.media-amazon.com/images/S/aplus-media-library-service-media/9a2dd11a-575d-4841-9eef-2b4a16d65971.png""],""imageAltText"":[""unlimited data sim card for router, unlocked phone sim, unlocked phone with sim""]}]}]","75","12.1","8.9","0.7","9","1","61","8.9","11.4","0.6","","","","","","","no","no","","no","no","no","no","","","no","-","","","","","50","2024/11/16","100","2023/12/21"
"1","1","1","1","0 %","0 %","0 %","0 %","","","","","","","","","SpeedTalk-Mobile-Cellphones-Preloaded-Monthly","","B0CLX4ZRR2","SpeedTalk Mobile Pre-Paid eSIM and SIM Card Starter Kit – No Contract Wireless Plans $5/mo Talk Text Data Unlimited Plans - Cellphone 5G 4G LTE Apple iPhone, Android Smart Phones","no","no","no","no","no","no","no","no","no","no","no","no","no","no","no","no","no","no","no","no","no","no","no","no","no","no","no","no","no","no","no","no","no","no","no","yes","no","no","no","no","no","no","no","com","https://m.media-amazon.com/images/I/71L9AXQnlhL.jpg;https://m.media-amazon.com/images/I/712CJzFcETL.jpg;https://m.media-amazon.com/images/I/71vtBMppjYL.jpg;https://m.media-amazon.com/images/I/71aFLnxg1PL.jpg;https://m.media-amazon.com/images/I/612U5zW+COL.jpg;https://m.media-amazon.com/images/I/71LUAnC87DL.jpg;https://m.media-amazon.com/images/I/61YT8+1CEAL.jpg;https://m.media-amazon.com/images/I/61OAODnmolL.jpg","","8","SpeedTalk Mobile Prepaid Cell Phone SIM Card for Smart Phones & Cellphones | $11 Monthly Plan - Unlimited Talk & Text + 3GB 5G 4G LTE Data | 3-in-1 SIM Card Standard Micro Nano","","","𝗔𝗳𝗳𝗼𝗿𝗱𝗮𝗯𝗹𝗲 & 𝗥𝗲𝗳𝗶𝗹𝗹𝗮𝗯𝗹𝗲 𝗣𝗵𝗼𝗻𝗲 𝗦𝗜𝗠 𝗖𝗮𝗿𝗱: Experience true affordability with SpeedTalk Mobile's prepaid Pay As You Go subscription plan. We offer low rates for text, data, and minutes, whether used individually or in any combination. For only $11 per month, enjoy Unlimited Talk & Text + 3GB Data of 5G 4G LTE (including MMS) for a 30-day period. No worries if you exceed your credits — the plan will automatically renew once all allotted credits have been used.","𝗘𝗮𝘀𝘆 𝗔𝗰𝘁𝗶𝘃𝗮𝘁𝗶𝗼𝗻: A valid credit card is required at activation. No contracts — cancel anytime. SpeedTalk Mobile offers service through subscription plans. Call us for assistance 7 days a week with live technical support through our toll-free number.","𝗛𝗼𝘄 𝗱𝗼𝗲𝘀 𝗶𝘁 𝘄𝗼𝗿𝗸: The SIM Kit includes a 3-in-1 SIM card (standard, micro, and nano sizes) to fit most unlocked devices and supports eSIM activation on Apple, Google, and Samsung devices (please see the device compatibility chart in this listing). Activation is required to begin SpeedTalk Mobile service.","𝗲𝗦𝗜𝗠: Bring your own unlocked phone, keep your current number (or get a new one), and activate online in minutes. During activation, you can choose to keep using your physical SIM or switch to eSIM.","𝗩𝗲𝗿𝘀𝗮𝘁𝗶𝗹𝗲 𝗖𝗼𝗺𝗽𝗮𝘁𝗶𝗯𝗶𝗹𝗶𝘁𝘆: With our Bring Your Own Phone program, you can use any compatible cell phone on the SpeedTalk Mobile network. Our SIM card works with all unlocked 5G 4G LTE compatible phones, including iPhones, Android phones (Samsung Galaxy, Google Pixel), LG phones, Windows phones, and non-smartphones. It’s a triple-cut SIM card available in three sizes (standard/micro/nano), ensuring compatibility with various devices. Simply pop out the size that fits your device and insert it.","𝗞𝗲𝗲𝗽 𝗬𝗼𝘂𝗿 𝗣𝗵𝗼𝗻𝗲 𝗡𝘂𝗺𝗯𝗲𝗿: Stay connected with your current contacts without breaking the bank. You can keep your existing phone number or choose a new one.","𝗧𝗼𝗽-𝗧𝗶𝗲𝗿 𝗡𝗮𝘁𝗶𝗼𝗻𝘄𝗶𝗱𝗲 𝗖𝗼𝘃𝗲𝗿𝗮𝗴𝗲: Say goodbye to dropped calls, slow data, and loading delays. SpeedTalk Mobile delivers expansive 5G 4G LTE coverage across the nation, encompassing Hawaii, Puerto Rico, and the US Virgin Islands, all on the largest and fastest network. For detailed network ranges, refer to the SpeedTalk Mobile Coverage Map.","","","","7813","6822","6614","8027","8952","-12 %","-25 %","-18 %","-15 %","3,787","33 %","11600","4578","281459","27","187","3.4","60","296","540","Cell Phones & Accessories","wireless_display_on_website","# 10 | Top 0.09% | SIM Cards","50","2 %","","60","265","2764","4005","","","","","23","2026/04/03 03:28","2026/05/21 06:44","2026/05/09 08:30","11.00","","11.00","10.82","10.91","10.85","0 %","0 %","0 %","-2 %","$ 0.00","0 %","11.00","8.25","11.00","","0 %","IN_STOCK","","-","","SpeedTalk Mobile (98%) / A13X3GVNM9G7YR","","0 %","0 %","0 %","0 %","100 %","100 %","99 %","100 %","1","1","1","1","-","0.69","0.57","8","61","71","yes","no","-","","no","no","no","yes","1","0","0","0","0","0","0","0","","","","","","","","","","","","","","","","100 %","1","1","no Amazon offer exists","","11.00","11.00","10.80","10.90","10.85","0 %","0 %","0 %","-2 %","$ 0.00","0 %","11.00","8.25","11.00","0 %","","11.00","10.80","10.90","10.84","","","","","","","","8.25","11.00","","-","3.44","15 %","1.65","","","","","","","","","","","","","","","","-","","","","","","","","","","","","","","","","","","","","","","","","","","","","","","","no","","","","","","","","","","","","","","","","100 %","","","","","","","","","","","","","","","","","","","","","","","","","","","","","","","","","","","","","","","","","","","","","","","","","","","","","","","","","","","","","","","","","","","","","","","","","","","","","","","","","","","","","","","","","","","","","","","","","","","11.00","11.00","11.00","11.00","11.00","0 %","0 %","0 %","0 %","$ 0.00","0 %","11.00","2.49","18.00","","","","","","","","","","","","","","","","","","","","","","","","","","","","","","","","","","","","","","","","","","","1","1","1","1","1","1","0 %","0 %","0 %","0 %","1","","","","","","","","","","","","","","","","","","","","","","","","","","","","2023/11/02","2023/10/27","https://www.amazon.com/dp/B0CLX4ZRR2?psc=1","https://keepa.com/#!product/1-B0CLX4ZRR2","Cell Phones & Accessories","SIM Cards","Cell Phones & Accessories › SIM Cards & Prepaid Minutes › SIM Cards","Wireless","wireless_display_on_website","","0850043471530","","850043471530","","B0FM25JPFY","B0CLWYPQLQ,B0CLX4ZRR2,B0CLWSGD3V,B0FZMJSVX8,B0CLX5PS8Z,B0CLWYZ5ND,B01N9XPPGZ","7","","B0DFHRH11D,B07G9P5ZBW","SIM_CARD","SpeedTalk Mobile","SpeedTalk Mobile","SpeedTalk Mobile","SpeedTalkMobile","https://www.amazon.com/stores/SpeedTalkMobile/page/F3D278F0-9F00-49C0-9A70-02C3A04B24F3","3 GB | Unlimited Talk & Text","Model: 3 GB | Unlimited Talk & Text;","","","1","Count","","","","","","cell-phone-sim-cards","","","","","","","","","","0","","","","","5","yes","[{""creator"":""Creator: Main"",""duration"":""31s"",""image"":""https://m.media-amazon.com/images/I/A1nv8OXXjqL.png"",""name"":""SpeedTalk Mobile"",""title"":""SpeedTalk Mobile esim tutorial"",""url"":""https://m.media-amazon.com/images/S/vse-vms-transcoding-artifact-us-east-1-prod/15f35dec-9ea7-4365-b4eb-5b1739415ed4/default.jobtemplate.hls.m3u8""}]","[{""creator"":""Creator: Seller"",""duration"":""29s"",""image"":""https://m.media-amazon.com/images/I/716x8Jn4zdL.jpg"",""name"":""SpeedTalk Mobile"",""title"":""SpeedTalk Mobile | Phones"",""url"":""https://m.media-amazon.com/images/S/vse-vms-transcoding-artifact-us-east-1-prod/4ee7f3ee-ddda-43bc-8ab0-342a8c6b316b/default.jobtemplate.hls.m3u8""},{""creator"":""Creator: Seller"",""duration"":""40s"",""image"":""https://m.media-amazon.com/images/I/A1iPJdiNmlL.png"",""name"":""SpeedTalk Mobile"",""title"":""Meet speedtalk Mobile"",""url"":""https://m.media-amazon.com/images/S/vse-vms-transcoding-artifact-us-east-1-prod/5f4cc818-c13a-4876-b5a6-451c5ad555e9/default.jobtemplate.hls.m3u8""},{""creator"":""Creator: Seller"",""duration"":""51s"",""image"":""https://m.media-amazon.com/images/I/419coq6GzML.jpg"",""name"":""SpeedTalk Mobile"",""title"":""SpeedTalk Mobile 5G 4G LTE"",""url"":""https://m.media-amazon.com/images/S/vse-vms-transcoding-artifact-us-east-1-prod/6e998fd1-c990-44a9-9413-cbba65e243ec/default.jobtemplate.hls.m3u8""},{""creator"":""Creator: Seller"",""duration"":""25s"",""image"":""https://m.media-amazon.com/images/I/91MwdmLDiPL.png"",""name"":""SpeedTalk Mobile"",""title"":""Introducing the triple-cut SIM card"",""url"":""https://m.media-amazon.com/images/S/vse-vms-transcoding-artifact-us-east-1-prod/d1e2733c-3c87-40ed-87d6-0c40f7b433d4/default.jobtemplate.hls.m3u8""}]","yes","no","[{""fromManufacturer"":false,""module"":[{""image"":[""https://m.media-amazon.com/images/S/aplus-media-library-service-media/6f426d13-8cc4-4d14-b535-3702116e5692.jpg""],""imageAltText"":[""Header Image: SIM CARD STARTER KITS, CHOOSE THE PLAN THAT FITS YOU BEST""]},{""image"":[""https://m.media-amazon.com/images/S/aplus-media-library-service-media/be0a90ca-09ee-4eed-a9bb-8a53918df919.png"",""https://m.media-amazon.com/images/S/aplus-media-library-service-media/4ff838f2-6705-4ce5-a22f-340db8d58501.jpg""],""imageAltText"":[""prepaid cell phone, prepaid cell phone minutes, prepaid cell phone plans, prepaid cell phones"",""to be filled""]},{""image"":[""https://m.media-amazon.com/images/S/aplus-media-library-service-media/daecb768-3d95-41aa-91c5-8350dd6cf8b9.jpg"",""https://m.media-amazon.com/images/S/aplus-media-library-service-media/b0f3cfc4-d3fd-4217-bcd8-816ff7dc7f95.jpg"",""https://m.media-amazon.com/images/S/aplus-media-library-service-media/5df9ed1b-72cc-482c-931b-92e21a182268.jpg"",""https://m.media-amazon.com/images/S/aplus-media-library-service-media/69cf9f38-50fa-41c9-8a0f-bd6161be161c.jpg"",""https://m.media-amazon.com/images/S/aplus-media-library-service-media/3aefa78e-d8b1-43f9-a5ce-f45fccd6cc17.jpg""],""imageAltText"":[""to be filled"",""To Be Filled"",""To Be Filled"",""To Be Filled"",""To Be Filled""],""text"":[""1"",""Activate"",""2"",""Choose Your Plan"",""3"",""Keep/Choose Number"",""4"",""Insert Sim"",""5"",""Create Account""]},{""image"":[""https://m.media-amazon.com/images/S/aplus-media-library-service-media/5d418616-4175-4c5a-bdde-567294edba81.jpg""],""imageAltText"":[""To Be Filled""]},{""image"":[""https://m.media-amazon.com/images/S/aplus-media-library-service-media/698783a6-0b95-436d-a3c8-25a5fb515947.jpg"",""https://m.media-amazon.com/images/S/aplus-media-library-service-media/a5ab266f-6920-4680-ab23-f939dcf78d51.jpg"",""https://m.media-amazon.com/images/S/aplus-media-library-service-media/382a29df-7bb2-4210-aaa1-dcc83e939f4b.png"",""https://m.media-amazon.com/images/S/aplus-media-library-service-media/d8c986a6-400b-4c53-a0da-a471d08f4f72.jpg"",""https://m.media-amazon.com/images/S/aplus-media-library-service-media/9a7d2bb7-54bf-48f2-a335-287eac84cab8.jpg""],""imageAltText"":[""sim card"",""sim card"",""sim card"",""sim card"",""sim card""],""text"":[""Sim Card Starter Kits"",""No Contract"",""Data Usage"",""2GB"",""Call and Text"",""30-Day Unlimited"",""5G 4G LTE"",""Learn More"",""No Contract"",""Data Usage"",""None"",""Call and Text"",""Unlimited"",""5G 4G LTE"",""Learn More"",""No Contract"",""Data Usage"",""1GB"",""Call and Text"",""500min Talk+500 Text""]},{""text"":[""The video showcases the product in use."",""The video guides you through product setup."",""The video compares multiple products."",""The video shows the product being unpacked."",""How to Activate Your Sim Card"",""Merchant Video""],""video"":[""https://m.media-amazon.com/images/S/vse-vms-transcoding-artifact-us-east-1-prod/a63d6fc3-aee2-47c3-b3a4-bf46d6bb3578/default.jobtemplate.hls.m3u8""]},{""text"":[""Do I need to sign a contract or commit to a long-term plan?"",""No Contracts required. Our plan is a subscription plan month-month, with no hidden fees. You can cancel anytime."",""Can I keep my current phone number?"",""Yes!""]}]}]","32","12.1","8.9","0.3","18","0","14","8.5","5.6","0.3","","","","","","","no","no","","no","no","no","no","","","no","-","","","","","50","2026/05/22","100","2025/12/25"
"","1","1","1","","","","","","","","","","","","","SpeedTalk-Mobile-Smartwatch-Unlimited-wearables","","B0FP494H7C","SpeedTalk Mobile $11 Preloaded SIM Card Kit for Kids Smart Watch GPS & Activity Tracking | 3 in 1 Simcard - Standard, Micro, Nano | Children GSM 5G 4G LTE Smartwatches Wearables | 30 Days Service Plan","no","no","no","no","no","no","no","no","no","no","no","no","no","no","no","no","no","no","no","no","no","no","no","no","no","no","no","no","no","no","no","no","no","no","yes","yes","no","no","no","no","no","no","no","com","https://m.media-amazon.com/images/I/71hERmCAaxL.jpg;https://m.media-amazon.com/images/I/61zQ0XXtFjL.jpg;https://m.media-amazon.com/images/I/71XbeJAOiSL.jpg;https://m.media-amazon.com/images/I/71f98w+szFL.jpg;https://m.media-amazon.com/images/I/71Q7BB-wKAL.jpg;https://m.media-amazon.com/images/I/71s+arbFFrL.jpg;https://m.media-amazon.com/images/I/510Kv+EzjKL.jpg;https://m.media-amazon.com/images/I/61xLKQqVUqL.jpg","","8","SpeedTalk Mobile Smartwatch SIM Card Plan, Unlimited Talk & Text 2GB hi Speed Data. Designed for Kids smart Watches, GPS trackers & wearables | Standard, Micro, Nano | 5G 4G LTE with US Phone Numbers","","","Kids Smart Watch Plan includes Unlimited Talk & Text & 2GB Data for 30 days","🇺🇸 U.S.A. Phone Number Included: Get your own U.S. number at activation. Choose a number from your ZIP code, or get one auto assigned to you. Powered by secure U.S.-based company and servers to keep your data protected.","EASY ACTIVATION: valid credit card is needed at activation. 3 EASY steps. You can also call us for assistance available. 7 days a week LIVE CUSTOMER SUPPORT when you call our toll-free number. SpeedTalk Mobile offers its services through subscription plans.","SIM & Plan is compatible with 4G 5G LTE GSM Smartwatches and Wearables.","No Activation Fee. No Credit Check. No Contract. You have the option to port-in (keep) your existing phone number or get a new number upon activation. FREE Mobile App to manage your account","Our Service will work within the United States. Please check STKMap to view your network coverage. SpeedTalk Mobile offers its services through subscription plans which auto-renew every 30 days.","","","","","181726","99281","148673","79368","75370","-2 %","-3 %","-22 %","-83 %","-124,915","-99 %","56811","21748","181726","2","20","2.6","10","52","80","Cell Phones & Accessories","wireless_display_on_website","# 409 | Top 4% | SIM Cards","","","","10","9","6","5","","","","","2","2026/04/19 11:50","2026/05/09 08:24","2026/05/09 08:24","","","","11.00","11.00","11.00","","","","","","","11.00","11.00","11.00","","48 %","","","-","","-","","0 %","0 %","0 %","0 %","0 %","52 %","76 %","83 %","0","1","1","1","-","-","-","5","7","7","no","no","-","","no","no","no","no","","","","","","","","","","","","","","","","","","","","","","","","100 %","1","1","no Amazon offer exists","","","","11.00","11.00","11.00","","","","","","","11.00","11.00","11.00","48 %","","","11.00","11.00","11.00","","","","","","","","11.00","11.00","","-","3.86","15 %","-","","","","","","","","","","","","","","","","-","","","","","","","","","","","","","","","","","","","","","","","","","","","","","","","no","","","","","","","","","","","","","","","","100 %","","","","","","","","","","","","","","","","","","","","","","","","","","","","","","","","","","","","","","","","","","","","","","","","","","","","","","","","","","","","","","","","","","","","","","","","","","","","","","","","","","","","","","","","","","","","","","","","","","","11.00","11.00","11.00","11.00","11.00","0 %","0 %","0 %","0 %","$ 0.00","0 %","11.00","11.00","11.00","","","","","","","","","","","","","","","","","","","","","","","","","","","","","","","","","","","","","","","","","","","0","","","1","1","1","","","","","","","","","","","","","","","","","","","","","","","","","","","","","","","","","2025/09/03","2018/10/30","https://www.amazon.com/dp/B0FP494H7C?psc=1","https://keepa.com/#!product/1-B0FP494H7C","Cell Phones & Accessories","SIM Cards","Cell Phones & Accessories › SIM Cards & Prepaid Minutes › SIM Cards","Wireless","wireless_display_on_website","","0850074527503","","850074527503","","B0FP41CG6F","B0FP494H7C","1","","","SIM_CARD","SpeedTalk Mobile","SpeedTalk Mobile","SpeedTalk Mobile","SpeedTalkMobile","https://www.amazon.com/stores/SpeedTalkMobile/page/F3D278F0-9F00-49C0-9A70-02C3A04B24F3","11GB","Model: 11GB;","Original Version","","","","","","","","","cell-phone-sim-cards","","","","","","","","","","1","","","","","0","no","","","yes","no","[{""fromManufacturer"":false,""module"":[{""asin"":[""B07HZYDVSX"",""B0FCHPQSWB"",""B0CSHRP6SX"",""B0CLWSGD3V""]},{""image"":[""https://m.media-amazon.com/images/S/aplus-media-library-service-media/e1ab2fe1-5e11-401a-9ef6-9a30247cc8d4.png""],""imageAltText"":[""sim card""]},{""image"":[""https://m.media-amazon.com/images/S/aplus-media-library-service-media/87f7ba15-2855-4043-b70b-cc798a96acd3.png""],""imageAltText"":[""phone plane, smart watch card, sim card smartband, phone service""],""text"":[""Coast-to-Coast 4G LTE Connection."",""4G LTE Nationwide Coverage Across the United States."",""Stay connected across the USA with SpeedTalk’s 4G LTE SIM card. Designed for smartwatches, our service ensures a strong, consistent signal coast to coast. Enjoy voice, text, and data coverage for your device.""]},{""image"":[""https://m.media-amazon.com/images/S/aplus-media-library-service-media/2e0ce6f3-4433-4ed7-af18-3667b9600260.png"",""https://m.media-amazon.com/images/S/aplus-media-library-service-media/4f0c1563-8bc2-4e33-9106-2e99f8084f17.png"",""https://m.media-amazon.com/images/S/aplus-media-library-service-media/e4f17386-fc02-4ee4-8988-44310bd84a55.png""],""imageAltText"":[""kids smartwatch"",""desk"",""costumer service""],""text"":[""2"",""Overview"",""3"",""3 in 1 SIM Card"",""4"",""Costumer Service"",""SpeedTalk’s SIM card."",""Perfect SIM Solution for Smartwatch Connectivity."",""Designed for smartwatches."",""Supports voice calls, text messaging. Easy activation, no contracts."",""Nano, Micro, and Standard"",""Universal 3-in-1 SIM Card – Fits All Watch Sizes."",""Our 3 in 1 SIM that fits most of the smartwatches."",""Easily pop out the size you need."",""By chat, email and phone."",""We’re Here to Help 7 Days a Week."",""Our dedicated team is available to guide you through activation, troubleshooting, and more.""]},{""image"":[""https://m.media-amazon.com/images/S/aplus-media-library-service-media/bab4a325-eac5-451e-bb37-d0bcea0dc8e9.png""],""imageAltText"":[""activation process""],""text"":[""Simple Activation in Just a Few Easy Steps""]},{""text"":[""How do I activate my SpeedTalk SIM card?"",""Activation is simple! Visit our website and follow the instructions. You’ll need the SIM card number to complete the process."",""Is the SIM card compatible with any smartwatch?"",""The SIM card works with most unlocked 4G LTE smartwatches. Make sure your device supports GSM networks for full compatibility with SpeedTalk Mobile."",""What coverage does SpeedTalk Mobile offer?"",""SpeedTalk uses a nationwide 4G LTE network, providing reliable coverage across the U.S. for voice, text, and data services on your smartwatch."",""Can I keep my current phone number?"",""Yes, you can keep your phone number or get a new one. Porting is available during activation. Just follow the instructions and have your current account info ready for a smooth transfer."",""What is the refund policy for the SIM card?"",""Refunds are available within 14 days of activation. No refunds if you use over 30 mins, 15 texts, or 30MB. SIMs bought via SpeedTalk’s Amazon store follow their terms & conditions.""]},{""text"":[""The video showcases the product in use."",""The video guides you through product setup."",""The video compares multiple products."",""The video shows the product being unpacked."",""Speedtalk Smartwatch sim card"",""Merchant Video""],""video"":[""https://m.media-amazon.com/images/S/vse-vms-transcoding-artifact-us-east-1-prod/9fbf305a-45a2-4470-8658-22b8aa39f8b8/default.jobtemplate.hls.m3u8""]}]}]","251","11.9","8.8","2.4","41","","14","8.5","5.6","0.3","","","","","","","no","no","","no","no","no","no","","","no","-","","","","","50","2026/01/20","50","2026/01/02"
"1","1","1","1","0 %","0 %","0 %","0 %","","","","","","","","","SpeedTalk-Mobile-Unlimited-Talk-Text","","B08HW1L5TB","SpeedTalk Mobile Universal SIM Card Starter Kit for 5G 4G LTE iOS Android Smart Phones | Talk Text Data | Triple Cut 3 in 1 Simcard - Micro Nano | No Contract","no","no","no","no","no","no","no","no","no","no","no","no","no","no","no","no","no","no","no","no","no","no","no","no","no","no","no","no","no","no","no","no","no","no","no","yes","no","no","no","no","no","no","no","com","https://m.media-amazon.com/images/I/71g3TO1MOZL.jpg;https://m.media-amazon.com/images/I/6172qttXvrL.jpg;https://m.media-amazon.com/images/I/71fPFUIeNGL.jpg;https://m.media-amazon.com/images/I/61OVVtmMI5L.jpg;https://m.media-amazon.com/images/I/71f98w+szFL.jpg;https://m.media-amazon.com/images/I/61xEUcrajKL.jpg;https://m.media-amazon.com/images/I/71LnFdaMVHL.jpg;https://m.media-amazon.com/images/I/71HpybktATL.jpg;https://m.media-amazon.com/images/I/61v2Yvfn74L.jpg","","9","SpeedTalk Mobile SIM Card Kit with Unlimited Data Talk & Text for 5G 4G LTE iOS Android Smart Phones | 3 in 1 Simcard Standard Micro Nano | No Contract | 30 Days Wireless Cellphone Plan | US Coverage","","","AFFORDABLE & REFILLABLE PHONE SIM CARD PLAN: Only $18/month get UNLIMITED TALK & UNLIMITED TEXTS + 9GB HIGH SPEED Data plan SIM card kit *then Unlimited 2G Data Speed for 30 days. With Speedtalk mobile SIM card, upgrade, downgrade, & refill your service plan at any time for NO ADDITIONAL FEES, NO CONTRACTS, & NO CREDIT CHECKS. A valid credit card is needed at the time of activation. SpeedTalk Mobile is a subscription wireless service provider.","RELIABLE COVERAGE: We offer 5G 4G LTE NATIONWIDE COVERAGE including Hawaii, Puerto Rico, and US Virgin Islands on the LARGEST AND FASTEST NETWORK. Forget about dropped calls, loading issues or slow data speeds. You can check specific network ranges on the SpeedTalk Mobile Coverage Map.","UNIVERSAL COMPATIBILITY: Bring your own phone allows you to use any compatible cell phone on the SpeedTalk Mobile network. The Sim Card can be used to ACTIVATE ANY UNLOCKED 5G 4G GSM COMPATIBLE PHONE including iPhones, Androids Samsung Galaxy, Google Pixel, LG, Windows, and non-smartphones. Our Sim Card is designed in 3 different sizes (MINI/MICRO/NANO) to ensure that you can use it with a variety of devices. Just punch out the size that fits your device and insert it.","KEEP YOUR PHONE NUMBER: Lose the big bill, not how people contact you. We offer the option to port-in (keep) your existing phone number or get a new one.","EASY ACTIVATION: Valid credit card is needed at activation, No contracts, Cancel anytime. Speedtalk Mobile offers its services through subscription plans. You can also call us for assistance 7 days a week LIVE CUSTOMER SUPPORT when you call our toll-free number.","","","","","","122058","125609","182726","102380","83793","-13 %","28 %","33 %","3 %","-67,311","-99 %","54747","3614","217013","2","18","3.4","474","51","127","Cell Phones & Accessories","wireless_display_on_website","# 278 | Top 5% | SIM Cards","","","","474","655","710","736","","","","","106","2026/03/26 00:28","2026/05/14 21:04","2026/05/07 22:28","18.00","","18.00","17.95","17.97","17.69","0 %","0 %","0 %","0 %","$ 0.00","0 %","18.00","10.80","21.99","","0 %","IN_STOCK","","-","","SpeedTalk Mobile (98%) / A13X3GVNM9G7YR","","0 %","0 %","0 %","0 %","100 %","100 %","99 %","99 %","1","1","1","1","-","0.46","1.02","8","61","71","yes","no","-","","no","no","no","yes","1","0","0","0","0","0","0","0","","","","","","","","","","","","","","","","100 %","1","1","no Amazon offer exists","","18.00","18.00","17.95","17.97","17.69","0 %","0 %","0 %","0 %","$ 0.00","0 %","18.00","7.20","21.99","0 %","","18.00","17.95","17.97","17.71","","","","","","","","10.80","21.99","","-","3.44","15 %","2.70","","","","","","","","","","","","","7.20","23.04","","-","","","","","","","","","","","","","","","","","","","","","","","","","","","","13.90","16.04","","no","","","","","","","","","","","","","","12.83","17.55","100 %","","","","","","","","","","","","","13.90","17.55","","","","","","","","","","","","","","","","","","","","","","","","","","","","","","","","","","","","","","","","","","","","","","","","","","","","","","","13.90","17.55","","","","","","","","","","","","","","","","","","","","","","","","","","","","","18.00","18.00","18.00","18.00","18.00","0 %","0 %","0 %","0 %","$ 0.00","0 %","18.00","18.00","21.99","","","","","","","","","","","","","","","","","","","","","","","","","","","","","","","","","","","","","","","","","","","1","1","1","1","1","1","0 %","0 %","0 %","0 %","1","","","","","","","","","","","","","","","","","","","","","","","","","","","","2020/09/28","2020/08/11","https://www.amazon.com/dp/B08HW1L5TB?psc=1","https://keepa.com/#!product/1-B08HW1L5TB","Cell Phones & Accessories","SIM Cards","Cell Phones & Accessories › SIM Cards & Prepaid Minutes › SIM Cards","Wireless","wireless_display_on_website","","0850016079275","","850016079275","B08HW1L5TB_CA NARF","B0CYCSMXN5","B08HW1L5TB","1","","","SIM_CARD","Speedtalk Mobile","SpeedTalk Mobile","SpeedTalk Mobile","SpeedTalkMobile","https://www.amazon.com/stores/SpeedTalkMobile/page/F3D278F0-9F00-49C0-9A70-02C3A04B24F3","UNLI CALL & TEXT +9GB DATA","Model: UNLI CALL & TEXT +9GB DATA;","","","1","Count","","","","","","cell-phone-sim-cards","","","","","","","","","","1","","","","","8","yes","[{""creator"":""Creator: Main"",""duration"":""29s"",""image"":""https://m.media-amazon.com/images/I/B1MTF2xGmgL.png"",""name"":""SpeedTalk Mobile"",""title"":""SpeedTalk Mobile | Senior Phone Plan 6 GB"",""url"":""https://m.media-amazon.com/images/S/vse-vms-transcoding-artifact-us-east-1-prod/23e91340-8344-4a5a-bb22-58846d583b6c/default.jobtemplate.hls.m3u8""}]","[{""creator"":""Creator: Seller"",""duration"":""15s"",""image"":""https://m.media-amazon.com/images/I/51IskT1m88L.jpg"",""name"":""SpeedTalk Mobile"",""title"":""No Need To Break the Bank! Check out Speedtalk Mobile!"",""url"":""https://m.media-amazon.com/images/S/vse-vms-transcoding-artifact-us-east-1-prod/a73892eb-f30a-4712-a4d6-c8b50ed179f1/default.jobtemplate.hls.m3u8""},{""creator"":""Creator: Seller"",""duration"":""25s"",""image"":""https://m.media-amazon.com/images/I/91MwdmLDiPL.png"",""name"":""SpeedTalk Mobile"",""title"":""Introducing the triple-cut SIM card"",""url"":""https://m.media-amazon.com/images/S/vse-vms-transcoding-artifact-us-east-1-prod/d1e2733c-3c87-40ed-87d6-0c40f7b433d4/default.jobtemplate.hls.m3u8""},{""creator"":""Creator: Seller"",""duration"":""18s"",""image"":""https://m.media-amazon.com/images/I/71rfIaxf++L.jpg"",""name"":""SpeedTalk Mobile"",""title"":""SpeedTalk Mobile | Senior Phone Plan"",""url"":""https://m.media-amazon.com/images/S/vse-vms-transcoding-artifact-us-east-1-prod/1e348b98-214a-4fc3-8820-683fc5c397ba/default.jobtemplate.hls.m3u8""},{""creator"":""Creator: Customer"",""duration"":""5s"",""image"":""https://m.media-amazon.com/images/I/41ddd7WMndL.jpg"",""name"":""Papa Scott"",""title"":""What a Deal for Unlimited Talk Text and 4gb Data too"",""url"":""https://m.media-amazon.com/images/S/vse-vms-transcoding-artifact-us-east-1-prod/400ae574-e46e-428d-aa1d-619c26dc2582/default.jobtemplate.hls.m3u8""},{""creator"":""Creator: Seller"",""duration"":""29s"",""image"":""https://m.media-amazon.com/images/I/716x8Jn4zdL.jpg"",""name"":""SpeedTalk Mobile"",""title"":""SpeedTalk Mobile | Phones"",""url"":""https://m.media-amazon.com/images/S/vse-vms-transcoding-artifact-us-east-1-prod/4ee7f3ee-ddda-43bc-8ab0-342a8c6b316b/default.jobtemplate.hls.m3u8""},{""creator"":""Creator: Seller"",""duration"":""40s"",""image"":""https://m.media-amazon.com/images/I/A1iPJdiNmlL.png"",""name"":""SpeedTalk Mobile"",""title"":""Meet speedtalk Mobile"",""url"":""https://m.media-amazon.com/images/S/vse-vms-transcoding-artifact-us-east-1-prod/5f4cc818-c13a-4876-b5a6-451c5ad555e9/default.jobtemplate.hls.m3u8""},{""creator"":""Creator: Seller"",""duration"":""50s"",""image"":""https://m.media-amazon.com/images/I/51roFvW6RNL.jpg"",""name"":""SpeedTalk Mobile"",""title"":""SpeedTalk Mobile Unlimited Cell Phone Plans Sim Card"",""url"":""https://m.media-amazon.com/images/S/vse-vms-transcoding-artifact-us-east-1-prod/bad92a16-a41f-441b-b9ec-3dd99cf09e4f/default.jobtemplate.hls.m3u8""}]","yes","no","[{""fromManufacturer"":false,""module"":[{""image"":[""https://m.media-amazon.com/images/S/aplus-media-library-service-media/27baff93-4a0c-4d3a-94ac-a5a491619bd6.jpg""],""imageAltText"":[""sim card""]},{""image"":[""https://m.media-amazon.com/images/S/aplus-media-library-service-media/dfa74304-e3f2-49fc-a5d3-a49ebf2a2baa.jpg""],""imageAltText"":[""senior""]},{""image"":[""https://m.media-amazon.com/images/S/aplus-media-library-service-media/1fa004bd-932f-423c-a4e4-e6b819d9c6c9.jpg"",""https://m.media-amazon.com/images/S/aplus-media-library-service-media/3a26bd86-75ca-49ea-a66c-1ff4490b6542.jpg"",""https://m.media-amazon.com/images/S/aplus-media-library-service-media/9bd2f907-09c7-4fe7-bb6b-72ebe5d0a82e.jpg""],""imageAltText"":[""senior"",""senior"",""senior""],""text"":[""SWITCHING IS EASY"",""1"",""Purchase"",""2"",""Activate"",""3"",""Enjoy""]},{""image"":[""https://m.media-amazon.com/images/S/aplus-media-library-service-media/b7d20fb7-c4b2-491b-a7ec-1db8e9d7b26d.jpg""],""imageAltText"":[""senior""]},{""image"":[""https://m.media-amazon.com/images/S/aplus-media-library-service-media/8825c1f1-90f7-438d-9fa4-ff4f6fc3285f.jpg""],""imageAltText"":[""senior""]}]}]","42","12","8.8","0.4","9","1","14","8.5","5.6","0.3","","","","","","","no","no","","no","no","no","no","","","no","-","","","","","50","2023/10/21","50","2023/10/21"
"1","1","1","1","0 %","0 %","0 %","0 %","","","","","","","","","SpeedTalk-Mobile-SIM-SmartWatch-Kit","","B09VMWLG2K","SpeedTalk Mobile Smart Watch SIM Card 150 Talk, 150 Text, 150 MB Data 5G 4G LTE GSM Smartwatches and Wearables - 30 Days Wireless Service","no","no","no","yes","no","no","no","yes","no","yes","no","no","no","no","no","no","yes","yes","yes","yes","yes","yes","no","no","no","no","no","no","yes","yes","no","no","no","no","no","yes","no","no","no","yes","no","no","no","com","https://m.media-amazon.com/images/I/61GB0pnm4VL.jpg;https://m.media-amazon.com/images/I/71RtRr-292S.jpg;https://m.media-amazon.com/images/I/81bYE7NWCtL.jpg;https://m.media-amazon.com/images/I/71f98w+szFL.jpg;https://m.media-amazon.com/images/I/71Z+RTvOEWL.jpg;https://m.media-amazon.com/images/I/81cNX3ZS30L.jpg;https://m.media-amazon.com/images/I/71vooBnwmmL.jpg;https://m.media-amazon.com/images/I/71Lf1bNfH3L.jpg","","8","SpeedTalk Mobile Smart Watch SIM Card 5G 4G LTE GSM Smartwatches and Wearables | 1000 Minutes Talk 500MB Data | 3 in 1 Simcard Standard Micro Nano | 30 Days Wireless Service ($10 SmartWatch SIM Kit)","","","Plan includes 1000 Minutes Talk, 500 SMS & 500MB Data for 30 days. Compatible with unlocked 4G 5G devices.","🇺🇸 U.S.A. Phone Number Included: Get your own U.S. number at activation. Choose a number from your ZIP code, or get one auto assigned to you. Powered by secure U.S.-based company and servers to keep your data protected.","EASY ACTIVATION: Valid credit card is needed at activation, No contracts, Cancel anytime. Speedtalk Mobile offers its services through subscription plans. You can also call us for assistance 7 days a week LIVE CUSTOMER SUPPORT when you call our toll-free number.","Punch out the 3-in-1 ready to use SIM card. Standard SIM, Micro SIM and Nano SIM.","Our Service will work within the United States. Please check STKMap to view your network coverage.","","","","","","41883","37588","43176","34680","23553","-13 %","-7 %","3 %","-11 %","-15,835","-61 %","26048","3292","575531","12","46","3.6","275","94","168","Cell Phones & Accessories","wireless_display_on_website","# 98 | Top 0.96% | SIM Cards","","","","274","270","263","237","0 %","0 %","0 %","-2 %","13","2026/05/24 15:44","2026/05/27 09:54","2026/05/27 09:54","10.00","","10.00","10.00","10.00","10.00","0 %","0 %","0 %","0 %","$ 0.00","0 %","10.00","8.00","10.00","3","0 %","IN_STOCK","","-","","SpeedTalk Mobile (98%) / A13X3GVNM9G7YR","","0 %","0 %","0 %","0 %","100 %","100 %","99 %","99 %","1","1","1","1","-","-","-","8","8","8","yes","no","-","","no","no","no","yes","1","0","1","0","0","0","0","0","","","","","","","","","","","","","","","","100 %","1","1","no Amazon offer exists","","10.00","10.00","10.00","10.00","10.00","0 %","0 %","0 %","0 %","$ 0.00","0 %","10.00","8.00","10.00","0 %","10.00","10.00","10.00","10.00","10.00","0 %","0 %","0 %","0 %","$ 0.00","0 %","10.00","8.00","10.00","3","SpeedTalk Mobile (98%) / A13X3GVNM9G7YR","3.54","15 %","1.50","","","","","","","","","","","","","10.00","10.00","","-","","","","","","","","","","","","","","","","7.92","8.90","8.94","8.94","8.94","0 %","8 %","11 %","11 %","","","","7.92","9.00","Amazon Resale","no","Used - Like New","7.92","8.58","8.72","8.72","8.72","0 %","3 %","8 %","9 %","","","","7.92","9.00","50 %","7.92","8.90","8.94","8.94","8.94","0 %","8 %","11 %","11 %","","","","7.92","9.00","","","","","","","","","","","","","","","","","","","","","","","","","","","","","","","","","","","","","","","","","","","7.92","8.89","8.94","8.94","8.94","21 %","21 %","21 %","21 %","","","","7.92","9.00","","","","","","","","","","","","","","","","","","","","","","","","","","","","","10.00","10.00","10.00","10.00","10.00","0 %","0 %","0 %","0 %","$ 0.00","0 %","10.00","5.00","10.00","","","","","","","","","","","","","","","","","","","","0 %","0 %","0 %","0 %","$ -0.95","-5 %","","","","","","","","","","","","","","","","","","2","1","1","1","1","1","0 %","0 %","0 %","0 %","1","1","1","1","1","1","0 %","0 %","0 %","0 %","","","","","","","","","","","","","","","","","","","2022/06/16","2018/05/10","https://www.amazon.com/dp/B09VMWLG2K?psc=1","https://keepa.com/#!product/1-B09VMWLG2K","Cell Phones & Accessories","SIM Cards","Cell Phones & Accessories › SIM Cards & Prepaid Minutes › SIM Cards","Wireless","wireless_display_on_website","","0850028221594","","850028221594","$10 SmartWatch SIM Kit","B0DKB28TP3","B07HZYDVSX,B09VMWLG2K","2","","B07CZR5N25","SIM_CARD","SpeedTalk Mobile","SpeedTalk Mobile","SpeedTalk Mobile","SpeedTalkMobile","https://www.amazon.com/stores/SpeedTalkMobile/page/F3D278F0-9F00-49C0-9A70-02C3A04B24F3","$10 SmartWatch SIM Kit","Model: $10 SmartWatch SIM Kit;","White","","1","Count","","","","","","cell-phone-sim-cards","","","","","","","","","","1","","","","","4","yes","[{""creator"":""Creator: Main"",""duration"":""35s"",""image"":""https://m.media-amazon.com/images/I/B1dDkjshcjL.png"",""name"":""SpeedTalk Mobile"",""title"":""SpeedTalk Mobile | Smart Watch"",""url"":""https://m.media-amazon.com/images/S/vse-vms-transcoding-artifact-us-east-1-prod/4d551d9f-2934-4f2a-8ef0-434276bc28e3/default.jobtemplate.hls.m3u8""}]","[{""creator"":""Creator: Seller"",""duration"":""51s"",""image"":""https://m.media-amazon.com/images/I/51IrTXbLVZL.jpg"",""name"":""SpeedTalk Mobile"",""title"":""SpeedTalk Mobile Smart Watch Sim Cards"",""url"":""https://m.media-amazon.com/images/S/vse-vms-transcoding-artifact-us-east-1-prod/02fb0e7a-5bee-4899-a3f0-48a7804d32d6/default.jobtemplate.hls.m3u8""},{""creator"":""Creator: Seller"",""duration"":""25s"",""image"":""https://m.media-amazon.com/images/I/91MwdmLDiPL.png"",""name"":""SpeedTalk Mobile"",""title"":""Introducing the triple-cut SIM card"",""url"":""https://m.media-amazon.com/images/S/vse-vms-transcoding-artifact-us-east-1-prod/d1e2733c-3c87-40ed-87d6-0c40f7b433d4/default.jobtemplate.hls.m3u8""},{""creator"":""Creator: Seller"",""duration"":""40s"",""image"":""https://m.media-amazon.com/images/I/B1IbJVNwC7L.png"",""name"":""SpeedTalk Mobile"",""title"":""Starter kit SIM card Smartwatch"",""url"":""https://m.media-amazon.com/images/S/vse-vms-transcoding-artifact-us-east-1-prod/378e1e8a-a5a3-433e-abeb-ed90447a3fbb/default.jobtemplate.hls.m3u8""}]","yes","no","[{""fromManufacturer"":false,""module"":[{""asin"":[""B07HZYDVSX"",""B0FCHPQSWB"",""B0CSHRP6SX"",""B0CLWSGD3V""]},{""image"":[""https://m.media-amazon.com/images/S/aplus-media-library-service-media/fdef6238-661e-41dd-9a6f-4abd824bf489.png""],""imageAltText"":[""10 usd""]},{""image"":[""https://m.media-amazon.com/images/S/aplus-media-library-service-media/87f7ba15-2855-4043-b70b-cc798a96acd3.png""],""imageAltText"":[""phone plane, smart watch card, sim card smartband, phone service""],""text"":[""Coast-to-Coast 5G 4G LTE Connection."",""5G 4G LTE Nationwide Coverage Across the United States."",""Stay connected across the USA with SpeedTalk’s 5G 4G LTE SIM card. Designed for smartwatches, our service ensures a strong, consistent signal coast to coast. Enjoy voice, text, and data coverage for your device.""]},{""image"":[""https://m.media-amazon.com/images/S/aplus-media-library-service-media/edeb60c0-c58a-47a5-8b55-5d8ba084a308.png"",""https://m.media-amazon.com/images/S/aplus-media-library-service-media/4f0c1563-8bc2-4e33-9106-2e99f8084f17.png"",""https://m.media-amazon.com/images/S/aplus-media-library-service-media/e4f17386-fc02-4ee4-8988-44310bd84a55.png""],""imageAltText"":[""10 usd"",""desk"",""costumer service""],""text"":[""2"",""Overview"",""3"",""3 in 1 SIM Card"",""4"",""Costumer Service"",""SpeedTalk’s SIM card."",""Perfect SIM Solution for Smartwatch Connectivity."",""Designed for smartwatches."",""Supports voice calls, text messaging. Easy activation, no contracts."",""Nano, Micro, and Standard"",""Universal 3-in-1 SIM Card – Fits All Watch Sizes."",""our 3 in 1 SIM that fits most of the smartwatches."",""Easily pop out the size you need."",""By chat, email and phone."",""We’re Here to Help 7 Days a Week."",""Our dedicated team is available to guide you through activation, troubleshooting, and more.""]},{""image"":[""https://m.media-amazon.com/images/S/aplus-media-library-service-media/bab4a325-eac5-451e-bb37-d0bcea0dc8e9.png""],""imageAltText"":[""activation process""],""text"":[""Simple Activation in Just a Few Easy Steps""]},{""text"":[""How do I activate my SpeedTalk SIM card?"",""Activation is simple! Visit our website and follow the instructions. You’ll need the SIM card number to complete the process."",""Is the SIM card compatible with any smartwatch?"",""The SIM card works with most unlocked 4G LTE smartwatches. Make sure your device supports GSM networks for full compatibility with SpeedTalk Mobile."",""What coverage does SpeedTalk Mobile offer?"",""SpeedTalk uses a nationwide 4G LTE network, providing reliable coverage across the U.S. for voice, text, and data services on your smartwatch."",""Can I keep my current phone number?"",""Yes, you can keep your phone number or get a new one. Porting is available during activation. Just follow the instructions and have your current account info ready for a smooth transfer."",""What is the return policy for the SIM card?"",""Refunds are available within 14 days of activation. No refunds if you use over 30 mins, 15 texts, or 30MB. SIMs bought via SpeedTalk’s Amazon store follow their terms & conditions.""]},{""text"":[""The video showcases the product in use."",""The video guides you through product setup."",""The video compares multiple products."",""The video shows the product being unpacked."",""Speedtalk Smartwatch sim card"",""Merchant Video""],""video"":[""https://m.media-amazon.com/images/S/vse-vms-transcoding-artifact-us-east-1-prod/9fbf305a-45a2-4470-8658-22b8aa39f8b8/default.jobtemplate.hls.m3u8""]}]}]","140","12.1","8.9","1.3","86","1","61","8.9","11.4","0.6","85","","","","","","no","no","","no","no","no","no","","","no","-","","","","","50","2026/01/14","100","2024/12/19"
"2","2","2","2","0 %","0 %","0 %","0 %","","","","","","","","","SpeedTalk-Mobile-SIM-Starter-Kit","","B0F2JKL14S","SpeedTalk Mobile SIM Card Starter Kit, Smartphone Cell Phone, GPS Tracker and IoT, Plan Starting at $5 Prepaid, Data, Talk and Text, High Speed 5G 4G LTE, Android iOS, USA","no","no","no","no","no","no","no","no","no","no","no","no","no","no","no","no","no","no","no","no","no","no","no","no","no","no","no","no","no","no","no","no","no","no","no","yes","no","no","no","no","no","no","no","com","https://m.media-amazon.com/images/I/71WIgta4PHL.jpg;https://m.media-amazon.com/images/I/61RXitNkBUL.jpg;https://m.media-amazon.com/images/I/71hiRhDWbcL.jpg;https://m.media-amazon.com/images/I/71f98w+szFL.jpg;https://m.media-amazon.com/images/I/71Wv4gAWmRL.jpg;https://m.media-amazon.com/images/I/81oSWSIsGmL.jpg;https://m.media-amazon.com/images/I/81+EkQtDgaL.jpg;https://m.media-amazon.com/images/I/81RZ9+YJ9iL.jpg;https://m.media-amazon.com/images/I/61jtxmx2ziL.jpg","","9","SpeedTalk Mobile SIM Card Starter Kit, Smartphone Cell Phone, GPS Tracker and IoT, Plan Starting at $5 Prepaid, Data, Talk and Text, High Speed 5G 4G LTE, Android iOS, USA, 3 in 1 SIM Kit","","","✅ 𝗔𝗳𝗳𝗼𝗿𝗱𝗮𝗯𝗹𝗲 𝗣𝗹𝗮𝗻𝘀 𝗳𝗿𝗼𝗺 $𝟱/𝗠𝗼𝗻𝘁𝗵 – Choose your plan for your device. Get a SIM card with plans starting at just $5/month. Perfect for Any type of devices, smartphones, cameras, Smartwatch, hotspots, GPS trackers, IoT devices, tablets & more.","✅ 𝗦𝗜𝗠 𝗞𝗶𝘁 𝗶𝗻𝗰𝗹𝘂𝗱𝗲𝘀: 3-in-1 Physical SIM card (standard, micro, and nano sizes) to fit all SIM-compatible devices. During activation, you can choose to keep the physical SIM or switch to an eSIM on compatible Apple, Google, and Samsung smartphones (please see the device compatibility chart in this listing). Activation is required to begin SpeedTalk Mobile service.","✅ 𝗲𝗦𝗜𝗠: Bring your own unlocked phone, keep your current number (or get a new one), and activate online. Use the ICCID number on the SIM card delivered to you for both Physical SIM and eSIM activations. eSIM available on all iPhone 11 and newer, Google phones Pixel 2 or higher, and Samsung phones.","✅ 𝟱𝗚 𝟰𝗚 𝗟𝗧𝗘 𝗛𝗶𝗴𝗵-𝗦𝗽𝗲𝗲𝗱 𝗗𝗮𝘁𝗮 – Stay connected with fast & reliable speeds for talk, text & data. Ideal for Smartphones, hotspot, IoT devices, GPS trackers, Smartwatches, cameras & tablets.","✅ 𝗢𝘂𝗿 𝗦𝗜𝗠 𝗰𝗮𝗿𝗱 𝗰𝗮𝗻 𝗯𝗲 𝘂𝘀𝗲𝗱 𝘄𝗶𝘁𝗵 𝘂𝗻𝗹𝗼𝗰𝗸𝗲𝗱 𝟰𝗚 𝟱𝗚 𝗱𝗲𝘃𝗶𝗰𝗲𝘀: Including smartphones such as Apple iPhone, Android phones. It is also compatible with smartwatches, laptops, tablets, MiFi hotspots, routers, GPS trackers, cameras, and other IoT devices.","✅ 𝟯-𝗶𝗻-𝟭 𝗦𝗜𝗠 𝗖𝗮𝗿𝗱 𝗞𝗶𝘁 – Includes Nano, Micro & Standard SIM card sizes for maximum device compatibility.","✅ 𝗣𝗲𝗿𝗳𝗲𝗰𝘁 𝗳𝗼𝗿 𝗽𝗿𝗶𝗺𝗮𝗿𝘆 𝘀𝗲𝗿𝘃𝗶𝗰𝗲, 𝗯𝘂𝘀𝗶𝗻𝗲𝘀𝘀, 𝗯𝗮𝗰𝗸𝘂𝗽, 𝗮𝗻𝗱 𝗴𝗶𝗳𝘁𝘀 – Works as a U.S. SIM card. Compatible with Unlock Verizon, AT&T and T-Mobile phones and unlocked GSM phones. U.S nationwide coverage 5G 4G LTE.","","","","17097","13467","13882","14327","16168","-1 %","-20 %","-23 %","-27 %","3,541","17 %","20638","9565","94257","11","44","3.4","5072","90","166","Cell Phones & Accessories","wireless_display_on_website","# 33 | Top 0.27% | SIM Cards","100","35 %","","5062","3048","3968","4271","0 %","0 %","0 %","-66 %","20","2026/05/13 06:40","2026/05/25 15:36","2026/05/25 15:36","2.95","","2.92","2.39","2.50","2.24","0 %","0 %","-1 %","-23 %","$ 0.30","9 %","3.25","0.95","5.99","","1 %","IN_STOCK","","-","","SpeedTalk Mobile (98%) / A13X3GVNM9G7YR","","0 %","0 %","0 %","0 %","100 %","99 %","99 %","100 %","1","2","2","2","0.02","0.47","0.81","8","8","78","yes","no","-","","no","no","no","yes","2","0","0","0","0","0","0","0","","","","","","","","","","","","","","","","100 %","1","1","no Amazon offer exists","","2.95","2.92","2.39","2.49","2.24","0 %","0 %","-1 %","-23 %","$ 0.30","9 %","3.25","0.95","5.99","0 %","2.95","2.92","2.39","2.43","2.20","0 %","0 %","-1 %","-23 %","$ 0.30","9 %","3.25","0.95","5.00","","SpeedTalk Mobile (98%) / A13X3GVNM9G7YR","3.01","14.92 %","0.44","","","","","","","","","","","","","4.24","4.24","","-","","","","","","","","","","","","","","","","","","","","","","","","","","","","","","","no","","","","","","","","","","","","","","","","100 %","","","","","","","","","","","","","","","","","","","","","","","","","","","","","","","","","","","","","","","","","","","","","","","","","","","","","","","","","","","","","","","","","","","","","","","","","","","","","","","","","","","","","","","","","","","","","","","","","","","5.00","5.00","5.00","5.00","5.00","0 %","0 %","0 %","0 %","$ 0.00","0 %","5.00","5.00","5.00","","","","","","","","","","","","","","","","","","","","","","","","","","","","","","","","","","","","","","","","","","","2","2","2","2","2","2","0 %","0 %","0 %","0 %","2","","","","","","","","","","","","","","","","","","","","","","","","","","","","2025/04/10","2025/03/27","https://www.amazon.com/dp/B0F2JKL14S?psc=1","https://keepa.com/#!product/1-B0F2JKL14S","Cell Phones & Accessories","SIM Cards","Cell Phones & Accessories › SIM Cards & Prepaid Minutes › SIM Cards","Wireless","wireless_display_on_website","","0850043471974","","850043471974","","B0GVQ39MV6","B07933LMZW,B084RY26BN,B0F2JKL14S","3","","","SIM_CARD","SpeedTalk Mobile","SpeedTalk Mobile","SpeedTalk Mobile","SpeedTalkMobile","https://www.amazon.com/stores/SpeedTalkMobile/page/F3D278F0-9F00-49C0-9A70-02C3A04B24F3","Universal SIM kit","SetName: Universal Sim Card;","","","3","Count","","","","","","cell-phone-sim-cards","","","","","","","","","","1","","","","","7","yes","[{""creator"":""Creator: Main"",""duration"":""66s"",""image"":""https://m.media-amazon.com/images/I/41RrZjKTpvL.jpg"",""name"":""SpeedTalk Mobile"",""title"":""How to activate your plan"",""url"":""https://m.media-amazon.com/images/S/vse-vms-transcoding-artifact-us-east-1-prod/75d106fb-63a3-4c82-8632-0ca18189faa4/default.jobtemplate.hls.m3u8""}]","[{""creator"":""Creator: Seller"",""duration"":""25s"",""image"":""https://m.media-amazon.com/images/I/61czzquGXUL.png"",""name"":""SpeedTalk Mobile"",""title"":""How to set the APN settings on your GPS tracker?"",""url"":""https://m.media-amazon.com/images/S/vse-vms-transcoding-artifact-us-east-1-prod/c621f761-1f1b-4d30-bfb8-0d495ca2a43d/default.jobtemplate.hls.m3u8""},{""creator"":""Creator: Seller"",""duration"":""123s"",""image"":""https://m.media-amazon.com/images/I/617MlXX145L.png"",""name"":""SpeedTalk Mobile"",""title"":""How to insert your SIM Card?"",""url"":""https://m.media-amazon.com/images/S/vse-vms-transcoding-artifact-us-east-1-prod/v2/b3da0dc2-0ad0-5ff7-bd22-ff68cc96ef37/ShortForm-Generic-480p-16-9-1409173089793-rpcbe5.mp4""},{""creator"":""Creator: Seller"",""duration"":""40s"",""image"":""https://m.media-amazon.com/images/I/A1iPJdiNmlL.png"",""name"":""SpeedTalk Mobile"",""title"":""Meet speedtalk Mobile"",""url"":""https://m.media-amazon.com/images/S/vse-vms-transcoding-artifact-us-east-1-prod/5f4cc818-c13a-4876-b5a6-451c5ad555e9/default.jobtemplate.hls.m3u8""},{""creator"":""Creator: Seller"",""duration"":""25s"",""image"":""https://m.media-amazon.com/images/I/91MwdmLDiPL.png"",""name"":""SpeedTalk Mobile"",""title"":""Introducing the triple-cut SIM card"",""url"":""https://m.media-amazon.com/images/S/vse-vms-transcoding-artifact-us-east-1-prod/d1e2733c-3c87-40ed-87d6-0c40f7b433d4/default.jobtemplate.hls.m3u8""},{""creator"":""Creator: Seller"",""duration"":""35s"",""image"":""https://m.media-amazon.com/images/I/81gKRLed4CL.png"",""name"":""SpeedTalk Mobile"",""title"":""SpeedTalk Mobile | Universal Starter Kit"",""url"":""https://m.media-amazon.com/images/S/vse-vms-transcoding-artifact-us-east-1-prod/04f852da-3de2-4c59-a904-4f6d4af35ffb/default.jobtemplate.hls.m3u8""},{""creator"":""Creator: Seller"",""duration"":""29s"",""image"":""https://m.media-amazon.com/images/I/716x8Jn4zdL.jpg"",""name"":""SpeedTalk Mobile"",""title"":""SpeedTalk Mobile | Phones"",""url"":""https://m.media-amazon.com/images/S/vse-vms-transcoding-artifact-us-east-1-prod/4ee7f3ee-ddda-43bc-8ab0-342a8c6b316b/default.jobtemplate.hls.m3u8""}]","yes","no","[{""fromManufacturer"":false,""module"":[{""image"":[""https://m.media-amazon.com/images/S/aplus-media-library-service-media/954c46a4-889f-46ab-a5c6-12d746db071c.png""],""imageAltText"":[""Starting kit""]},{""image"":[""https://m.media-amazon.com/images/S/aplus-media-library-service-media/c61f680b-b7c9-4e66-afb5-b46c4bef894e.png""],""imageAltText"":[""Speedtalk""],""text"":[""Easy activation in just 5 minutes!"",""To activate your service, visit our website, click on \""Activate,\"" enter your SIM card number, fill in your information, and you're all set!""]},{""image"":[""https://m.media-amazon.com/images/S/aplus-media-library-service-media/c1d943c2-cd37-4ce5-a808-d3eb5796121b.png""],""imageAltText"":[""Phones""]},{""image"":[""https://m.media-amazon.com/images/S/aplus-media-library-service-media/9e7d1a6a-65b5-4d8f-b2e0-36af27e5c899.png"",""https://m.media-amazon.com/images/S/aplus-media-library-service-media/c15d6e63-e354-44a4-9db8-a1fa2c2cdcec.png""],""imageAltText"":[""prepaid cell phone plans, prepaid cell phones unlocked, prepaid cell phones with minutes included"",""prepaid data sim card, prepaid gsm sim, prepaid mobile plan, prepaid mobile sim, esim card, esim""],""text"":[""We Have a Plan for Every Need – Choose Yours"",""Cellphones Plans"",""Stay connected with affordable talk & text phone plans from SpeedTalk Mobile. Choose from unlimited talk, text, or low-cost options. Ideal prepaid SIM for primary lines, emergency phones & reliable communication. No contracts."",""Smartphones"",""Flip phones"",""Smartwatches / GPS trackers"",""Android / iPhone"",""Broadband data Plans"",""SpeedTalk Mobile data only plans keep your IoT devices online. Enjoy flexible prepaid options and reliable 5G 4G LTE coverage nationwide. No contract. Ideal data-only SIM card for smart devices, M2M & IoT devices. For:"",""Routers, MiFi, Hotspots"",""Tablets"",""Solar cameras, Trail cameras"",""Alarm systems & more.""]},{""image"":[""https://m.media-amazon.com/images/S/aplus-media-library-service-media/90a2418c-907d-47a5-9eca-0a2212b1231d.png"",""https://m.media-amazon.com/images/S/aplus-media-library-service-media/7b4e7611-e585-4616-ad8c-8323a370022b.png""],""imageAltText"":[""prepaid phone plan, prepaid phone sim card, prepaid phones, prepaid phones with no contract, esim"",""prepaid sim, prepaid sim card, prepaid sim card unlimited data, prepaid sim card usa, refill sim""],""text"":[""Personalized Support"",""Need help? Our friendly customer help team is available 7 days a week via chat, email, or phone. Whether you have questions about activation, plans, or troubleshooting, we’re here to provide personalized assistance and make your experience smooth and stress-free."",""Nationwide Coverage 5G 4G LTE"",""Enjoy reliable 5G 4G LTE with SpeedTalk Mobile. Prepaid SIM card for unlocked phones, GPS trackers, tablets & smart devices. No contract. Great for data, text & talk. Coast-to-coast U.S. coverage—urban, suburban & rural. Works on nationwide GSM network, ideal for IoT and travel use.""]},{""text"":[""The video showcases the product in use."",""The video guides you through product setup."",""The video compares multiple products."",""The video shows the product being unpacked."",""How to Activate Your SpeedTalk Mobile SIM Card"",""Merchant Video"",""How to Activate Your SpeedTalk Mobile SIM Card"",""In this video, we’ll show you how to activate your SpeedTalk Mobile SIM card in just a few simple steps.""],""video"":[""https://m.media-amazon.com/images/S/vse-vms-transcoding-artifact-us-east-1-prod/129de978-6f7a-4e4f-8750-75d0e9195bee/default.jobtemplate.hls.m3u8""]},{""text"":[""Do I need to sign a contract or commit to a long-term plan?"",""No contracts required. Our plan is a subscription plan, month-to-month, with no hidden fees. You can cancel anytime."",""Why does the SIM card not fit in the device slot?"",""Our SIM cards are triple pre-cut, Standard, Micro, and Nano sizes, please look carefully and punch out the size you need for your wireless device. If you've already removed the SIM card from a space that doesn't fit, no worries, you can put it back."",""Can I use this SIM card while traveling in the U.S.?"",""Yes, the plan includes nationwide coverage across the United States. It’s perfect for staying in touch while on the go."",""Can I keep my current phone number?"",""Yes! You can transfer your existing number during activation. Just make sure your current number is still active when you begin the transfer process."",""What is SpeedTalk Mobile’s return policy for SIM cards?"",""Returns are available within 14 days of SIM activation. No returns if usage exceeds 30 mins, 15 texts, 30MB, or any combo of these. SIM must be purchased from the SpeedTalk Mobile Amazon store. SpeedTalk Mobile reserves all rights and service terms.""]}]}]","232","12","8.8","2.2","68","","","","","","","","","","","","no","no","","no","no","no","no","","","no","-","","","","","100","2026/05/14","200","2025/06/12"
"1","1","1","1","0 %","0 %","0 %","0 %","","","","","","","","","SpeedTalk-Mobile-Month-Unlimited-Nationwide","","B08LP1627V","","no","no","no","no","no","no","no","no","no","no","no","no","no","no","no","no","no","no","no","no","no","no","no","no","no","no","no","no","no","no","no","no","no","no","no","yes","no","no","no","no","no","no","no","com","https://m.media-amazon.com/images/I/71p2NMZljzL.jpg;https://m.media-amazon.com/images/I/6172qttXvrL.jpg;https://m.media-amazon.com/images/I/71fPFUIeNGL.jpg;https://m.media-amazon.com/images/I/61wTbNTk+KL.jpg;https://m.media-amazon.com/images/I/71f98w+szFL.jpg;https://m.media-amazon.com/images/I/61xEUcrajKL.jpg;https://m.media-amazon.com/images/I/71LnFdaMVHL.jpg;https://m.media-amazon.com/images/I/71HpybktATL.jpg;https://m.media-amazon.com/images/I/61d+6DxJ61L.jpg","","9","SpeedTalk Mobile $11 Preloaded SIM Card | Unlimited Talk & Text | Triple Cut 3 in 1 Simcard | 30 Days Wireless Service Plan for 5G / 4G LTE Smart Phones and Cellphones | USA Coverage","","","AFFORDABLE & REFILLABLE PLANS: Ditch your overpriced cell phone bill. For only $11 a month, get UNLIMITED TALK & UNLIMITED TEXTS + 3 GB DATA + Wi-Fi Calling for 30 days. Upgrade, downgrade, and refill your service plan at any time. NO CONTRACTS, AND NO CREDIT CHECKS. Use what you need, skip what you don't. We will always send a reminder when it is time to refill your plan so you can stay connected when it matters most.","RELIABLE COVERAGE: We offer 5G 4G LTE NATIONWIDE COVERAGE, including Hawaii, Puerto Rico, and the US Virgin Islands on the LARGEST AND FASTEST NETWORK. Forget about dropped calls, loading issues, or slow data speeds. You can check specific network ranges on the SpeedTalk Mobile Coverage Map.","Our SIM card can be used with unlocked 4G 5G smartphones, Apple iPhone, Android phones, Samsung Galaxy, Google Pixel, LG, Windows, GSM devices, such as but not limited to GSM Unlock Cellular Phones.","HOW DOES IT WORK: The SIM Kit includes a 3-in-1 SIM card (standard, micro, and nano sizes) to fit all SIM Devices and supports eSIM activation on Apple, Google, and Samsung devices(please see device chart in this listing). Activation is required to begin SpeedTalk Mobile service.","eSIM: Bring your own unlocked phone, keep your current number (or get a new one), and activate online. Use the ICCID number on the SIM card delivered to you for both Physical SIM and eSIM activations. eSIM available on all iPhone 11 and newer, Google phones Pixel 2 or higher, and Samsung phones.","EASY ACTIVATION: A Valid credit card is needed at activation. No contracts, Cancel anytime. Speedtalk Mobile offers its services through subscription plans.","","","","","136339","107262","143964","93267","79941","-65 %","4 %","5 %","-27 %","-81,420","-99 %","54919","3438","174193","2","27","3.4","303","72","152","Cell Phones & Accessories","wireless_display_on_website","# 304 | Top 4% | SIM Cards","","","","303","589","677","720","","","","","-","2026/04/02 08:24","2026/05/17 12:40","2026/04/06 20:12","11.00","","11.00","10.81","10.91","10.86","0 %","0 %","0 %","-2 %","$ 0.00","0 %","11.00","6.60","11.00","","0 %","IN_STOCK","","-","","SpeedTalk Mobile (98%) / A13X3GVNM9G7YR","","0 %","0 %","0 %","0 %","100 %","100 %","100 %","100 %","1","1","1","1","-","0.70","0.56","8","61","71","yes","no","-","","no","no","no","yes","1","0","0","0","0","0","0","0","","","","","","","","","","","","","","","","100 %","1","1","no Amazon offer exists","","11.00","11.00","10.85","10.93","10.87","0 %","0 %","0 %","-1 %","$ 0.00","0 %","11.00","4.40","11.00","0 %","","11.00","10.85","10.92","10.85","","","","","","","","6.60","11.00","","-","3.44","15 %","1.65","","","","","","","","","","","","","6.60","16.01","","-","","","","","","","","","","","","","","","","","","","","","","","","","","","","5.03","9.50","","no","","","","","","","","","","","","","","4.72","9.50","100 %","","","","","","","","","","","","","5.03","9.50","","","","","","","","","","","","","","","","","","","","","","","","","","","","","","","","","","","","","","","","","","","","","","","","","","","","","","","5.03","9.50","","","","","","","","","","","","","","","","","","","","","","","","","","","","","11.00","11.00","11.00","11.00","11.00","0 %","0 %","0 %","0 %","$ 0.00","0 %","11.00","11.00","11.00","","","","","","","","","","","","","","","","","","","","","","","","","","","","","","","","","","","","","","","","","","","1","1","1","1","1","1","0 %","0 %","0 %","0 %","1","","","","","","","","","","","","","","","","","","","","","","","","","","","","2020/11/26","2018/08/08","https://www.amazon.com/dp/B08LP1627V","https://keepa.com/#!product/1-B08LP1627V","Cell Phones & Accessories","SIM Cards","Cell Phones & Accessories › SIM Cards & Prepaid Minutes › SIM Cards","Wireless","wireless_display_on_website","","0850016079947","","850016079947","","","","0","","B0F8FS1VVX,B08H5SM9M9","SIM_CARD","SpeedTalk Mobile","SpeedTalk Mobile","SpeedTalk Mobile","SpeedTalkMobile","https://www.amazon.com/stores/SpeedTalkMobile/page/F3D278F0-9F00-49C0-9A70-02C3A04B24F3","UNLI CALL & TEXT + 3GB DATA","","","","","","","","","","","cell-phone-sim-cards","","","","","","","","","","1","","","","","7","yes","[{""creator"":""Creator: Main"",""duration"":""29s"",""image"":""https://m.media-amazon.com/images/I/B1l1gcMJp8L.png"",""name"":""SpeedTalk Mobile"",""title"":""SpeedTalk Mobile | Senior Phone Plan 2 GB"",""url"":""https://m.media-amazon.com/images/S/vse-vms-transcoding-artifact-us-east-1-prod/2fd1dc09-d58f-4f04-8025-3af173b7050e/default.jobtemplate.hls.m3u8""}]","[{""creator"":""Creator: Seller"",""duration"":""50s"",""image"":""https://m.media-amazon.com/images/I/51roFvW6RNL.jpg"",""name"":""SpeedTalk Mobile"",""title"":""SpeedTalk Mobile Unlimited Cell Phone Plans Sim Card"",""url"":""https://m.media-amazon.com/images/S/vse-vms-transcoding-artifact-us-east-1-prod/bad92a16-a41f-441b-b9ec-3dd99cf09e4f/default.jobtemplate.hls.m3u8""},{""creator"":""Creator: Seller"",""duration"":""25s"",""image"":""https://m.media-amazon.com/images/I/91MwdmLDiPL.png"",""name"":""SpeedTalk Mobile"",""title"":""Introducing the triple-cut SIM card"",""url"":""https://m.media-amazon.com/images/S/vse-vms-transcoding-artifact-us-east-1-prod/d1e2733c-3c87-40ed-87d6-0c40f7b433d4/default.jobtemplate.hls.m3u8""},{""creator"":""Creator: Seller"",""duration"":""15s"",""image"":""https://m.media-amazon.com/images/I/51IskT1m88L.jpg"",""name"":""SpeedTalk Mobile"",""title"":""No Need To Break the Bank! Check out Speedtalk Mobile!"",""url"":""https://m.media-amazon.com/images/S/vse-vms-transcoding-artifact-us-east-1-prod/a73892eb-f30a-4712-a4d6-c8b50ed179f1/default.jobtemplate.hls.m3u8""},{""creator"":""Creator: Seller"",""duration"":""18s"",""image"":""https://m.media-amazon.com/images/I/71rfIaxf++L.jpg"",""name"":""SpeedTalk Mobile"",""title"":""SpeedTalk Mobile | Senior Phone Plan"",""url"":""https://m.media-amazon.com/images/S/vse-vms-transcoding-artifact-us-east-1-prod/1e348b98-214a-4fc3-8820-683fc5c397ba/default.jobtemplate.hls.m3u8""},{""creator"":""Creator: Seller"",""duration"":""29s"",""image"":""https://m.media-amazon.com/images/I/716x8Jn4zdL.jpg"",""name"":""SpeedTalk Mobile"",""title"":""SpeedTalk Mobile | Phones"",""url"":""https://m.media-amazon.com/images/S/vse-vms-transcoding-artifact-us-east-1-prod/4ee7f3ee-ddda-43bc-8ab0-342a8c6b316b/default.jobtemplate.hls.m3u8""},{""creator"":""Creator: Seller"",""duration"":""40s"",""image"":""https://m.media-amazon.com/images/I/A1iPJdiNmlL.png"",""name"":""SpeedTalk Mobile"",""title"":""Meet speedtalk Mobile"",""url"":""https://m.media-amazon.com/images/S/vse-vms-transcoding-artifact-us-east-1-prod/5f4cc818-c13a-4876-b5a6-451c5ad555e9/default.jobtemplate.hls.m3u8""}]","yes","no","[{""fromManufacturer"":false,""module"":[{""image"":[""https://m.media-amazon.com/images/S/aplus-media-library-service-media/27baff93-4a0c-4d3a-94ac-a5a491619bd6.jpg""],""imageAltText"":[""sim card""]},{""image"":[""https://m.media-amazon.com/images/S/aplus-media-library-service-media/dfa74304-e3f2-49fc-a5d3-a49ebf2a2baa.jpg""],""imageAltText"":[""senior""]},{""image"":[""https://m.media-amazon.com/images/S/aplus-media-library-service-media/1fa004bd-932f-423c-a4e4-e6b819d9c6c9.jpg"",""https://m.media-amazon.com/images/S/aplus-media-library-service-media/3a26bd86-75ca-49ea-a66c-1ff4490b6542.jpg"",""https://m.media-amazon.com/images/S/aplus-media-library-service-media/9bd2f907-09c7-4fe7-bb6b-72ebe5d0a82e.jpg""],""imageAltText"":[""senior"",""senior"",""senior""],""text"":[""SWITCHING IS EASY"",""1"",""Purchase"",""2"",""Activate"",""3"",""Enjoy""]},{""image"":[""https://m.media-amazon.com/images/S/aplus-media-library-service-media/b7d20fb7-c4b2-491b-a7ec-1db8e9d7b26d.jpg""],""imageAltText"":[""senior""]},{""image"":[""https://m.media-amazon.com/images/S/aplus-media-library-service-media/8825c1f1-90f7-438d-9fa4-ff4f6fc3285f.jpg""],""imageAltText"":[""senior""]}]}]","42","11.9","8.8","0.4","9","1","14","8.5","5.6","0.3","","","","","","","no","no","","no","no","no","no","","","no","-","","","","","","","",""
"1","1","1","1","0 %","0 %","0 %","0 %","","","","","","","","","SpeedTalk-Mobile-Contract-Worldwide-Coverage","","B08D71C57B","","no","no","no","yes","no","no","no","yes","no","yes","no","no","no","no","no","no","no","no","no","no","no","no","no","no","no","no","no","no","no","no","no","no","no","no","no","yes","no","no","no","no","no","no","no","com","https://m.media-amazon.com/images/I/61TEJgZLKwL.jpg;https://m.media-amazon.com/images/I/61XMmAdQWRL.jpg;https://m.media-amazon.com/images/I/71D3BJZPKtL.jpg;https://m.media-amazon.com/images/I/71f98w+szFL.jpg;https://m.media-amazon.com/images/I/71jDSjSnfqL.jpg;https://m.media-amazon.com/images/I/61OVVtmMI5L.jpg;https://m.media-amazon.com/images/I/71d+JPWbraL.jpg","","7","SpeedTalk Mobile IoT SIM Card M2M with 12 Months Service at 64kbps | 2G/3G/4G Devices | No Contract | Data SIM | Worldwide Coverage","","","$12/year | 1MB included @64kbps | No SMS | No Voice","Connect IoT(Internet of Things) /M2M (Machine to Machine) devices to the cloud securely in minutes.","Full device and network control via console or API.","Available 2G, 3G, 4G, 5G LTE, CAT-M, NB-IoT LTE 4G LTE connectivity, SIM cards are Triple cut to fit any device or industrial SIM cards.","Ideal for fast prototyping and full-scale deployment. Optimized for IoT/M2M data.","","","","","","119508","115370","118672","112594","104305","-39 %","-30 %","-1 %","-4 %","-2,122","-2 %","117386","33895","327571","5","20","2.9","25","43","102","Cell Phones & Accessories","wireless_display_on_website","# 268 | Top 3% | SIM Cards","","","","25","24","23","21","0 %","0 %","0 %","-4 %","-","2026/02/17 16:22","2026/05/24 22:18","2026/05/24 22:18","12.00","","12.00","12.00","12.00","12.00","0 %","0 %","0 %","0 %","$ 0.00","0 %","12.00","9.00","12.00","","0 %","IN_STOCK","","-","","SpeedTalk Mobile (98%) / A13X3GVNM9G7YR","","0 %","0 %","0 %","0 %","100 %","100 %","100 %","100 %","1","1","1","1","-","-","-","8","8","8","yes","no","-","","no","no","no","yes","1","0","0","0","0","0","0","0","","","","","","","","","","","","","","","","100 %","1","1","no Amazon offer exists","","12.00","12.00","12.00","12.00","12.00","0 %","0 %","0 %","0 %","$ 0.00","0 %","12.00","9.00","12.00","0 %","12.00","12.00","12.00","12.00","12.00","0 %","0 %","0 %","0 %","$ 0.00","0 %","12.00","9.00","12.00","","SpeedTalk Mobile (98%) / A13X3GVNM9G7YR","3.44","15 %","1.80","","","","","","","","","","","","","","","","-","","","","","","","","","","","","","9.60","9.60","","","","","","","","","","","","","","","","","no","","","","","","","","","","","","","","","","100 %","","","","","","","","","","","","","","","","","","","","","","","","","","","","","","","","","","","","","","","","","","","","","","","","","","","","","","","","","","","","","","","","","","","","","","","","","","","","","","","","","","","","","","","","","","","","","","","","","","","12.00","12.00","12.00","12.00","12.00","0 %","0 %","0 %","0 %","$ 0.00","0 %","12.00","12.00","12.00","","","","","","","","","","","","","","","","","","","","","","","","","","","","","","","","","","","","","","","","","","","1","1","1","1","1","1","0 %","0 %","0 %","0 %","1","","","","","","","","","","","","","","","","","","","","","","","","","","","","2020/10/09","2018/10/01","https://www.amazon.com/dp/B08D71C57B","https://keepa.com/#!product/1-B08D71C57B","Cell Phones & Accessories","SIM Cards","Cell Phones & Accessories › SIM Cards & Prepaid Minutes › SIM Cards","Wireless","wireless_display_on_website","","0850016079763","","850016079763","","","","0","","B07JKMCLXL","SIM_CARD","SpeedTalk Mobile","SpeedTalk Mobile","SpeedTalk Mobile","SpeedTalkMobile","https://www.amazon.com/stores/SpeedTalkMobile/page/F3D278F0-9F00-49C0-9A70-02C3A04B24F3","","","","","","","","","","","","cell-phone-sim-cards","","","","","","","","","","1","","","","","2","yes","[{""creator"":""Creator: Main"",""duration"":""25s"",""image"":""https://m.media-amazon.com/images/I/91MwdmLDiPL.png"",""name"":""SpeedTalk Mobile"",""title"":""Introducing the triple-cut SIM card"",""url"":""https://m.media-amazon.com/images/S/vse-vms-transcoding-artifact-us-east-1-prod/d1e2733c-3c87-40ed-87d6-0c40f7b433d4/default.jobtemplate.hls.m3u8""}]","[{""creator"":""Creator: Seller"",""duration"":""48s"",""image"":""https://m.media-amazon.com/images/I/51QbQQOh7QL.jpg"",""name"":""SpeedTalk Mobile"",""title"":""SpeedTalk Mobile Worldwide Plan Travel Sim Card"",""url"":""https://m.media-amazon.com/images/S/vse-vms-transcoding-artifact-us-east-1-prod/0be96bad-acd9-4d0f-b180-d28932295af6/default.jobtemplate.hls.m3u8""}]","yes","no","[{""fromManufacturer"":false,""module"":[{""image"":[""https://m.media-amazon.com/images/S/aplus-media/sc/e483e0c3-110d-4031-8673-f362951c0f35.jpg""],""imageAltText"":[""TOP BANNER""]},{""image"":[""https://m.media-amazon.com/images/S/aplus-media/sc/dd8715c2-deb3-437a-8ef9-6a77f36317e9.jpg""],""imageAltText"":[""IOT BANNER""]},{""image"":[""https://m.media-amazon.com/images/S/aplus-media/sc/4d5294fc-91df-46e0-bcf2-3b48115b7663.jpg""],""imageAltText"":[""api""],""text"":[""SpeedTalk IoT/M2M connectivity is designed specifically for the needs of connected devices and IoT developers."",""SpeedTalk’s App, Portal and APIs let you activate, deactivate, pause, restart, track data usage, change data transmission speeds and more for any SIM on your network."",""Whether you're a developer working with a handful of devices for prototyping or scaling up to full deployment or commercial release, SpeedTalk IoT delivers what you need."",""Start with pay-as-you go service or customized plans that work in over 200 countries worldwide, with no contracts and amazingly low rates. From your very first SIM, you get full access to the all SpeedTalk IoT resources, Mobile App’s, Web based Portal & APIs, and advanced cloud services."",""To Check Coverage: STKMap"",""To Activate: ActivateSpeedTalk"",""To Refill: RefillSpeedtalk"",""Overages will be charged with 5USD CASH CARD Add-on at below rates:"",""DATA overages rate within UNITED STATES : 0.02USD/MB"",""DATA overages rate within CANADA-MEXICO Roaming : 0.04USD/MB"",""DATA overages rate within International-Roaming : 0.05USD/MB""]},{""image"":[""https://m.media-amazon.com/images/S/aplus-media/sc/faf4d438-e5a4-4452-9361-ddaa596af522.jpg""],""imageAltText"":[""TRICUT""]},{""image"":[""https://m.media-amazon.com/images/S/aplus-media/sc/68585243-8d07-4df3-ad9d-9a839d10bb92.jpg""],""imageAltText"":[""NO CANCELLATION""]},{""image"":[""https://m.media-amazon.com/images/S/aplus-media/sc/071bd330-e970-48d4-bdc0-1863564961c1.jpg""],""imageAltText"":[""International Roaming""]}]}]","58","15.2","12.7","0.3","45","1","14","8.5","5.6","0.3","","","","","","","no","no","","no","no","no","no","","","no","-","","","","","","","",""
"1","1","1","1","0 %","0 %","0 %","0 %","","","","","","","","","SpeedTalk-Preloaded-Smartwatches-Wearables-Tracking","","B07FCWK5LC","","no","no","no","yes","no","no","no","yes","no","yes","no","no","no","no","no","no","no","no","no","no","no","no","no","no","no","no","no","no","no","no","no","no","no","no","no","yes","no","no","no","no","no","no","no","com","https://m.media-amazon.com/images/I/41wLwsmHpXL.jpg;https://m.media-amazon.com/images/I/71RtRr-292S.jpg;https://m.media-amazon.com/images/I/71xRTg11YES.jpg;https://m.media-amazon.com/images/I/81IhyUa3jKL.jpg;https://m.media-amazon.com/images/I/71f98w+szFL.jpg;https://m.media-amazon.com/images/I/81UtmmINOsL.jpg;https://m.media-amazon.com/images/I/51Tt4PdcRuS.jpg;https://m.media-amazon.com/images/I/71yxeGBeF2L.jpg","","8","SpeedTalk Mobile $6 Preloaded Smart Watch SIM Card Kit for 4G LTE Kids Senior Smartwatches & Wearables | GPS Tracking | 3 in 1 Simcard - Standard, Micro, Nano | No Contract | 30 Days Service Plan","","","Includes 200 Minutes & 60 Text & 200MB for 30 days; SIM & Plan is compatible with 4G 5G LTE GSM Kids Smart watches and Wearables.","U.S.A. Phone Number Included: Get your own U.S. number at activation. Choose a number from your ZIP code, or get one auto assigned to you. Powered by secure U.S.-based company and servers to keep your data protected.","Punch out triple cut SIM (fits any device – standard SIM, micro SIM, nano SIM).","EASY ACTIVATION: Valid credit card is needed at activation. No contracts. Cancel anytime. SpeedTalk Mobile offers its services through subscription plans. 3 EASY steps. You can also call us for assistance 7 days a week with LIVE CUSTOMER SUPPORT when you call our toll-free number.","Service will work within the United States. Please check STKMap to view your network coverage.","No Activation Fee. No Contract. No Credit Check.","","","","","103232","110378","132955","99842","110216","26 %","17 %","22 %","6 %","13,238","11 %","116470","20148","220274","5","20","3.2","98","58","98","Cell Phones & Accessories","wireless_display_on_website","# 234 | Top 4% | SIM Cards","","","","98","97","97","96","","","","","-","2026/02/15 00:56","2026/05/27 05:24","2026/05/18 17:04","6.00","","6.00","6.00","5.92","5.96","0 %","0 %","0 %","0 %","$ 0.00","0 %","6.00","4.50","11.99","3","0 %","IN_STOCK","","-","","SpeedTalk Mobile (98%) / A13X3GVNM9G7YR","","0 %","0 %","0 %","0 %","100 %","100 %","95 %","96 %","1","1","1","1","-","-","0.18","8","8","51","yes","no","-","","no","no","no","yes","1","0","0","0","0","0","0","0","","","","","","","","","","","","","","","","100 %","1","1","no Amazon offer exists","","6.00","6.00","6.00","5.92","5.96","0 %","0 %","0 %","0 %","$ 0.00","0 %","6.00","4.50","11.99","0 %","","6.00","6.00","5.88","5.94","","","","","","","","4.50","11.99","3","-","2.52","15 %","0.90","","","","","","","","","","","","","6.00","12.48","","-","","","","","","","","","","","","","","","","","","","","","","","","","","","","","","","no","","","","","","","","","","","","","","4.75","5.52","100 %","","","","","","","","","","","","","4.79","5.47","","","","","","","","","","","","","5.52","5.52","","","","","","","","","","","","","","","","","","","","","","","","","","","","","","","","","","","","","","","","","4.79","5.52","","","","","","","","","","","","","","","","","","","","","","","","","","","","","6.00","6.00","6.00","6.00","6.00","0 %","0 %","0 %","0 %","$ 0.00","0 %","6.00","6.00","11.99","","","","","","","","","","","","","","","","","","","","","","","","","","","","","","","","","","","","","","","","","","","1","1","1","1","1","1","0 %","0 %","0 %","0 %","1","","","","","","","","","","","","","","","","","","","","","","","","","","","","2018/07/12","2018/06/29","https://www.amazon.com/dp/B07FCWK5LC","https://keepa.com/#!product/1-B07FCWK5LC","Cell Phones & Accessories","SIM Cards","Cell Phones & Accessories › SIM Cards & Prepaid Minutes › SIM Cards","Wireless","wireless_display_on_website","","0793052172039","","793052172039","","","","0","","B07JYMMWR7,B07CZR5N25","SIM_CARD","STK","Padfender","","","","","","","","","","","","","","","cell-phone-sim-cards","","","","","","","","","","1","","","","","0","no","","","yes","no","[{""fromManufacturer"":false,""module"":[{""asin"":[""B07JYMMWR7"",""B07FCWK5LC"",""B07K2HKJRN""]},{""image"":[""https://m.media-amazon.com/images/S/aplus-media-library-service-media/2d1b677e-f8ba-4a5b-9e83-35f4d9f0ca9d.png""],""imageAltText"":[""B07FCWK5LC""]},{""image"":[""https://m.media-amazon.com/images/S/aplus-media-library-service-media/a2d35924-9282-45f3-8d9c-06706718cffb.png""],""imageAltText"":[""sim card""]},{""image"":[""https://m.media-amazon.com/images/S/aplus-media-library-service-media/75b79715-4ae3-4a94-90fc-d207cbbde8eb.png""],""imageAltText"":[""sim card""]},{""image"":[""https://m.media-amazon.com/images/S/aplus-media-library-service-media/bcda52bb-9309-4b3b-a391-d785c76eeaf5.png""],""imageAltText"":[""Universal 3 in 1 SIM Card""]},{""image"":[""https://m.media-amazon.com/images/S/aplus-media-library-service-media/cc5ebbfd-d6b1-4bfa-94b3-c8cdf76c1c23.png""],""imageAltText"":[""Custromer Assitance""]},{""image"":[""https://m.media-amazon.com/images/S/aplus-media-library-service-media/1624e0c1-deb9-459a-930f-583b66a6c8c8.png"",""https://m.media-amazon.com/images/S/aplus-media-library-service-media/5eb5fee1-f334-47b1-9dc3-11dd5951fde5.png"",""https://m.media-amazon.com/images/S/aplus-media-library-service-media/1f6f2929-fbf3-48e1-9795-46b975df4692.png"",""https://m.media-amazon.com/images/S/aplus-media-library-service-media/f527ad6b-142a-4d8e-a931-dee81dbe33b0.png""],""imageAltText"":[""Step 1 Activation"",""Step 2 Activation"",""Step 3 Activation"",""Step 4 ACtivation""]}]}]","48","14","11.4","0.3","5","1","14","8.5","5.6","0.3","","","","","","","no","no","","no","no","no","no","","","no","-","","","","","50","2024/01/03","50","2024/01/03"
"1","1","1","1","0 %","0 %","0 %","0 %","","","","","","","","","SpeedTalk-Mobile-Phones-Cellphones-Monthly","","B0CLWSGD3V","SpeedTalk Mobile Pre-Paid eSIM and SIM Card Starter Kit – No Contract Wireless Plans $5/mo Talk Text Data Unlimited Plans - Cellphone 5G 4G LTE Apple iPhone, Android Smart Phones","no","no","no","no","no","no","no","no","no","no","no","no","no","no","no","no","no","no","no","no","no","no","no","no","no","no","no","no","no","no","no","no","no","no","no","yes","no","no","no","no","no","no","no","com","https://m.media-amazon.com/images/I/71LDOAk1G0L.jpg;https://m.media-amazon.com/images/I/712CJzFcETL.jpg;https://m.media-amazon.com/images/I/71vtBMppjYL.jpg;https://m.media-amazon.com/images/I/71aFLnxg1PL.jpg;https://m.media-amazon.com/images/I/612U5zW+COL.jpg;https://m.media-amazon.com/images/I/71LUAnC87DL.jpg;https://m.media-amazon.com/images/I/61YT8+1CEAL.jpg;https://m.media-amazon.com/images/I/61OAODnmolL.jpg","","8","SpeedTalk Mobile $15 Monthly Plan – Prepaid Unlimited Talk & Text + 6 GB Data on a 5G 4G LTE Data | 3-in-1 SIM Card Standard Micro Nano Size | 30 Days USA Wireless Prepaid SIM Subscription Plan","","","𝗔𝗳𝗳𝗼𝗿𝗱𝗮𝗯𝗹𝗲 & 𝗥𝗲𝗳𝗶𝗹𝗹𝗮𝗯𝗹𝗲 𝗣𝗵𝗼𝗻𝗲 𝗦𝗜𝗠 𝗖𝗮𝗿𝗱: Experience true affordability with SpeedTalk Mobile's prepaid Pay As You Go subscription plan. We offer low rates for text, data, and minutes, whether used individually or in any combination. For only $15 per month, enjoy Unlimited Talk & Text + 6GB Data of 5G 4G LTE (including MMS) for a 30-day period. No worries if you exceed your credits — the plan will automatically renew once all allotted credits have been used.","𝗘𝗮𝘀𝘆 𝗔𝗰𝘁𝗶𝘃𝗮𝘁𝗶𝗼𝗻: A valid credit card is required at activation. No contracts — cancel anytime. SpeedTalk Mobile offers service through subscription plans. Call us for assistance 7 days a week with live technical support through our toll-free number.","𝗛𝗼𝘄 𝗱𝗼𝗲𝘀 𝗶𝘁 𝘄𝗼𝗿𝗸: The SIM Kit includes a 3-in-1 SIM card (standard, micro, and nano sizes) to fit most unlocked devices and supports eSIM activation on Apple, Google, and Samsung devices (please see the device compatibility chart in this listing). Activation is required to begin SpeedTalk Mobile service.","𝗲𝗦𝗜𝗠: Bring your own unlocked phone, keep your current number (or get a new one), and activate online in minutes. During activation, you can choose to keep using your physical SIM or switch to eSIM.","𝗩𝗲𝗿𝘀𝗮𝘁𝗶𝗹𝗲 𝗖𝗼𝗺𝗽𝗮𝘁𝗶𝗯𝗶𝗹𝗶𝘁𝘆: With our Bring Your Own Phone program, you can use any compatible cell phone on the SpeedTalk Mobile network. Our SIM card works with all unlocked 5G 4G LTE compatible phones, including iPhones, Android phones (Samsung Galaxy, Google Pixel), LG phones, Windows phones, and non-smartphones. It’s a triple-cut SIM card available in three sizes (standard/micro/nano), ensuring compatibility with various devices. Simply pop out the size that fits your device and insert it.","𝗞𝗲𝗲𝗽 𝗬𝗼𝘂𝗿 𝗣𝗵𝗼𝗻𝗲 𝗡𝘂𝗺𝗯𝗲𝗿: Stay connected with your current contacts without breaking the bank. You can keep your existing phone number or choose a new one.","𝗧𝗼𝗽-𝗧𝗶𝗲𝗿 𝗡𝗮𝘁𝗶𝗼𝗻𝘄𝗶𝗱𝗲 𝗖𝗼𝘃𝗲𝗿𝗮𝗴𝗲: Say goodbye to dropped calls, slow data, and loading delays. SpeedTalk Mobile delivers expansive 5G 4G LTE coverage across the nation, encompassing Hawaii, Puerto Rico, and the US Virgin Islands, all on the largest and fastest network. For detailed network ranges, refer to the SpeedTalk Mobile Coverage Map.","","","","6799","6800","6570","8018","13204","0 %","-9 %","-3 %","0 %","4,745","41 %","11544","4578","449124","21","134","3.4","5318","222","374","Cell Phones & Accessories","wireless_display_on_website","# 9 | Top 0.09% | SIM Cards","","","","2588","1040","3152","4017","","","","","14","2026/04/02 22:52","2026/05/26 18:14","2026/05/09 08:30","15.00","","15.00","13.75","14.29","14.08","0 %","0 %","0 %","-9 %","$ 0.00","0 %","15.00","8.78","15.00","3","1 %","IN_STOCK","","-","","SpeedTalk Mobile (98%) / A13X3GVNM9G7YR","","0 %","0 %","0 %","0 %","100 %","100 %","100 %","100 %","1","1","1","1","-","1.89","1.77","8","61","61","yes","no","-","","no","no","no","yes","1","0","0","0","0","0","0","0","","","","","","","","","","","","","","","","100 %","1","1","no Amazon offer exists","","15.00","15.00","13.65","14.31","14.09","0 %","0 %","0 %","-10 %","$ 0.00","0 %","15.00","8.78","15.00","0 %","","15.00","13.65","14.29","14.06","","","","","","","","8.78","15.00","3","-","3.44","15 %","2.25","","","","","","","","","","","","","","","","-","","","","","","","","","","","","","","","","","","","","","","","","","","","","","","","no","","","","","","","","","","","","","","","","100 %","","","","","","","","","","","","","","","","","","","","","","","","","","","","","","","","","","","","","","","","","","","","","","","","","","","","","","","","","","","","","","","","","","","","","","","","","","","","","","","","","","","","","","","","","","","","","","","","","","","15.00","15.00","15.00","15.00","15.00","0 %","0 %","0 %","0 %","$ 0.00","0 %","15.00","2.49","15.00","","","","","","","","","","","","","","","","","","","","","","","","","","","","","","","","","","","","","","","","","","","1","1","1","1","1","1","0 %","0 %","0 %","0 %","1","","","","","","","","","","","","","","","","","","","","","","","","","","","","2023/11/04","2023/10/27","https://www.amazon.com/dp/B0CLWSGD3V?psc=1","https://keepa.com/#!product/1-B0CLWSGD3V","Cell Phones & Accessories","SIM Cards","Cell Phones & Accessories › SIM Cards & Prepaid Minutes › SIM Cards","Wireless","wireless_display_on_website","","0850043471547","","850043471547","","B0FM25JPFY","B0CLWYPQLQ,B0CLX4ZRR2,B0CLWSGD3V,B0FZMJSVX8,B0CLX5PS8Z,B0CLWYZ5ND,B01N9XPPGZ","7","","","SIM_CARD","SpeedTalk Mobile","SpeedTalk Mobile","SpeedTalk Mobile","SpeedTalkMobile","https://www.amazon.com/stores/SpeedTalkMobile/page/F3D278F0-9F00-49C0-9A70-02C3A04B24F3","6 GB | Unlimited Talk & Text","Model: 6 GB | Unlimited Talk & Text;","","","","","","","","","","cell-phone-sim-cards","","","","","","","","","","0","","","","","5","yes","[{""creator"":""Creator: Main"",""duration"":""31s"",""image"":""https://m.media-amazon.com/images/I/A1nv8OXXjqL.png"",""name"":""SpeedTalk Mobile"",""title"":""SpeedTalk Mobile esim tutorial"",""url"":""https://m.media-amazon.com/images/S/vse-vms-transcoding-artifact-us-east-1-prod/15f35dec-9ea7-4365-b4eb-5b1739415ed4/default.jobtemplate.hls.m3u8""}]","[{""creator"":""Creator: Seller"",""duration"":""25s"",""image"":""https://m.media-amazon.com/images/I/91MwdmLDiPL.png"",""name"":""SpeedTalk Mobile"",""title"":""Introducing the triple-cut SIM card"",""url"":""https://m.media-amazon.com/images/S/vse-vms-transcoding-artifact-us-east-1-prod/d1e2733c-3c87-40ed-87d6-0c40f7b433d4/default.jobtemplate.hls.m3u8""},{""creator"":""Creator: Seller"",""duration"":""29s"",""image"":""https://m.media-amazon.com/images/I/716x8Jn4zdL.jpg"",""name"":""SpeedTalk Mobile"",""title"":""SpeedTalk Mobile | Phones"",""url"":""https://m.media-amazon.com/images/S/vse-vms-transcoding-artifact-us-east-1-prod/4ee7f3ee-ddda-43bc-8ab0-342a8c6b316b/default.jobtemplate.hls.m3u8""},{""creator"":""Creator: Seller"",""duration"":""51s"",""image"":""https://m.media-amazon.com/images/I/419coq6GzML.jpg"",""name"":""SpeedTalk Mobile"",""title"":""SpeedTalk Mobile 5G 4G LTE"",""url"":""https://m.media-amazon.com/images/S/vse-vms-transcoding-artifact-us-east-1-prod/6e998fd1-c990-44a9-9413-cbba65e243ec/default.jobtemplate.hls.m3u8""},{""creator"":""Creator: Seller"",""duration"":""40s"",""image"":""https://m.media-amazon.com/images/I/A1iPJdiNmlL.png"",""name"":""SpeedTalk Mobile"",""title"":""Meet speedtalk Mobile"",""url"":""https://m.media-amazon.com/images/S/vse-vms-transcoding-artifact-us-east-1-prod/5f4cc818-c13a-4876-b5a6-451c5ad555e9/default.jobtemplate.hls.m3u8""}]","yes","no","[{""fromManufacturer"":false,""module"":[{""image"":[""https://m.media-amazon.com/images/S/aplus-media-library-service-media/6f426d13-8cc4-4d14-b535-3702116e5692.jpg""],""imageAltText"":[""Header Image: SIM CARD STARTER KITS, CHOOSE THE PLAN THAT FITS YOU BEST""]},{""image"":[""https://m.media-amazon.com/images/S/aplus-media-library-service-media/be0a90ca-09ee-4eed-a9bb-8a53918df919.png"",""https://m.media-amazon.com/images/S/aplus-media-library-service-media/4ff838f2-6705-4ce5-a22f-340db8d58501.jpg""],""imageAltText"":[""prepaid cell phone, prepaid cell phone minutes, prepaid cell phone plans, prepaid cell phones"",""to be filled""]},{""image"":[""https://m.media-amazon.com/images/S/aplus-media-library-service-media/daecb768-3d95-41aa-91c5-8350dd6cf8b9.jpg"",""https://m.media-amazon.com/images/S/aplus-media-library-service-media/b0f3cfc4-d3fd-4217-bcd8-816ff7dc7f95.jpg"",""https://m.media-amazon.com/images/S/aplus-media-library-service-media/5df9ed1b-72cc-482c-931b-92e21a182268.jpg"",""https://m.media-amazon.com/images/S/aplus-media-library-service-media/69cf9f38-50fa-41c9-8a0f-bd6161be161c.jpg"",""https://m.media-amazon.com/images/S/aplus-media-library-service-media/3aefa78e-d8b1-43f9-a5ce-f45fccd6cc17.jpg""],""imageAltText"":[""to be filled"",""To Be Filled"",""To Be Filled"",""To Be Filled"",""To Be Filled""],""text"":[""1"",""Activate"",""2"",""Choose Your Plan"",""3"",""Keep/Choose Number"",""4"",""Insert Sim"",""5"",""Create Account""]},{""image"":[""https://m.media-amazon.com/images/S/aplus-media-library-service-media/5d418616-4175-4c5a-bdde-567294edba81.jpg""],""imageAltText"":[""To Be Filled""]},{""image"":[""https://m.media-amazon.com/images/S/aplus-media-library-service-media/698783a6-0b95-436d-a3c8-25a5fb515947.jpg"",""https://m.media-amazon.com/images/S/aplus-media-library-service-media/a5ab266f-6920-4680-ab23-f939dcf78d51.jpg"",""https://m.media-amazon.com/images/S/aplus-media-library-service-media/382a29df-7bb2-4210-aaa1-dcc83e939f4b.png"",""https://m.media-amazon.com/images/S/aplus-media-library-service-media/d8c986a6-400b-4c53-a0da-a471d08f4f72.jpg"",""https://m.media-amazon.com/images/S/aplus-media-library-service-media/9a7d2bb7-54bf-48f2-a335-287eac84cab8.jpg""],""imageAltText"":[""sim card"",""sim card"",""sim card"",""sim card"",""sim card""],""text"":[""Sim Card Starter Kits"",""No Contract"",""Data Usage"",""2GB"",""Call and Text"",""30-Day Unlimited"",""5G 4G LTE"",""Learn More"",""No Contract"",""Data Usage"",""None"",""Call and Text"",""Unlimited"",""5G 4G LTE"",""Learn More"",""No Contract"",""Data Usage"",""1GB"",""Call and Text"",""500min Talk+500 Text""]},{""text"":[""The video showcases the product in use."",""The video guides you through product setup."",""The video compares multiple products."",""The video shows the product being unpacked."",""How to Activate Your Sim Card"",""Merchant Video""],""video"":[""https://m.media-amazon.com/images/S/vse-vms-transcoding-artifact-us-east-1-prod/a63d6fc3-aee2-47c3-b3a4-bf46d6bb3578/default.jobtemplate.hls.m3u8""]},{""text"":[""Do I need to sign a contract or commit to a long-term plan?"",""No Contracts required. Our plan is a subscription plan month-month, with no hidden fees. You can cancel anytime."",""Can I keep my current phone number?"",""Yes!""]}]}]","13","5.1","5.1","0.5","50","0","14","8.5","5.6","0.3","","","","","","","no","no","","no","no","no","no","","","no","-","","","","","50","2024/04/06","50","2024/04/06"
"1","1","1","1","0 %","0 %","0 %","0 %","","","","","","","","","GSM-SIM-Card-GPS-Trackers","","B07C3H94R8","SpeedTalk Mobile $5 Preloaded GSM SIM Card 5G 4G LTE GPS Trackers Pet Kids Senior Vehicle Car Tracking Devices | 30 Days Wireless Service US Canada Mexico Roaming","no","no","no","yes","no","no","no","yes","no","yes","no","no","no","no","no","no","no","no","no","no","no","no","no","no","no","no","no","no","no","no","no","no","no","no","no","yes","no","no","no","no","no","no","no","com","https://m.media-amazon.com/images/I/51AyOd5SY5L.jpg;https://m.media-amazon.com/images/I/614IUjsrC7L.jpg;https://m.media-amazon.com/images/I/71N2WNJmAzL.jpg;https://m.media-amazon.com/images/I/71haHPzss5L.jpg;https://m.media-amazon.com/images/I/71f98w+szFL.jpg;https://m.media-amazon.com/images/I/71HtAWbhtkL.jpg;https://m.media-amazon.com/images/I/61OVVtmMI5L.jpg;https://m.media-amazon.com/images/I/61d+6DxJ61L.jpg","","8","SpeedTalk Mobile GSM SIM Card for 5G 4G GPS Trackers - Pet Kid Senior Vehicle Tracking Devices - 30 Day Service| USA Coverage Canada & Mexico Roaming","","","SIM & Plan is compatible with any 2G 3G 4G 5G LTE GSM GPS Trackers and smart watches.","U.S.A. Phone Number Included: Get your own U.S. number at activation. Choose a number from your ZIP code, or get one auto assigned to you. Powered by secure U.S.-based company and servers to keep your data protected.","25 Minutes & 175 SMS & 175MB Data are included in this plan for 30 days","No Activation Fee. Monthly taxes and fees included.","Punch out the 3-in-1 ready to use SIM card. Standard SIM, Micro SIM and Nano SIM.","","","","","","28377","19559","27012","19062","17464","-13 %","-15 %","-5 %","-45 %","-11,234","-66 %","17143","5463","249558","10","50","3.3","3232","98","157","Cell Phones & Accessories","wireless_display_on_website","# 60 | Top 0.55% | SIM Cards","","","","3226","3207","3177","3109","","","","","8","2026/03/06 09:22","2026/05/26 11:00","2026/05/22 13:16","7.50","","7.50","7.50","7.50","7.50","0 %","0 %","0 %","0 %","$ 0.00","0 %","7.50","6.00","11.99","","1 %","IN_STOCK","","-","","SpeedTalk Mobile (98%) / A13X3GVNM9G7YR","","0 %","0 %","0 %","0 %","100 %","100 %","100 %","100 %","1","1","1","1","-","-","-","8","8","8","yes","no","-","","no","no","no","yes","1","0","0","0","0","0","0","0","","","","","","","","","","","","","","","","100 %","1","1","no Amazon offer exists","","7.50","7.50","7.50","7.50","7.50","0 %","0 %","0 %","0 %","$ 0.00","0 %","7.50","6.00","11.99","0 %","","7.50","7.50","7.50","7.50","","","","","","","","6.00","11.99","","-","3.01","15.07 %","1.13","","","","","","","","","","","","","11.99","27.81","","-","","","","","","","","","","","","","","","","","","","","","","","","","","","","","","","no","","","","","","","","","","","","","","4.67","10.54","100 %","","","","","","","","","","","","","5.19","5.19","","","","","","","","","","","","","9.99","10.19","","","","","","","","","","","","","","","","","","","","","","","","","","","","","","","","","","","","","","","","","5.19","10.19","","","","","","","","","","","","","","","","","","","","","","","","","","","","","7.50","7.50","7.50","7.50","7.50","0 %","0 %","0 %","0 %","$ 0.00","0 %","7.50","7.50","11.99","","","","","","","","","","","","","","","","","","","","","","","","","","","","","","","","","","","","","","","","","","","1","1","1","1","1","1","0 %","0 %","0 %","0 %","1","","","","","","","","","","","","","","","","","","","","","","","","","","","","2018/04/19","2018/04/11","https://www.amazon.com/dp/B07C3H94R8?psc=1","https://keepa.com/#!product/1-B07C3H94R8","Cell Phones & Accessories","SIM Cards","Cell Phones & Accessories › SIM Cards & Prepaid Minutes › SIM Cards","Wireless","wireless_display_on_website","","0793052171391","","793052171391","4350974822","B0CY5YV9XR","B07C3H94R8,B07C32C7ZT,B07GL7CCLG","3","","","SIM_CARD","SpeedTalk Mobile","SpeedTalk Mobile","SpeedTalk Mobile","SpeedTalkMobile","https://www.amazon.com/stores/SpeedTalkMobile/page/F3D278F0-9F00-49C0-9A70-02C3A04B24F3","25 TALK, 175 TEXT, 175 MB DATA","Model: 25 TALK, 175 TEXT, 175 MB DATA;","","","","","","","","","","cell-phone-sim-cards","","","","","","","","","","1","","","","","3","yes","[{""creator"":""Creator: Main"",""duration"":""25s"",""image"":""https://m.media-amazon.com/images/I/91MwdmLDiPL.png"",""name"":""SpeedTalk Mobile"",""title"":""Introducing the triple-cut SIM card"",""url"":""https://m.media-amazon.com/images/S/vse-vms-transcoding-artifact-us-east-1-prod/d1e2733c-3c87-40ed-87d6-0c40f7b433d4/default.jobtemplate.hls.m3u8""}]","[{""creator"":""Creator: Seller"",""duration"":""25s"",""image"":""https://m.media-amazon.com/images/I/61czzquGXUL.png"",""name"":""SpeedTalk Mobile"",""title"":""How to set the APN settings on your GPS tracker?"",""url"":""https://m.media-amazon.com/images/S/vse-vms-transcoding-artifact-us-east-1-prod/c621f761-1f1b-4d30-bfb8-0d495ca2a43d/default.jobtemplate.hls.m3u8""},{""creator"":""Creator: Seller"",""duration"":""41s"",""image"":""https://m.media-amazon.com/images/I/41NFdbC+dZL.jpg"",""name"":""SpeedTalk Mobile"",""title"":""SpeedTalk Mobile GPS Trackers Sim Card"",""url"":""https://m.media-amazon.com/images/S/vse-vms-transcoding-artifact-us-east-1-prod/70cb682b-4178-4065-a713-26512df32ae6/default.jobtemplate.hls.m3u8""}]","yes","no","[{""fromManufacturer"":false,""module"":[{""asin"":[""B07C32C7ZT"",""B07GL7CCLG"",""B081DCSLWT"",""B09WGX8FKL""]},{""image"":[""https://m.media-amazon.com/images/S/aplus-media-library-service-media/f65bd1cc-c42f-4934-abb0-8c953afebb28.jpg""],""imageAltText"":[""tracker one gps for car sim card, tracker that uses sim, tracking chip for phone, tracking device""]},{""image"":[""https://m.media-amazon.com/images/S/aplus-media-library-service-media/6c912448-0f89-4c48-8cc8-18f5d4743fc8.png""],""imageAltText"":[""tracking device for elderly, tracking device for older adults, trackers for kids,tracker device,""],""text"":[""Our prepaid SIM card can be used with any unlocked 5G 4G LTE GSM device such as but not limited to:"",""GPS Trackers"",""GSM compatible GPS GPRS Trackers"",""Car, Motorcycle and Bike Trackers"",""Seniors, Kids, Adults and Personal GPS Trackers"",""Special Needs GPS Trackers"",""Pet, Dog and Cat Trackers"",""Fleet Trackers"",""Magnetic GPS Tracker for Vehicles and Trailers"",""Asset Trackers"",""Small Portable GPS Tracking Device"",""Lone Worker Trackers"",""Any Unlocked Cellular enabled GPS Trackers""]},{""image"":[""https://m.media-amazon.com/images/S/aplus-media-library-service-media/35ce3d1a-139b-4a90-ac59-ebf67b5b278b.png""],""imageAltText"":[""tracking device in wallet, tracking devices for cars, tracking devices for cars hidden""]},{""image"":[""https://m.media-amazon.com/images/S/aplus-media-library-service-media/3b15e8d1-7a83-4063-9ef3-1def41af1ebe.jpg""],""imageAltText"":[""tracking sim card, triple cut sim, two sim card phone unlocked, universal sim card kit""]},{""image"":[""https://m.media-amazon.com/images/S/aplus-media-library-service-media/aef23ce8-7c7c-46dc-b120-7a0f4015857f.png""],""imageAltText"":[""unlimited data only sim card, unlimited data plan, unlimited data sim, unlimited data sim card""],""text"":[""Majority of GSM GPS trackers today uses cellular technology to remotely communicate with these devices."",""You will need a SIM card to enable tracking services to work and communicate with the tracker remotely via the phone number associated with the SIM card. Some use text messaging to locate the tracker, other devices use data connection. Either way, our service offer voice call, text and nationwide 5G/4G LTE Data."",""Our service will only work within the United States. * International Roaming is available with purchase of international Add-on."",""Check Coverage at STKMap"",""To activate please visit us at ActivateSpeedTalk."",""NOTE: After SIM activation, it may take up to 24-hrs for the GPRS and data settings to sync and update with your device. Make sure you turned on the power of your device in an area with good signal reception."",""Enterprise, Corporate and Affiliate Accounts are available - online account management portal and API’s to manage multiple SIM cards within single account and one main airtime balance."",""SpeedTalk offers its services through subscription plans which auto-renew every 30 days. Service begins as soon as you activate your service. You'll be charged the rate stated at the time of purchase, every month, until you cancel. There is No Contract, Cancellations can be made any time by contacting technical support team. A valid credit card is required to cover overages in case you exceed the applicable Voice, SMS and Data limits. To avoid overage charges, you should purchase the appropriate plan for your anticipated needs.""]},{""image"":[""https://m.media-amazon.com/images/S/aplus-media-library-service-media/9a2dd11a-575d-4841-9eef-2b4a16d65971.png""],""imageAltText"":[""unlimited data sim card for router, unlocked phone sim, unlocked phone with sim""]}]}]","459","12","8.7","4.4","59","1","61","8.9","11.4","0.6","","","","","","","no","no","","no","no","no","no","","","no","-","","","","","","","",""
"2","2","2","2","0 %","0 %","0 %","0 %","","","","","","","","","SpeedTalk-Mobile-Tracker-Triple-Starter","","B08WFV72ZC","","no","no","no","yes","no","no","no","yes","no","yes","no","no","no","no","no","no","no","no","no","no","no","no","no","no","no","no","no","no","no","no","no","no","no","no","no","yes","no","no","no","no","no","no","no","com","https://m.media-amazon.com/images/I/51eBa1dndVL.jpg;https://m.media-amazon.com/images/I/61xEUcrajKL.jpg;https://m.media-amazon.com/images/I/71D3BJZPKtL.jpg;https://m.media-amazon.com/images/I/71oIL3l8I7L.jpg;https://m.media-amazon.com/images/I/71f98w+szFL.jpg;https://m.media-amazon.com/images/I/71HtAWbhtkL.jpg;https://m.media-amazon.com/images/I/5174Kl5v65L.jpg;https://m.media-amazon.com/images/I/61Uda8D4YFL.jpg","","8","SpeedTalk Mobile GPS Tracker Triple Cut SIM Card Starter Kit - No Contract (Universal SIM: Standard, Micro, Nano) for 4G Devices - Nationwide Coverage","","","Activate with any of SpeedTalk Mobile’s affordable nationwide wireless service plans available for purchase upon service activation. Our SIM card can be used with any unlocked 2G 3G 4G 5G LTE GSM devices such as but not limited to GPS Trackers, Kid GPS Trackers, Pet Trackers, Senior Trackers, Smart Watches, Car Alarm Systems.","U.S.A. Phone Number Included: Get your own U.S. number at activation. Choose a number from your ZIP code, or get one auto assigned to you. Powered by secure U.S.-based company and servers to keep your data protected.","Our service will connect you to our SpeedTalk Network and will work within the United States Canada & Mexico. Works in over 200 Countries with International Roaming.","EASY ACTIVATION: Valid credit card is needed at activation, No contracts, Cancel anytime. Speedtalk Mobile offers its services through subscription plans. You can also call us for assistance 7 days a week LIVE CUSTOMER SUPPORT when you call our toll-free number.","Our SIM cards are designed for use in All Trackers, IoT devices, tablets, PCs, watches, pet trackers, security cameras, trail and game cameras for hunting, 4G routers, GPS devices, car locators, M2M Devices and more. This SIM kit is pre-cut in 3 sizes to fit any device: Standard, Micro and Nano sizes.","No Activation Fee. No Credit Check. No Contract. You have the option to port-in (keep) your existing phone number or get a new number upon activation. Activate and manage your account with our Mobile App, available for iOS, Android and Desktop.","","","","","53676","71373","65104","68916","70350","-11 %","-2 %","18 %","25 %","13,494","20 %","67170","21198","243115","14","33","3.7","67","65","126","Cell Phones & Accessories","wireless_display_on_website","# 121 | Top 1.5% | SIM Cards","","","","66","66","63","55","","","","","-","2026/02/10 19:56","2026/05/25 16:58","2026/05/18 23:42","1.38","","1.38","1.38","1.45","1.42","0 %","0 %","0 %","0 %","$ 0.00","0 %","1.38","0.95","2.63","","0 %","IN_STOCK","","-","","SpeedTalk Mobile (98%) / A13X3GVNM9G7YR","","0 %","0 %","0 %","0 %","100 %","100 %","92 %","93 %","1","1","2","2","-","-","0.21","8","8","78","yes","no","-","","no","no","no","yes","2","0","0","0","0","0","0","0","","","","","","","","","","","","","","","","100 %","1","1","no Amazon offer exists","","1.38","1.38","1.38","1.44","1.41","0 %","0 %","0 %","0 %","$ 0.00","0 %","1.38","0.95","2.63","0 %","","1.38","1.38","1.45","1.42","","","","","","","","0.95","2.63","","-","2.52","21.74 %","0.30","","","","","","","","","","","","","2.00","2.00","","-","","","","","","","","","","","","","","","","","","","","","","","","","","","","","","","no","","","","","","","","","","","","","","","","100 %","","","","","","","","","","","","","","","","","","","","","","","","","","","","","","","","","","","","","","","","","","","","","","","","","","","","","","","","","","","","","","","","","","","","","","","","","","","","","","","","","","","","","","","","","","","","","","","","","","","1.38","1.38","1.38","1.38","1.38","0 %","0 %","0 %","0 %","$ 0.00","0 %","1.38","1.38","1.38","","","","","","","","","","","","","","","","","","","","","","","","","","","","","","","","","","","","","","","","","","","2","2","2","2","2","2","0 %","0 %","0 %","0 %","2","","","","","","","","","","","","","","","","","","","","","","","","","","","","2021/03/04","2021/02/11","https://www.amazon.com/dp/B08WFV72ZC","https://keepa.com/#!product/1-B08WFV72ZC","Cell Phones & Accessories","SIM Cards","Cell Phones & Accessories › SIM Cards & Prepaid Minutes › SIM Cards","Wireless","wireless_display_on_website","","0850028221044","","850028221044","","","","0","","","SIM_CARD","SpeedTalk Mobile","SpeedTalk Mobile","SpeedTalk Mobile","SpeedTalkMobile","https://www.amazon.com/stores/SpeedTalkMobile/page/F3D278F0-9F00-49C0-9A70-02C3A04B24F3","","","","","","","","","","","","cell-phone-sim-cards","","","","","","","","","","3","","","","","3","yes","[{""creator"":""Creator: Main"",""duration"":""25s"",""image"":""https://m.media-amazon.com/images/I/91MwdmLDiPL.png"",""name"":""SpeedTalk Mobile"",""title"":""Introducing the triple-cut SIM card"",""url"":""https://m.media-amazon.com/images/S/vse-vms-transcoding-artifact-us-east-1-prod/d1e2733c-3c87-40ed-87d6-0c40f7b433d4/default.jobtemplate.hls.m3u8""}]","[{""creator"":""Creator: Seller"",""duration"":""25s"",""image"":""https://m.media-amazon.com/images/I/61czzquGXUL.png"",""name"":""SpeedTalk Mobile"",""title"":""How to set the APN settings on your GPS tracker?"",""url"":""https://m.media-amazon.com/images/S/vse-vms-transcoding-artifact-us-east-1-prod/c621f761-1f1b-4d30-bfb8-0d495ca2a43d/default.jobtemplate.hls.m3u8""},{""creator"":""Creator: Seller"",""duration"":""41s"",""image"":""https://m.media-amazon.com/images/I/41NFdbC+dZL.jpg"",""name"":""SpeedTalk Mobile"",""title"":""SpeedTalk Mobile GPS Tracker Plan Sim Card"",""url"":""https://m.media-amazon.com/images/S/vse-vms-transcoding-artifact-us-east-1-prod/c3a7044f-5170-460d-9d4d-419802fb1d76/default.jobtemplate.hls.m3u8""}]","yes","no","[{""fromManufacturer"":false,""module"":[{""asin"":[""B07C32C7ZT"",""B07GL7CCLG"",""B081DCSLWT"",""B09WGX8FKL""]},{""image"":[""https://m.media-amazon.com/images/S/aplus-media-library-service-media/f65bd1cc-c42f-4934-abb0-8c953afebb28.jpg""],""imageAltText"":[""tracker one gps for car sim card, tracker that uses sim, tracking chip for phone, tracking device""]},{""image"":[""https://m.media-amazon.com/images/S/aplus-media-library-service-media/6c912448-0f89-4c48-8cc8-18f5d4743fc8.png""],""imageAltText"":[""tracking device for elderly, tracking device for older adults, trackers for kids,tracker device,""],""text"":[""Our prepaid SIM card can be used with any unlocked 5G 4G LTE GSM device such as but not limited to:"",""GPS Trackers"",""GSM compatible GPS GPRS Trackers"",""Car, Motorcycle and Bike Trackers"",""Seniors, Kids, Adults and Personal GPS Trackers"",""Special Needs GPS Trackers"",""Pet, Dog and Cat Trackers"",""Fleet Trackers"",""Magnetic GPS Tracker for Vehicles and Trailers"",""Asset Trackers"",""Small Portable GPS Tracking Device"",""Lone Worker Trackers"",""Any Unlocked Cellular enabled GPS Trackers""]},{""image"":[""https://m.media-amazon.com/images/S/aplus-media-library-service-media/35ce3d1a-139b-4a90-ac59-ebf67b5b278b.png""],""imageAltText"":[""tracking device in wallet, tracking devices for cars, tracking devices for cars hidden""]},{""image"":[""https://m.media-amazon.com/images/S/aplus-media-library-service-media/3b15e8d1-7a83-4063-9ef3-1def41af1ebe.jpg""],""imageAltText"":[""tracking sim card, triple cut sim, two sim card phone unlocked, universal sim card kit""]},{""image"":[""https://m.media-amazon.com/images/S/aplus-media-library-service-media/aef23ce8-7c7c-46dc-b120-7a0f4015857f.png""],""imageAltText"":[""unlimited data only sim card, unlimited data plan, unlimited data sim, unlimited data sim card""],""text"":[""Majority of GSM GPS trackers today uses cellular technology to remotely communicate with these devices."",""You will need a SIM card to enable tracking services to work and communicate with the tracker remotely via the phone number associated with the SIM card. Some use text messaging to locate the tracker, other devices use data connection. Either way, our service offer voice call, text and nationwide 5G/4G LTE Data."",""Our service will only work within the United States. * International Roaming is available with purchase of international Add-on."",""Check Coverage at STKMap"",""To activate please visit us at ActivateSpeedTalk."",""NOTE: After SIM activation, it may take up to 24-hrs for the GPRS and data settings to sync and update with your device. Make sure you turned on the power of your device in an area with good signal reception."",""Enterprise, Corporate and Affiliate Accounts are available - online account management portal and API’s to manage multiple SIM cards within single account and one main airtime balance."",""SpeedTalk offers its services through subscription plans which auto-renew every 30 days. Service begins as soon as you activate your service. You'll be charged the rate stated at the time of purchase, every month, until you cancel. There is No Contract, Cancellations can be made any time by contacting technical support team. A valid credit card is required to cover overages in case you exceed the applicable Voice, SMS and Data limits. To avoid overage charges, you should purchase the appropriate plan for your anticipated needs.""]},{""image"":[""https://m.media-amazon.com/images/S/aplus-media-library-service-media/9a2dd11a-575d-4841-9eef-2b4a16d65971.png""],""imageAltText"":[""unlimited data sim card for router, unlocked phone sim, unlocked phone with sim""]}]}]","272","11.9","8.8","2.6","9","1","14","8.5","5.6","0.3","","","","","","","no","no","","no","no","no","no","","","no","-","","","","","50","2025/09/10","50","2025/09/10"
"1","1","1","1","0 %","0 %","0 %","0 %","","","","","","","","","SpeedTalk-Mobile-Phones-Cellphones-Monthly","","B0CLWYZ5ND","SpeedTalk Mobile Pre-Paid eSIM and SIM Card Starter Kit – No Contract Wireless Plans $5/mo Talk Text Data Unlimited Plans - Cellphone 5G 4G LTE Apple iPhone, Android Smart Phones","no","no","no","no","no","no","no","no","no","no","no","no","no","no","no","no","no","no","no","no","no","no","no","no","no","no","no","no","no","no","no","no","no","no","no","yes","no","no","no","no","no","no","no","com","https://m.media-amazon.com/images/I/71pvO4suBmL.jpg;https://m.media-amazon.com/images/I/71Fy5mjB3NL.jpg;https://m.media-amazon.com/images/I/711yTd-1rhL.jpg;https://m.media-amazon.com/images/I/71f98w+szFL.jpg;https://m.media-amazon.com/images/I/71HpybktATL.jpg;https://m.media-amazon.com/images/I/81muDQlXlAL.jpg;https://m.media-amazon.com/images/I/814RXRcnWCL.jpg;https://m.media-amazon.com/images/I/61YT8+1CEAL.jpg;https://m.media-amazon.com/images/I/61OAODnmolL.jpg","","9","SpeedTalk Mobile SIM Card Kit for Smart Phones & Cellphones | $7.50 Monthly Plan - 250 Texts (SMS) + 250 Minutes (Talk) + 250 MB 5G 4G LTE Data | 3-in-1 Standard Micro Nano size | 30 Days USA Coverage","","","𝗔𝗳𝗳𝗼𝗿𝗱𝗮𝗯𝗹𝗲 & 𝗥𝗲𝗳𝗶𝗹𝗹𝗮𝗯𝗹𝗲 𝗣𝗵𝗼𝗻𝗲 𝗦𝗜𝗠 𝗖𝗮𝗿𝗱: Experience true affordability with SpeedTalk Mobile's prepaid Pay As You Go subscription plan. We offer low rates for text, data, and minutes, whether used individually or in any combination. For only $7.50 per month, enjoy 250 texts, 250 talk minutes, and 250MB of 5G 4G LTE data (including MMS) for a 30-day period. No worries if you exceed your credits — the plan will automatically renew once all allotted credits have been used.","𝗘𝗮𝘀𝘆 𝗔𝗰𝘁𝗶𝘃𝗮𝘁𝗶𝗼𝗻: A valid credit card is required at activation. No contracts — cancel anytime. SpeedTalk Mobile offers service through subscription plans. Call us for assistance 7 days a week with live technical support through our toll-free number.","𝗛𝗼𝘄 𝗱𝗼𝗲𝘀 𝗶𝘁 𝘄𝗼𝗿𝗸: The SIM Kit includes a 3-in-1 SIM card (standard, micro, and nano sizes) to fit most unlocked devices and supports eSIM activation on Apple, Google, and Samsung devices (please see the device compatibility chart in this listing). Activation is required to begin SpeedTalk Mobile service.","𝗲𝗦𝗜𝗠: Bring your own unlocked phone, keep your current number (or get a new one), and activate online in minutes. During activation, you can choose to keep using your physical SIM or switch to eSIM.","𝗩𝗲𝗿𝘀𝗮𝘁𝗶𝗹𝗲 𝗖𝗼𝗺𝗽𝗮𝘁𝗶𝗯𝗶𝗹𝗶𝘁𝘆: With our Bring Your Own Phone program, you can use any compatible cell phone on the SpeedTalk Mobile network. Our SIM card works with all unlocked 5G 4G LTE compatible phones, including iPhones, Android phones (Samsung Galaxy, Google Pixel), LG phones, Windows phones, and non-smartphones. It’s a triple-cut SIM card available in three sizes (standard/micro/nano), ensuring compatibility with various devices. Simply pop out the size that fits your device and insert it.","𝗞𝗲𝗲𝗽 𝗬𝗼𝘂𝗿 𝗣𝗵𝗼𝗻𝗲 𝗡𝘂𝗺𝗯𝗲𝗿: Stay connected with your current contacts without breaking the bank. You can keep your existing phone number or choose a new one.","𝗧𝗼𝗽-𝗧𝗶𝗲𝗿 𝗡𝗮𝘁𝗶𝗼𝗻𝘄𝗶𝗱𝗲 𝗖𝗼𝘃𝗲𝗿𝗮𝗴𝗲: Say goodbye to dropped calls, slow data, and loading delays. SpeedTalk Mobile delivers expansive 5G 4G LTE coverage across the nation, encompassing Hawaii, Puerto Rico, and the US Virgin Islands, all on the largest and fastest network. For detailed network ranges, refer to the SpeedTalk Mobile Coverage Map.","","","","7813","6850","6639","8064","8972","-11 %","-24 %","-18 %","-14 %","3,731","32 %","11544","4578","534754","14","101","3.4","5318","196","393","Cell Phones & Accessories","wireless_display_on_website","# 10 | Top 0.09% | SIM Cards","","","","2103","874","3069","4154","","","","","8","2026/04/01 18:00","2026/05/26 18:00","2026/05/09 08:30","7.50","","7.50","7.39","7.44","7.34","0 %","0 %","0 %","-1 %","","","","5.62","7.50","3","0 %","IN_STOCK","","-","","SpeedTalk Mobile (98%) / A13X3GVNM9G7YR","","0 %","0 %","0 %","0 %","100 %","100 %","89 %","92 %","1","1","1","1","-","0.43","0.48","8","61","59","yes","no","-","","no","no","no","yes","1","0","0","0","0","0","0","0","","","","","","","","","","","","","","","","100 %","1","1","no Amazon offer exists","","7.50","7.50","7.39","7.44","7.34","0 %","0 %","0 %","-1 %","","","","5.62","7.50","0 %","","7.50","7.39","7.44","7.33","","","","","","","","5.62","7.50","3","-","2.52","15.07 %","1.13","","","","","","","","","","","","","","","","-","","","","","","","","","","","","","","","","","","","","","","","","","","","","","","","no","","","","","","","","","","","","","","","","100 %","","","","","","","","","","","","","","","","","","","","","","","","","","","","","","","","","","","","","","","","","","","","","","","","","","","","","","","","","","","","","","","","","","","","","","","","","","","","","","","","","","","","","","","","","","","","","","","","","","","7.50","7.50","7.50","7.50","7.50","0 %","0 %","0 %","0 %","$ 0.00","0 %","7.50","7.50","7.50","","","","","","","","","","","","","","","","","","","","","","","","","","","","","","","","","","","","","","","","","","","1","1","1","1","1","1","0 %","0 %","0 %","0 %","1","","","","","","","","","","","","","","","","","","","","","","","","","","","","2023/11/02","2023/10/27","https://www.amazon.com/dp/B0CLWYZ5ND?psc=1","https://keepa.com/#!product/1-B0CLWYZ5ND","Cell Phones & Accessories","SIM Cards","Cell Phones & Accessories › SIM Cards & Prepaid Minutes › SIM Cards","Wireless","wireless_display_on_website","","0850043471516","","850043471516","","B0FM25JPFY","B0CLWYPQLQ,B0CLX4ZRR2,B0CLWSGD3V,B0FZMJSVX8,B0CLX5PS8Z,B0CLWYZ5ND,B01N9XPPGZ","7","","B0DFHRH11D,B07G9P5ZBW","SIM_CARD","SpeedTalk Mobile","SpeedTalk Mobile","SpeedTalk Mobile","SpeedTalkMobile","https://www.amazon.com/stores/SpeedTalkMobile/page/F3D278F0-9F00-49C0-9A70-02C3A04B24F3","250 MB | 250 Minutes & 250 Texts","Model: 250 MB | 250 Minutes & 250 Texts;","","","","","","","","","","cell-phone-sim-cards","","","","","","","","","","0","","","","","5","yes","[{""creator"":""Creator: Main"",""duration"":""31s"",""image"":""https://m.media-amazon.com/images/I/A1nv8OXXjqL.png"",""name"":""SpeedTalk Mobile"",""title"":""SpeedTalk Mobile esim tutorial"",""url"":""https://m.media-amazon.com/images/S/vse-vms-transcoding-artifact-us-east-1-prod/15f35dec-9ea7-4365-b4eb-5b1739415ed4/default.jobtemplate.hls.m3u8""}]","[{""creator"":""Creator: Seller"",""duration"":""25s"",""image"":""https://m.media-amazon.com/images/I/91MwdmLDiPL.png"",""name"":""SpeedTalk Mobile"",""title"":""Introducing the triple-cut SIM card"",""url"":""https://m.media-amazon.com/images/S/vse-vms-transcoding-artifact-us-east-1-prod/d1e2733c-3c87-40ed-87d6-0c40f7b433d4/default.jobtemplate.hls.m3u8""},{""creator"":""Creator: Seller"",""duration"":""51s"",""image"":""https://m.media-amazon.com/images/I/419coq6GzML.jpg"",""name"":""SpeedTalk Mobile"",""title"":""SpeedTalk Mobile 5G 4G LTE"",""url"":""https://m.media-amazon.com/images/S/vse-vms-transcoding-artifact-us-east-1-prod/6e998fd1-c990-44a9-9413-cbba65e243ec/default.jobtemplate.hls.m3u8""},{""creator"":""Creator: Seller"",""duration"":""29s"",""image"":""https://m.media-amazon.com/images/I/716x8Jn4zdL.jpg"",""name"":""SpeedTalk Mobile"",""title"":""SpeedTalk Mobile | Phones"",""url"":""https://m.media-amazon.com/images/S/vse-vms-transcoding-artifact-us-east-1-prod/4ee7f3ee-ddda-43bc-8ab0-342a8c6b316b/default.jobtemplate.hls.m3u8""},{""creator"":""Creator: Seller"",""duration"":""40s"",""image"":""https://m.media-amazon.com/images/I/A1iPJdiNmlL.png"",""name"":""SpeedTalk Mobile"",""title"":""Meet speedtalk Mobile"",""url"":""https://m.media-amazon.com/images/S/vse-vms-transcoding-artifact-us-east-1-prod/5f4cc818-c13a-4876-b5a6-451c5ad555e9/default.jobtemplate.hls.m3u8""}]","yes","no","[{""fromManufacturer"":false,""module"":[{""image"":[""https://m.media-amazon.com/images/S/aplus-media-library-service-media/6f426d13-8cc4-4d14-b535-3702116e5692.jpg""],""imageAltText"":[""Header Image: SIM CARD STARTER KITS, CHOOSE THE PLAN THAT FITS YOU BEST""]},{""image"":[""https://m.media-amazon.com/images/S/aplus-media-library-service-media/be0a90ca-09ee-4eed-a9bb-8a53918df919.png"",""https://m.media-amazon.com/images/S/aplus-media-library-service-media/4ff838f2-6705-4ce5-a22f-340db8d58501.jpg""],""imageAltText"":[""prepaid cell phone, prepaid cell phone minutes, prepaid cell phone plans, prepaid cell phones"",""to be filled""]},{""image"":[""https://m.media-amazon.com/images/S/aplus-media-library-service-media/daecb768-3d95-41aa-91c5-8350dd6cf8b9.jpg"",""https://m.media-amazon.com/images/S/aplus-media-library-service-media/b0f3cfc4-d3fd-4217-bcd8-816ff7dc7f95.jpg"",""https://m.media-amazon.com/images/S/aplus-media-library-service-media/5df9ed1b-72cc-482c-931b-92e21a182268.jpg"",""https://m.media-amazon.com/images/S/aplus-media-library-service-media/69cf9f38-50fa-41c9-8a0f-bd6161be161c.jpg"",""https://m.media-amazon.com/images/S/aplus-media-library-service-media/3aefa78e-d8b1-43f9-a5ce-f45fccd6cc17.jpg""],""imageAltText"":[""to be filled"",""To Be Filled"",""To Be Filled"",""To Be Filled"",""To Be Filled""],""text"":[""1"",""Activate"",""2"",""Choose Your Plan"",""3"",""Keep/Choose Number"",""4"",""Insert Sim"",""5"",""Create Account""]},{""image"":[""https://m.media-amazon.com/images/S/aplus-media-library-service-media/5d418616-4175-4c5a-bdde-567294edba81.jpg""],""imageAltText"":[""To Be Filled""]},{""image"":[""https://m.media-amazon.com/images/S/aplus-media-library-service-media/698783a6-0b95-436d-a3c8-25a5fb515947.jpg"",""https://m.media-amazon.com/images/S/aplus-media-library-service-media/a5ab266f-6920-4680-ab23-f939dcf78d51.jpg"",""https://m.media-amazon.com/images/S/aplus-media-library-service-media/382a29df-7bb2-4210-aaa1-dcc83e939f4b.png"",""https://m.media-amazon.com/images/S/aplus-media-library-service-media/d8c986a6-400b-4c53-a0da-a471d08f4f72.jpg"",""https://m.media-amazon.com/images/S/aplus-media-library-service-media/9a7d2bb7-54bf-48f2-a335-287eac84cab8.jpg""],""imageAltText"":[""sim card"",""sim card"",""sim card"",""sim card"",""sim card""],""text"":[""Sim Card Starter Kits"",""No Contract"",""Data Usage"",""2GB"",""Call and Text"",""30-Day Unlimited"",""5G 4G LTE"",""Learn More"",""No Contract"",""Data Usage"",""None"",""Call and Text"",""Unlimited"",""5G 4G LTE"",""Learn More"",""No Contract"",""Data Usage"",""1GB"",""Call and Text"",""500min Talk+500 Text""]},{""text"":[""The video showcases the product in use."",""The video guides you through product setup."",""The video compares multiple products."",""The video shows the product being unpacked."",""How to Activate Your Sim Card"",""Merchant Video""],""video"":[""https://m.media-amazon.com/images/S/vse-vms-transcoding-artifact-us-east-1-prod/a63d6fc3-aee2-47c3-b3a4-bf46d6bb3578/default.jobtemplate.hls.m3u8""]},{""text"":[""Do I need to sign a contract or commit to a long-term plan?"",""No Contracts required. Our plan is a subscription plan month-month, with no hidden fees. You can cancel anytime."",""Can I keep my current phone number?"",""Yes!""]}]}]","192","12","8.9","1.8","41","0","14","8.5","5.6","0.3","3","","","","","","no","no","","no","no","no","no","","","no","-","","","","","","","",""
"1","1","1","1","0 %","0 %","0 %","0 %","","","","","","","","","SpeedTalk-Mobile-Prepaid-Wireless-Cellphones","","B0FZMJSVX8","SpeedTalk Mobile Pre-Paid eSIM and SIM Card Starter Kit – No Contract Wireless Plans $5/mo Talk Text Data Unlimited Plans - Cellphone 5G 4G LTE Apple iPhone, Android Smart Phones","no","no","no","no","no","no","no","no","no","no","no","no","no","no","no","no","no","no","no","no","no","no","no","no","no","no","no","no","no","no","no","no","no","no","yes","yes","no","no","no","no","no","no","no","com","https://m.media-amazon.com/images/I/71b4OQ5Wi8L.jpg;https://m.media-amazon.com/images/I/712CJzFcETL.jpg;https://m.media-amazon.com/images/I/71vtBMppjYL.jpg;https://m.media-amazon.com/images/I/71aFLnxg1PL.jpg;https://m.media-amazon.com/images/I/612U5zW+COL.jpg;https://m.media-amazon.com/images/I/71LUAnC87DL.jpg;https://m.media-amazon.com/images/I/61YT8+1CEAL.jpg;https://m.media-amazon.com/images/I/61OAODnmolL.jpg","","8","SpeedTalk Mobile Prepaid Wireless Plan for Smart Phones & Cellphones - BYOD - Unlimited Talk, Text & Data 9GB High Speed 5G/4G/LTE Nationawide 30 Day Service Universal SIM Card Included","","","𝗔𝗳𝗳𝗼𝗿𝗱𝗮𝗯𝗹𝗲 & 𝗥𝗲𝗳𝗶𝗹𝗹𝗮𝗯𝗹𝗲 𝗣𝗵𝗼𝗻𝗲 𝗦𝗜𝗠 𝗖𝗮𝗿𝗱: Experience true affordability with SpeedTalk Mobile's prepaid Pay As You Go subscription plan. We offer low rates for text, data, and minutes, whether used individually or in any combination. For only $18 per month, enjoy Unlimited Talk & Text + 9GB Data of 5G 4G LTE (including MMS) for a 30-day period. No worries if you exceed your credits — the plan will automatically renew once all allotted credits have been used.","𝗘𝗮𝘀𝘆 𝗔𝗰𝘁𝗶𝘃𝗮𝘁𝗶𝗼𝗻: A valid credit card is required at activation. No contracts — cancel anytime. SpeedTalk Mobile offers service through subscription plans. Call us for assistance 7 days a week with live technical support through our toll-free number.","𝗛𝗼𝘄 𝗱𝗼𝗲𝘀 𝗶𝘁 𝘄𝗼𝗿𝗸: The SIM Kit includes a 3-in-1 SIM card (standard, micro, and nano sizes) to fit most unlocked devices and supports eSIM activation on Apple, Google, and Samsung devices (please see the device compatibility chart in this listing). Activation is required to begin SpeedTalk Mobile service.","𝗲𝗦𝗜𝗠: Bring your own unlocked phone, keep your current number (or get a new one), and activate online in minutes. During activation, you can choose to keep using your physical SIM or switch to eSIM.","𝗩𝗲𝗿𝘀𝗮𝘁𝗶𝗹𝗲 𝗖𝗼𝗺𝗽𝗮𝘁𝗶𝗯𝗶𝗹𝗶𝘁𝘆: With our Bring Your Own Phone program, you can use any compatible cell phone on the SpeedTalk Mobile network. Our SIM card works with all unlocked 5G 4G LTE compatible phones, including iPhones, Android phones (Samsung Galaxy, Google Pixel), LG phones, Windows phones, and non-smartphones. It’s a triple-cut SIM card available in three sizes (standard/micro/nano), ensuring compatibility with various devices. Simply pop out the size that fits your device and insert it.","𝗞𝗲𝗲𝗽 𝗬𝗼𝘂𝗿 𝗣𝗵𝗼𝗻𝗲 𝗡𝘂𝗺𝗯𝗲𝗿: Stay connected with your current contacts without breaking the bank. You can keep your existing phone number or choose a new one.","𝗧𝗼𝗽-𝗧𝗶𝗲𝗿 𝗡𝗮𝘁𝗶𝗼𝗻𝘄𝗶𝗱𝗲 𝗖𝗼𝘃𝗲𝗿𝗮𝗴𝗲: Say goodbye to dropped calls, slow data, and loading delays. SpeedTalk Mobile delivers expansive 5G 4G LTE coverage across the nation, encompassing Hawaii, Puerto Rico, and the US Virgin Islands, all on the largest and fastest network. For detailed network ranges, refer to the SpeedTalk Mobile Coverage Map.","","","","7813","6851","6617","7628","7628","-15 %","-27 %","-18 %","-14 %","","","","5154","12150","18","117","3.4","5318","234","234","Cell Phones & Accessories","wireless_display_on_website","# 10 | Top 0.09% | SIM Cards","","","High","2575","1205","3151","3151","","","","","-","2026/04/26 12:38","2026/05/23 08:20","2026/05/09 08:30","18.00","","18.00","15.73","16.15","16.18","0 %","0 %","0 %","-14 %","$ 0.00","0 %","18.00","14.04","18.00","","0 %","IN_STOCK","","18.00","LIST_PRICE","SpeedTalk Mobile (98%) / A13X3GVNM9G7YR","","0 %","0 %","0 %","0 %","100 %","100 %","100 %","100 %","1","1","1","1","-","1.87","1.60","8","8","6","yes","no","-","","no","no","no","yes","1","0","0","0","0","0","0","0","","","","","","","","","","","","","","","","100 %","1","1","no Amazon offer exists","","18.00","18.00","15.62","16.09","16.12","0 %","0 %","0 %","-15 %","$ 0.00","0 %","18.00","14.04","18.00","0 %","","18.00","15.62","16.28","16.28","","","","","","","","14.04","18.00","","-","3.44","15 %","2.70","","","","","","","","","","","","","","","","-","","","","","","","","","","","","","","","","","","","","","","","","","","","","","","","no","","","","","","","","","","","","","","","","100 %","","","","","","","","","","","","","","","","","","","","","","","","","","","","","","","","","","","","","","","","","","","","","","","","","","","","","","","","","","","","","","","","","","","","","","","","","","","","","","","","","","","","","","","","","","","","","","","","","","","18.00","18.00","18.00","18.00","18.00","0 %","0 %","0 %","0 %","$ 0.00","0 %","18.00","18.00","18.00","","","","","","","","","","","","","","","","","","","","","","","","","","","","","","","","","","","","","","","","","","","1","1","1","1","1","1","0 %","0 %","0 %","0 %","1","","","","","","","","","","","","","","","","","","","","","","","","","","","","2025/11/05","2025/11/05","https://www.amazon.com/dp/B0FZMJSVX8?psc=1","https://keepa.com/#!product/1-B0FZMJSVX8","Cell Phones & Accessories","SIM Cards","Cell Phones & Accessories › SIM Cards & Prepaid Minutes › SIM Cards","Wireless","wireless_display_on_website","","0850074527800","","850074527800","","B0FM25JPFY","B0CLWYPQLQ,B0CLX4ZRR2,B0CLWSGD3V,B0FZMJSVX8,B0CLX5PS8Z,B0CLWYZ5ND,B01N9XPPGZ","7","","B0DFHRH11D","SIM_CARD","SpeedTalk Mobile","SpeedTalk Mobile","SpeedTalk Mobile","SpeedTalkMobile","https://www.amazon.com/stores/SpeedTalkMobile/page/F3D278F0-9F00-49C0-9A70-02C3A04B24F3","9 GB | Unlimited Talk & Text","Model: 9 GB | Unlimited Talk & Text;","","","1","Count","","","","","","cell-phone-sim-cards","","","","","","","","","","1","","","","","1","yes","[{""creator"":""Creator: Main"",""duration"":""31s"",""image"":""https://m.media-amazon.com/images/I/A1nv8OXXjqL.png"",""name"":""SpeedTalk Mobile"",""title"":""SpeedTalk Mobile esim tutorial"",""url"":""https://m.media-amazon.com/images/S/vse-vms-transcoding-artifact-us-east-1-prod/15f35dec-9ea7-4365-b4eb-5b1739415ed4/default.jobtemplate.hls.m3u8""}]","","yes","no","[{""fromManufacturer"":false,""module"":[{""image"":[""https://m.media-amazon.com/images/S/aplus-media-library-service-media/6f426d13-8cc4-4d14-b535-3702116e5692.jpg""],""imageAltText"":[""Header Image: SIM CARD STARTER KITS, CHOOSE THE PLAN THAT FITS YOU BEST""]},{""image"":[""https://m.media-amazon.com/images/S/aplus-media-library-service-media/be0a90ca-09ee-4eed-a9bb-8a53918df919.png"",""https://m.media-amazon.com/images/S/aplus-media-library-service-media/4ff838f2-6705-4ce5-a22f-340db8d58501.jpg""],""imageAltText"":[""prepaid cell phone, prepaid cell phone minutes, prepaid cell phone plans, prepaid cell phones"",""to be filled""]},{""image"":[""https://m.media-amazon.com/images/S/aplus-media-library-service-media/daecb768-3d95-41aa-91c5-8350dd6cf8b9.jpg"",""https://m.media-amazon.com/images/S/aplus-media-library-service-media/b0f3cfc4-d3fd-4217-bcd8-816ff7dc7f95.jpg"",""https://m.media-amazon.com/images/S/aplus-media-library-service-media/5df9ed1b-72cc-482c-931b-92e21a182268.jpg"",""https://m.media-amazon.com/images/S/aplus-media-library-service-media/69cf9f38-50fa-41c9-8a0f-bd6161be161c.jpg"",""https://m.media-amazon.com/images/S/aplus-media-library-service-media/3aefa78e-d8b1-43f9-a5ce-f45fccd6cc17.jpg""],""imageAltText"":[""to be filled"",""To Be Filled"",""To Be Filled"",""To Be Filled"",""To Be Filled""],""text"":[""1"",""Activate"",""2"",""Choose Your Plan"",""3"",""Keep/Choose Number"",""4"",""Insert Sim"",""5"",""Create Account""]},{""image"":[""https://m.media-amazon.com/images/S/aplus-media-library-service-media/5d418616-4175-4c5a-bdde-567294edba81.jpg""],""imageAltText"":[""To Be Filled""]},{""image"":[""https://m.media-amazon.com/images/S/aplus-media-library-service-media/698783a6-0b95-436d-a3c8-25a5fb515947.jpg"",""https://m.media-amazon.com/images/S/aplus-media-library-service-media/a5ab266f-6920-4680-ab23-f939dcf78d51.jpg"",""https://m.media-amazon.com/images/S/aplus-media-library-service-media/382a29df-7bb2-4210-aaa1-dcc83e939f4b.png"",""https://m.media-amazon.com/images/S/aplus-media-library-service-media/d8c986a6-400b-4c53-a0da-a471d08f4f72.jpg"",""https://m.media-amazon.com/images/S/aplus-media-library-service-media/9a7d2bb7-54bf-48f2-a335-287eac84cab8.jpg""],""imageAltText"":[""sim card"",""sim card"",""sim card"",""sim card"",""sim card""],""text"":[""Sim Card Starter Kits"",""No Contract"",""Data Usage"",""2GB"",""Call and Text"",""30-Day Unlimited"",""5G 4G LTE"",""Learn More"",""No Contract"",""Data Usage"",""None"",""Call and Text"",""Unlimited"",""5G 4G LTE"",""Learn More"",""No Contract"",""Data Usage"",""1GB"",""Call and Text"",""500min Talk+500 Text""]},{""text"":[""The video showcases the product in use."",""The video guides you through product setup."",""The video compares multiple products."",""The video shows the product being unpacked."",""How to Activate Your Sim Card"",""Merchant Video""],""video"":[""https://m.media-amazon.com/images/S/vse-vms-transcoding-artifact-us-east-1-prod/a63d6fc3-aee2-47c3-b3a4-bf46d6bb3578/default.jobtemplate.hls.m3u8""]},{""text"":[""Do I need to sign a contract or commit to a long-term plan?"",""No Contracts required. Our plan is a subscription plan month-month, with no hidden fees. You can cancel anytime."",""Can I keep my current phone number?"",""Yes!""]}]}]","95","11.9","8.9","0.9","18","","","","","","","","","","","","no","no","","no","no","no","no","","","no","-","","","","","","","",""
"1","1","1","1","0 %","0 %","0 %","0 %","","","","","","","","","Year-Prepaid-GSM-SIM-Card","","B01LXB0SDE","","no","no","no","yes","no","no","no","yes","no","yes","no","no","no","no","no","no","no","no","no","no","no","no","no","no","no","no","no","no","no","no","no","no","no","no","no","yes","no","no","no","yes","no","no","no","com","https://m.media-amazon.com/images/I/51CWmSJV08L.jpg;https://m.media-amazon.com/images/I/61Y-cxQ64mL.jpg;https://m.media-amazon.com/images/I/61y4JcaWDnL.jpg;https://m.media-amazon.com/images/I/71RtRr-292S.jpg;https://m.media-amazon.com/images/I/71f98w+szFL.jpg;https://m.media-amazon.com/images/I/71LnFdaMVHL.jpg;https://m.media-amazon.com/images/I/61d+6DxJ61L.jpg","","7","$5/Month SpeedTalk Mobile Prepaid SIM Card - Monthly 250 Minutes Talk OR 250 SMS Text OR 250MB Data No Contract 12 Months Smart Phone Plan","","","Plan includes a total of 250 units each month. Each unit can be used in any combination of Talk/Text/Data.","Keep your existing phone number or get a new phone number.","Triple Cut 3 in 1 SIM (fits any device). No Contract / No Credit Check. EASY ACTIVATION online in as little as 3 steps. You can also call us for assistance. 24/7 LIVE CUSTOMER SUPPORT when you call our toll-free number.","Works with T-Mobile phones or AT&T Unlocked phones or any compatible 5G 4G LTE GSM devices.","4G 5G LTE NATIONWIDE COVERAGE including Hawaii, Puerto Rico, and US Virgin Islands (does not include Alaska) on the largest and fastest network. Check Coverage at STKMap.","","","","","","147281","170120","152196","185104","192314","-11 %","-1 %","3 %","13 %","24,167","14 %","171448","48128","295559","4","9","3.6","87","18","35","Cell Phones & Accessories","wireless_display_on_website","# 330 | Top 4% | SIM Cards","","","","87","87","87","86","0 %","0 %","0 %","0 %","-","2026/03/21 04:40","2026/05/27 05:24","2026/05/24 22:52","60.00","","60.00","60.00","60.00","59.00","0 %","0 %","0 %","0 %","$ 0.00","0 %","60.00","36.00","60.00","3","1 %","IN_STOCK","","-","","SpeedTalk Mobile (98%) / A13X3GVNM9G7YR","","0 %","0 %","0 %","0 %","100 %","100 %","100 %","100 %","1","1","1","1","-","-","3.31","8","8","8","yes","no","-","","no","no","no","yes","1","0","0","0","0","0","0","0","","","","","","","","","","","","","","","","100 %","1","1","no Amazon offer exists","","60.00","60.00","60.00","60.00","59.00","0 %","0 %","0 %","0 %","$ 0.00","0 %","60.00","36.00","120.00","0 %","60.00","60.00","60.00","60.00","59.09","0 %","0 %","0 %","0 %","$ 0.00","0 %","60.00","36.00","60.00","3","SpeedTalk Mobile (98%) / A13X3GVNM9G7YR","3.71","15 %","9.00","","","","","","","","","","","","","36.00","104.74","","-","","","","","","","","","","","","","","","","","","","39.30","39.30","","","","","","","","38.24","54.11","","no","","","","","39.30","39.30","","","","","","","","38.24","59.40","100 %","","","","39.30","39.30","","","","","","","","38.24","54.11","","","","","","","","","","","","","","","","","","","","","","","","","","","53.33","53.34","","","","","","","","","","","","","","","","","","39.30","39.30","","","","","","","","38.24","54.11","","","","","","","","","","","","","","","","","","","","","","","","","","","","","60.00","60.00","60.00","60.00","60.00","0 %","0 %","0 %","0 %","$ 0.00","0 %","60.00","60.00","120.00","","","","","","","","","","","","","","","62.99","93.90","110.95","115.62","88.96","0 %","9 %","33 %","43 %","$ 51.00","45 %","113.99","56.99","143.99","","","","","","","","","","","","","","","1","1","1","1","1","1","0 %","0 %","0 %","0 %","1","","","","1","1","","","","","","","","","","","","","","","","","","","","","","","2016/11/11","2016/09/24","https://www.amazon.com/dp/B01LXB0SDE","https://keepa.com/#!product/1-B01LXB0SDE","Cell Phones & Accessories","SIM Cards","Cell Phones & Accessories › SIM Cards & Prepaid Minutes › SIM Cards","Wireless","wireless_display_on_website","","0793052170912","","793052170912","","","","0","","","SIM_CARD","SpeedTalk Mobile","SpeedTalk Mobile","SpeedTalk Mobile","SpeedTalkMobile","https://www.amazon.com/stores/SpeedTalkMobile/page/F3D278F0-9F00-49C0-9A70-02C3A04B24F3","9256","","","","","","","","","","","cell-phone-sim-cards","","","","","","","","","","1","","","","","3","yes","[{""creator"":""Creator: Main"",""duration"":""25s"",""image"":""https://m.media-amazon.com/images/I/91MwdmLDiPL.png"",""name"":""SpeedTalk Mobile"",""title"":""Introducing the triple-cut SIM card"",""url"":""https://m.media-amazon.com/images/S/vse-vms-transcoding-artifact-us-east-1-prod/d1e2733c-3c87-40ed-87d6-0c40f7b433d4/default.jobtemplate.hls.m3u8""}]","[{""creator"":""Creator: Seller"",""duration"":""50s"",""image"":""https://m.media-amazon.com/images/I/51roFvW6RNL.jpg"",""name"":""SpeedTalk Mobile"",""title"":""SpeedTalk Mobile Cell Phone Plan Sim Card"",""url"":""https://m.media-amazon.com/images/S/vse-vms-transcoding-artifact-us-east-1-prod/9e60ad4d-9eed-49f1-a149-746754e38f79/default.jobtemplate.hls.m3u8""},{""creator"":""Creator: Seller"",""duration"":""48s"",""image"":""https://m.media-amazon.com/images/I/5191IIMecsL.jpg"",""name"":""SpeedTalk Mobile"",""title"":""SpeedTalk Mobile Pre Paid Sim Card Kit"",""url"":""https://m.media-amazon.com/images/S/vse-vms-transcoding-artifact-us-east-1-prod/3710c9f3-ca27-4a92-be71-04acc2f24fac/default.jobtemplate.hls.m3u8""}]","no","no","","31","12","8.7","0.3","9","1","","","","","3","","","","","","no","no","","no","no","no","no","","","no","-","","","","","","","",""
"1","1","1","1","0 %","0 %","0 %","0 %","","","","","","","","","Alarm-Card-Business-Security-System","","B072PQX1X5","","no","no","no","yes","no","no","no","yes","no","yes","no","no","no","no","no","no","no","no","no","no","no","no","no","no","no","no","no","no","no","no","no","no","no","no","no","yes","no","no","no","yes","no","no","no","com","https://m.media-amazon.com/images/I/41PMXFm893L.jpg;https://m.media-amazon.com/images/I/61xEUcrajKL.jpg;https://m.media-amazon.com/images/I/71D3BJZPKtL.jpg;https://m.media-amazon.com/images/I/71LnFdaMVHL.jpg;https://m.media-amazon.com/images/I/71f98w+szFL.jpg;https://m.media-amazon.com/images/I/5174Kl5v65L.jpg;https://m.media-amazon.com/images/I/61Uda8D4YFL.jpg","","7","SpeedTalk Mobile $30 Alarm SIM Card for 5G 4G GSM Home Business Security Alarm System | Talk Text Data | 3 in 1 Standard Micro Nano Simcard Kit | 6 Months Service Plan","","","Enjoy 250 units monthly for 6 months. Each unit can be used in any combination oif Talk/Text/Data. 250 minutes or 250 texts or 250 MB data.","Triple cut SIM card to fit any device. Can be used as a standard-sized SIM, a Micro-sized SIM or a Nano-sized SIM card.","EASY ACTIVATION: Valid credit card is needed at activation. No contracts. Cancel anytime. SpeedTalk Mobile offers its services through subscription plans. 3 EASY steps. You can also call us for assistance 7 days a week with LIVE CUSTOMER SUPPORT when you call our toll-free number.","Supports majority of 2G 3G 4G 5G GSM home/business GSM Alarm Systems.","Our Service will work within the United States. Please check STKMap to view your network coverage.","","","","","","","","","","","","","","","","","","121411","295856","0","0","3.5","169","0","0","","","# 904 | Top 5% | Home Security Systems","","","","170","169","169","168","","","","","-","2026/02/12 07:34","2026/05/22 20:56","2026/04/20 02:36","30.00","","30.00","30.00","30.00","30.00","0 %","0 %","0 %","0 %","$ 0.00","0 %","30.00","20.39","34.00","","0 %","IN_STOCK","","-","","SpeedTalk Mobile (98%) / A13X3GVNM9G7YR","","0 %","0 %","0 %","0 %","100 %","100 %","99 %","100 %","1","1","1","1","-","-","-","8","8","8","yes","no","-","","no","no","no","yes","1","0","0","0","0","0","0","0","","","","","","","","","","","","","","","","100 %","1","1","no Amazon offer exists","","30.00","30.00","30.00","30.00","30.00","0 %","0 %","0 %","0 %","$ 0.00","0 %","30.00","20.39","34.00","0 %","","30.00","30.00","30.00","30.00","","","","","","","","20.39","34.00","","-","3.57","15 %","4.50","","","","","","","","","","","","","33.99","37.99","","-","","","","","","","","","","","","","","","","","","","","","","","","","","","","","","","no","","","","","","","","","","","","","","24.35","29.70","100 %","","","","","","","","","","","","","24.35","29.70","","","","","","","","","","","","","","","","","","","","","","","","","","","","","","","","","","","","","","","","","","","","","","","","","","","","","","","24.35","29.70","","","","","","","","","","","","","","","","","","","","","","","","","","","","","30.00","30.00","30.00","30.00","30.00","0 %","0 %","0 %","0 %","$ 0.00","0 %","30.00","30.00","34.00","","","","","","","","","","","","","","","","","","","","0 %","0 %","0 %","0 %","$ 0.00","0 %","","","","","","","","","","","","","","","","","","1","1","1","1","1","1","0 %","0 %","0 %","0 %","1","","","","","","","","","","","","","","","","","","","","","","","","","","","","2017/06/21","2016/06/09","https://www.amazon.com/dp/B072PQX1X5","https://keepa.com/#!product/1-B072PQX1X5","Electronics","Home Security Systems","Electronics › Security & Surveillance › Home Security Systems","Wireless","wireless_display_on_website","","0793052169947","","793052169947","9340","","","0","","B016CXBT1W,B01GUKDDBQ","SIM_CARD","SpeedTalk Mobile","SpeedTalk Mobile","SpeedTalk Mobile","SpeedTalkMobile","https://www.amazon.com/stores/SpeedTalkMobile/page/F3D278F0-9F00-49C0-9A70-02C3A04B24F3","9340","","","","","","","","","","","home-security-systems","","","","","","","","","","3","","","","","2","yes","[{""creator"":""Creator: Main"",""duration"":""25s"",""image"":""https://m.media-amazon.com/images/I/91MwdmLDiPL.png"",""name"":""SpeedTalk Mobile"",""title"":""Introducing the triple-cut SIM card"",""url"":""https://m.media-amazon.com/images/S/vse-vms-transcoding-artifact-us-east-1-prod/d1e2733c-3c87-40ed-87d6-0c40f7b433d4/default.jobtemplate.hls.m3u8""}]","[{""creator"":""Creator: Seller"",""duration"":""41s"",""image"":""https://m.media-amazon.com/images/I/41D3oP7BD7L.jpg"",""name"":""SpeedTalk Mobile"",""title"":""SpeedTalk Mobile Security System Sim Card Alarm Plans"",""url"":""https://m.media-amazon.com/images/S/vse-vms-transcoding-artifact-us-east-1-prod/83160121-6387-43f5-90e7-11b91383f82a/default.jobtemplate.hls.m3u8""}]","yes","no","[{""fromManufacturer"":false,""module"":[{""image"":[""https://m.media-amazon.com/images/S/aplus-media-library-service-media/a4dbc2f4-0c8e-4f18-b64b-6fa8713acc4e.jpg""],""imageAltText"":[""sim card mobile hotspot portable wifi hotspot sim card for camera sim cards &amp; prepaid minutes""]},{""image"":[""https://m.media-amazon.com/images/S/aplus-media-library-service-media/cbdd7b52-5d7b-49c4-bbdb-1df1d6fcec82.jpg""],""imageAltText"":[""5g wifi hotspot micro sim card hotspot sim card gps tracker sim card us mobile sim card""]},{""image"":[""https://m.media-amazon.com/images/S/aplus-media-library-service-media/c43190d5-ad6d-45e7-9ff5-1524b61a1be5.jpg""],""imageAltText"":[""sim card for gps tracker prepaid data sim card ultra sim card sims card usa sim card wifi sim card""]},{""image"":[""https://m.media-amazon.com/images/S/aplus-media-library-service-media/78b90b96-30a4-44b0-811d-799e09f7e369.jpg"",""https://m.media-amazon.com/images/S/aplus-media-library-service-media/e51b647c-9e3a-473f-9c2a-d02f5b51954c.jpg"",""https://m.media-amazon.com/images/S/aplus-media-library-service-media/26aab930-991d-44a3-88d4-69dbc68a26f1.jpg"",""https://m.media-amazon.com/images/S/aplus-media-library-service-media/a24873e4-1944-4f1f-9c8a-f2c2c0f4bb16.jpg""],""imageAltText"":[""sims card for camera iot sim card 4g sim card pay as you go sim card sim card usa"",""nano sim card for gps tracker simple mobile sim card usmobile sim card simcard for camera"",""im cards for trail cameras sim card for trail camera sim card for portable wi-fi"",""sim card for dash cam sim card camera outdoor gps sim card gprs sim card buy a sim card""],""text"":[""Check Coverage"",""Check your physical location you use your device in our coverage map."",""Pick a Plan"",""Select from our available plans that best fit for your needs."",""SIM Card"",""Triple Cut SIM Card"",""Install SIM Card"",""Activate your AlarmSIM card, insert it, and turn on your device.""]},{""text"":[""1.)"",""No Contract / No Credit Check /No Activation fee."",""2.)"",""A new number is auto generated upon activation of service."",""3.)"",""Easy activation. SIM is TRI-CUT, Standard SIM, Micro SIM and Nano SIM. Just punch out the size you need for your wireless device."",""4.)"",""Nationwide lightning fast 5G 4G LTE service on GSM Network."",""5.)"",""Check Coverage at our website STKMap"",""6.)"",""To activate please visit us at ActivateSpeedTalk.""]},{""image"":[""https://m.media-amazon.com/images/S/aplus-media-library-service-media/88319df9-7a93-4292-af81-ec918a0877d4.png""],""imageAltText"":[""4g sim card for security camera alarm sim card""],""text"":[""Our service will only work within the United States. Roaming is not supported in our plans."",""Majority of Home/Business Security Systems today uses cellular technology to remotely communicate with these system and devices."",""if the Alarm System was set-up to report activity via text messaging then users will be notified via text messages. Another example, every time the system is Arm/DisArm, a text or voice call is transmitted remotely depending on how the system was set-up."",""NOTE: After SIM activation, it might take up to 24-hours for the GPRS and data settings to sync and update with your device. Make sure you turned on the power in your device, in a good reception area."",""SpeedTalk offers its services through subscription plans which auto-renew every 30 days. Service begins as soon as you activate your service. You’ll be charged the rate stated at the time of purchase, every month, until you cancel. There is No Contract, Cancellations can be made any time by contacting techinical support. A valid credit card is required to cover overages in case you exceed the applicable Voice, SMS and Data limits. To avoid overage charges, you should purchase the appropriate plan for your anticipated needs.""]}]}]","42","11.9","8.8","0.4","150","1","14","8.5","5.6","0.3","57","","","","","","no","no","","no","no","no","no","","","no","-","","","","","","","",""
"1","1","1","1","0 %","0 %","0 %","0 %","","","","","","","","","SpeedTalk-Mobile-Phones-Cellphones-Monthly","","B07MGJBRTQ","SpeedTalk Mobile SIM Card Kit for Smart Phones & Cellphones | $5 Monthly Plan - 250 SMS Texts OR 250 Minutes OR 250 MB 5G 4G LTE Data | 3-in-1 Standard Micro Nano Size","no","no","no","yes","no","no","no","yes","no","yes","no","no","no","no","no","no","no","no","no","no","no","no","no","no","no","no","no","no","no","no","no","no","no","no","no","yes","no","no","no","no","no","no","no","com","https://m.media-amazon.com/images/I/71lVaxw6mBL.jpg;https://m.media-amazon.com/images/I/6172qttXvrL.jpg;https://m.media-amazon.com/images/I/61hCBZ-n0DL.jpg;https://m.media-amazon.com/images/I/71f98w+szFL.jpg;https://m.media-amazon.com/images/I/61XMmAdQWRL.jpg;https://m.media-amazon.com/images/I/71jDSjSnfqL.jpg;https://m.media-amazon.com/images/I/61d+6DxJ61L.jpg;https://m.media-amazon.com/images/I/71vEY+0INpL.jpg","","8","SpeedTalk Mobile SIM Card Kit for Smart Phones & Cellphones | $5 Monthly Plan - 250 SMS Texts OR 250 Minutes OR 250 MB 5G 4G LTE Data | 3-in-1 Standard Micro Nano Size | 30 Days USA Wireless Coverage","","","AFFORDABLE & REFILLABLE PHONE SIM CARD PLAN: Experience true affordability with SpeedTalk Mobile's prepaid Low-Cost Subscription Plan. For only $5 per month, includes 250 units. Each unit can be used in any combination of Talk/Text/Data at 2 Cents per Text (SMS), 2 Cents per Minute (Talk), 2 Cents per MB of 5G 4G LTE Data (inclusive of MMS) for a 30-day period. This plan will automatically renew with the same plan once all allotted credits have been used up. No Contracts and No Credit Checks.","EASY ACTIVATION: Valid credit card is needed at activation. No contracts. Cancel anytime. SpeedTalk Mobile offers its services through subscription plans. 3 EASY steps. You can also call us for assistance 7 days a week with LIVE CUSTOMER SUPPORT when you call our toll-free number.","VERSATILE COMPATIBILITY: With 'Bring Your Own Phone, you can utilize any compatible cell phone on the SpeedTalk Mobile network. Our SIM card works with all unlocked 5G 4G LTE compatible phones, be it iPhones, Androids (Samsung Galaxy, Google Pixel), LG, Windows, or non-smartphones. It's a Triple Cut SIM Card, available in three sizes (Mini/Micro/Nano), ensuring compatibility with various devices. Simply pop out the size that fits your device and insert it.","KEEP YOUR PHONE NUMBER: Stay connected with your current contacts without breaking the bank. You have the choice to keep your current phone number or obtain a new one","TOP-TIER NATIONWIDE COVERAGE: Say goodbye to dropped calls, slow data, and loading delays. SpeedTalk Mobile delivers expansive 5G 4G LTE coverage across the nation, encompassing Hawaii, Puerto Rico, and the US Virgin Islands, all on the largest and fastest network. For detailed network ranges, refer to the SpeedTalk Mobile Coverage Map.","","","","","","69963","121115","82343","108803","110182","13 %","13 %","15 %","42 %","6,323","8 %","76286","23521","354907","9","16","3.3","20","43","87","Cell Phones & Accessories","wireless_display_on_website","# 163 | Top 1.92% | SIM Cards","","","","20","20","19","17","","","","","7","2026/02/04 16:08","2026/05/16 03:26","2026/05/05 21:18","5.00","","5.00","5.00","4.76","4.84","0 %","0 %","0 %","0 %","$ -1.00","-25 %","4.00","4.00","160.00","","0 %","IN_STOCK","","-","","SpeedTalk Mobile (98%) / A13X3GVNM9G7YR","","0 %","0 %","0 %","0 %","100 %","100 %","99 %","100 %","1","1","1","1","-","-","0.37","8","8","71","yes","no","-","","no","no","no","yes","1","0","0","0","0","0","0","0","","","","","","","","","","","","","","","","100 %","1","1","no Amazon offer exists","","5.00","5.00","5.00","4.76","4.84","0 %","0 %","0 %","0 %","$ -1.00","-25 %","4.00","4.00","160.00","0 %","","5.00","5.00","4.69","4.81","","","","","","","","4.00","160.00","","-","2.52","15 %","0.75","","","","","","","","","","","","","96.00","164.98","","-","","","","","","","","","","","","","","","","","","","","","","","","","","","","","","","no","","","","","","","","","","","","","","","","100 %","","","","","","","","","","","","","","","","","","","","","","","","","","","","","","","","","","","","","","","","","","","","","","","","","","","","","","","","","","","","","","","","","","","","","","","","","","","","","","","","","","","","","","","","","","","","","","","","","","","5.00","5.00","5.00","5.00","5.00","0 %","0 %","0 %","0 %","$ 0.00","0 %","5.00","5.00","160.00","","","","","","","","","","","","","","","","","","","","","","","","","","","","","","","","","","","","","","","","","","","1","1","1","1","1","1","0 %","0 %","0 %","0 %","1","","","","","","","","","","","","","","","","","","","","","","","","","","","","2019/01/18","2019/01/14","https://www.amazon.com/dp/B07MGJBRTQ?psc=1","https://keepa.com/#!product/1-B07MGJBRTQ","Cell Phones & Accessories","SIM Cards","Cell Phones & Accessories › SIM Cards & Prepaid Minutes › SIM Cards","Wireless","wireless_display_on_website","","0793052173340","","793052173340","","B0DKLC4VPC","B07MGJBRTQ,B0CPTK9YK4","2","","","SIM_CARD","SpeedTalk Mobile","SpeedTalk Mobile","SpeedTalk Mobile","SpeedTalkMobile","https://www.amazon.com/stores/SpeedTalkMobile/page/F3D278F0-9F00-49C0-9A70-02C3A04B24F3","$5 Mobile SIM Plan","Model: $5 Mobile SIM Plan;","","","","","","","","","","cell-phone-sim-cards","","","","","","","","","","1","","","","","3","yes","[{""creator"":""Creator: Main"",""duration"":""29s"",""image"":""https://m.media-amazon.com/images/I/716x8Jn4zdL.jpg"",""name"":""SpeedTalk Mobile"",""title"":""SpeedTalk Mobile | Phones"",""url"":""https://m.media-amazon.com/images/S/vse-vms-transcoding-artifact-us-east-1-prod/4ee7f3ee-ddda-43bc-8ab0-342a8c6b316b/default.jobtemplate.hls.m3u8""}]","[{""creator"":""Creator: Seller"",""duration"":""123s"",""image"":""https://m.media-amazon.com/images/I/617MlXX145L.png"",""name"":""SpeedTalk Mobile"",""title"":""How to insert your SIM Card?"",""url"":""https://m.media-amazon.com/images/S/vse-vms-transcoding-artifact-us-east-1-prod/v2/b3da0dc2-0ad0-5ff7-bd22-ff68cc96ef37/ShortForm-Generic-480p-16-9-1409173089793-rpcbe5.mp4""},{""creator"":""Creator: Seller"",""duration"":""25s"",""image"":""https://m.media-amazon.com/images/I/91MwdmLDiPL.png"",""name"":""SpeedTalk Mobile"",""title"":""Introducing the triple-cut SIM card"",""url"":""https://m.media-amazon.com/images/S/vse-vms-transcoding-artifact-us-east-1-prod/d1e2733c-3c87-40ed-87d6-0c40f7b433d4/default.jobtemplate.hls.m3u8""}]","yes","no","[{""fromManufacturer"":false,""module"":[{""image"":[""https://m.media-amazon.com/images/S/aplus-media-library-service-media/016e2e33-7ed4-4ea5-80fa-8ed48f00c5a0.jpg""],""imageAltText"":[""Pay As You Go Plan""],""text"":[""This prepaid SIM Card can be used to ACTIVATE any unlocked 5G 4G GSM Phones including iPhones, Androids, Samsung Galaxy, Google Pixel, LG, & more""]},{""image"":[""https://m.media-amazon.com/images/S/aplus-media-library-service-media/dcba9b77-9831-4d12-87ec-5823fbc1ad93.png""],""imageAltText"":[""Prepaid SIM Card Cellphone Smartphone simcard kit SpeedTalk Mobile Talk Text Data T-Mobile Wireless""]},{""image"":[""https://m.media-amazon.com/images/S/aplus-media-library-service-media/4d30cca7-82bb-4daf-aaa3-8c82e7218a4d.png""],""imageAltText"":[""Stay Connected With Speedtalk Mobile""]},{""asin"":[""B07MGJBRTQ"",""B0CPTK9YK4"",""B0CPTJRWCJ""]},{""image"":[""https://m.media-amazon.com/images/S/aplus-media-library-service-media/cf86e123-d3e5-499e-9332-8e2f3429eb83.jpg""],""imageAltText"":[""tricut sim""],""text"":[""Use your own device- activate any T-Mobile phone, AT&T unlocked phone, Apple iPhone, Android, Windows, any compatible GSM cell phone or other compatible tablets"",""Ready to use. Activation Code included."",""Includes Units that ranges from 250 to 1250."",""Each unit can be used in any combination of Talk/Text/Data at 2 Cents per Texts (SMS), 2 Cents per Minute (Talk), 2 Cents per MB of 5G 4G LTE Data (inclusive of MMS) for a period of 30 to 60 days depending on the chosen plan."",""Nationwide fast 5G 4G LTE service on GSM Network"",""After SIM activation, it may take up to 24 hours for the GPRS and data settings to sync and update with your device. Make sure to turn on your device in an area with good reception."",""SpeedTalk Mobile offers its services through subscription plans which auto-renew every 30/60 days depending on the chosen service plan. Plan begins as soon as you activate your service. You’ll be charged the rate stated at the time of purchase, until you cancel."",""There is no contract, cancellations can be made any time by contacting customer support. A valid credit card is required to cover overages in case you exceed the applicable Voice, SMS and Data limits. To avoid overage charges, you should purchase the appropriate plan for your anticipated needs."",""Our prepaid SIM card can be used with any unlocked 5G/4G LTE GSM device such as but not limited to:"",""Apple iPhones"",""Samsung Galaxy Smart Phones"",""T-Mobile Phones"",""Android & iOS Cell Phones"",""Unlocked AT&T and Unlocked Verizon Phones (universal phone)"",""Unlocked GSM Smartphones: Huawei, ZTE, Nokia, Alcatel, TCL,RCA, LG, HTC"",""Unlocked GSM Cellphones : Google Pixel, Nexus, Motorola, One Plus"",""Feature Phones, Flip Phones and Any Universal GSM Cellular Phones.""]}]}]","21","12","8.8","0.2","9","1","14","8.5","5.6","0.3","","","","","","","no","no","","no","no","no","no","","","no","-","","","","","","","",""
"1","1","1","1","0 %","0 %","0 %","0 %","","","","","","","","","Speedtalk-Mobile-Data-SIM-Card","","B0CSVBRFCH","SpeedTalk Data Only SIM Card Prepaid USA Coverage","no","no","no","no","no","no","no","no","no","no","no","no","no","no","no","no","no","no","no","no","no","no","no","no","no","no","no","no","no","no","no","no","no","no","no","yes","no","no","no","no","no","no","no","com","https://m.media-amazon.com/images/I/61PccPPSJXL.jpg;https://m.media-amazon.com/images/I/61QpiYvVXCL.jpg;https://m.media-amazon.com/images/I/71SM33gdmeL.jpg;https://m.media-amazon.com/images/I/71f98w+szFL.jpg;https://m.media-amazon.com/images/I/71SlFOwgHhL.jpg;https://m.media-amazon.com/images/I/61RuvwFriwL.jpg","","6","5GB Data SIM Card – 5G/4G LTE, 30-Day Plan | Nationwide USA Coverage | for Security Cameras, Hotspots, Tablets, Laptops, IoT & M2M Devices | Triple-Cut SIM | SpeedTalk Mobile","","","🚀 5GB High-Speed Data for 30 Days – Get fast and reliable 5G/4G LTE data for 30 days. Perfect for IoT and M2M devices such as security cameras, mobile hotspots, tablets, laptops, solar-powered smart systems, business equipment, and remote monitoring setups.","📱 Universal Triple-Cut SIM for Most Devices – Includes Standard, Micro, and Nano SIM sizes for broad compatibility with unlocked 5G/4G LTE devices. Ideal for hotspots, routers, trail cameras, game cameras, wireless security systems, and IoT hubs.","🌐 Nationwide USA Coverage – Enjoy coast-to-coast connectivity with stable, high-quality data service across major nationwide networks. Great for travel, backup internet, business operations, or powering connected devices in remote locations.","🛡️ No Contracts, No Hidden Fees – Easy online activation with zero long-term commitment. Monthly subscription required; cancel anytime. Simply insert the SIM, activate online, and start using your data plan.","📊 Data-Only Service (No Voice/SMS) – Built specifically for reliable internet access. This SIM card supports data-only applications, making it ideal for IoT deployments, cloud-connected devices, smart monitoring systems, and M2M communication.","","","","","","11803","14143","15193","41436","60599","4 %","11 %","22 %","17 %","62,801","84 %","74604","9745","322764","14","39","3.3","222","84","149","Cell Phones & Accessories","wireless_display_on_website","# 24 | Top 0.3% | SIM Cards","","","","213","205","128","75","","","","","3","2026/04/04 12:36","2026/05/26 01:04","2026/05/09 08:12","15.00","","15.00","14.71","14.85","14.67","0 %","0 %","0 %","-2 %","$ 0.00","0 %","15.00","11.25","30.00","","0 %","IN_STOCK","","-","","SpeedTalk Mobile (98%) / A13X3GVNM9G7YR","","0 %","0 %","0 %","0 %","100 %","100 %","99 %","100 %","1","1","1","1","-","1.00","0.97","8","61","61","yes","no","-","","no","no","no","yes","1","0","0","0","0","0","0","0","","","","","","","","","","","","","","","","100 %","1","1","no Amazon offer exists","","15.00","15.00","14.65","14.82","14.65","0 %","0 %","0 %","-2 %","$ 0.00","0 %","15.00","11.25","30.00","0 %","","15.00","14.65","14.82","14.67","","","","","","","","11.25","30.00","","-","3.86","15 %","2.25","","","","","","","","","","","","","","","","-","","","","12.00","12.00","","","","","","","","12.00","12.00","","","","","","","","","","","","","","","","","no","","","","","","","","","","","","","","","","100 %","","","","","","","","","","","","","","","","","","","","","","","","","","","","","","","","","","","","","","","","","","","","","","","","","","","","","","","","","","","","","","","","","","","","","","","","","","","","","","","","","","","","","","","","","","","","","","","","","","","30.00","30.00","30.00","30.00","30.00","0 %","0 %","0 %","0 %","$ 0.00","0 %","30.00","30.00","30.00","","","","","","","","","","","","","","","","","","","","","","","","","","","","","","","","","","","","","","","","","","","1","1","1","1","1","1","0 %","0 %","0 %","0 %","1","","","","","","","","","","","","","","","","","","","","","","","","","","","","2024/02/26","2020/02/04","https://www.amazon.com/dp/B0CSVBRFCH?psc=1","https://keepa.com/#!product/1-B0CSVBRFCH","Cell Phones & Accessories","SIM Cards","Cell Phones & Accessories › SIM Cards & Prepaid Minutes › SIM Cards","Wireless","wireless_display_on_website","","0850043471738","","850043471738","","B0FMRLGP8C","B084DD3HB3,B0CSHRP6SX,B0CSVBRFCH,B0CSH7VXK6,B0CSH284FY","5","","","SIM_CARD","Speedtalk Mobile","SpeedTalk Mobile","SpeedTalk Mobile","SpeedTalkMobile","https://www.amazon.com/stores/SpeedTalkMobile/page/F3D278F0-9F00-49C0-9A70-02C3A04B24F3","5 GB Data | 30 Days","Model: 5 GB Data | 30 Days;","","","","","","","","","","cell-phone-sim-cards","","","","","","","","","","1","","","","","3","yes","[{""creator"":""Creator: Main"",""duration"":""32s"",""image"":""https://m.media-amazon.com/images/I/815KGYcYwML.png"",""name"":""SpeedTalk Mobile"",""title"":""SpeedTalk Mobile | Data Pland"",""url"":""https://m.media-amazon.com/images/S/vse-vms-transcoding-artifact-us-east-1-prod/a9eb1f02-fbc2-494f-9232-f27f438d99b9/default.jobtemplate.hls.m3u8""}]","[{""creator"":""Creator: Seller"",""duration"":""51s"",""image"":""https://m.media-amazon.com/images/I/419coq6GzML.jpg"",""name"":""SpeedTalk Mobile"",""title"":""SpeedTalk Mobile 5G 4G LTE"",""url"":""https://m.media-amazon.com/images/S/vse-vms-transcoding-artifact-us-east-1-prod/6e998fd1-c990-44a9-9413-cbba65e243ec/default.jobtemplate.hls.m3u8""},{""creator"":""Creator: Seller"",""duration"":""25s"",""image"":""https://m.media-amazon.com/images/I/91MwdmLDiPL.png"",""name"":""SpeedTalk Mobile"",""title"":""Introducing the triple-cut SIM card"",""url"":""https://m.media-amazon.com/images/S/vse-vms-transcoding-artifact-us-east-1-prod/d1e2733c-3c87-40ed-87d6-0c40f7b433d4/default.jobtemplate.hls.m3u8""}]","yes","no","[{""fromManufacturer"":false,""module"":[{""image"":[""https://m.media-amazon.com/images/S/aplus-media-library-service-media/5dd670f2-9666-4438-b988-b5c820714a9d.png""],""imageAltText"":[""IoT M2M Data SIM Card Kit Internet Wifi gps tracker smartwatch alarm router modem wifi hotspot""],""text"":[""This Data plan is great choice when you need internet service on your device. With our 3 in 1 Triple Cut SIM Card, stay online and connected. IoT & M2M Devices like Trackers, Asset Trackers, Alarm Systems, Mobile Hot Spots, IOT Cameras, Smartwatches, Car Trackers, GPS Devices and more are compatible with our SIM Cards."",""Running out of Data? You can add more balance through your account. Enjoy using our 5G / 4G LTE service across the US. Check Coverage at STKMap."",""Cancellations can be made any time by contacting technical support team.""]},{""image"":[""https://m.media-amazon.com/images/S/aplus-media-library-service-media/8bec5dd2-4375-4e14-ac8d-c0951ae9eaac.png""],""imageAltText"":[""5 GB data sim kit""]},{""image"":[""https://m.media-amazon.com/images/S/aplus-media-library-service-media/d1e0ab17-bc89-4d61-9ec1-efd13f4c282d.png""],""imageAltText"":[""prepaid iot data sim card gps tracker smartwatch alarm camera cctv obd tablet laptop router hotspot""],""text"":[""Compatible With Many IoT & M2M Devices"",""With the multiple data consuming products in the market, we have done our best to make our SIM Cards compatible with a majority of those devices. Bring your own device (BYOD) and choose the SIM Size that fits it best with our Three in One Triple Cut SIM."",""Nationwide Coverage"",""Coast-to-coast wireless coverage. Forget about loading issues or slow data speeds. We use a nationwide 5G / 4G LTE Network to ensure you stay connected."",""EASY ACTIVATION: Valid credit card is needed at activation, No contracts, Cancel anytime. SpeedTalk Mobile offers its services through subscription plans which auto-renew every service plan cycle. Plan begins as soon as you activate your service. You’ll be charged the rate stated at the time of purchase, every plan period, until you cancel. Cancellations can be made any time by contacting technical support team. A valid credit card is required to cover overages in case you exceed the applicable data limit."",""Live support is ready to help you. Our team is available to help you with activation, set up, APN settings, and more. Contact them via Call, Chat, or email."",""Our representatives are available 7 days a week, 365 days a year. 4:30 AM - 8:30 PM (PDT)""]},{""image"":[""https://m.media-amazon.com/images/S/aplus-media-library-service-media/fb20ad9a-192c-424f-b82d-10867813ba15.png"",""https://m.media-amazon.com/images/S/aplus-media-library-service-media/c1545feb-a21f-4a69-ae1d-af35113012fd.png"",""https://m.media-amazon.com/images/S/aplus-media-library-service-media/98b4bed0-d934-4fdc-b320-d90ec9904bfb.png""],""imageAltText"":[""Purchase Speedtalk"",""Ship"",""Activate""],""text"":[""PURCHASE"",""Obtain our versatile 3-in-1 Data Only SIM card, featuring standard, micro, and nano sizes for seamless compatibility."",""This SIM card is suitable for use in any IoT & M2M device."",""SHIP"",""Anticipate the arrival of your express shipment from Amazon."",""Delivery time ranges from 2 to 4 days based on the details in your Amazon account."",""PUNCH & ACTIVATE"",""Please visit ACTIVATESPEEDTALK to proceed."",""Activate your SIM card by following the provided instructions."",""Insert the activated SIM card into your device."",""Configure the Access Point Name (APN) settings (refer to your device manual for guidelines)."",""Select a data plan that best suits your needs.""]},{""image"":[""https://m.media-amazon.com/images/S/aplus-media-library-service-media/9a2dd11a-575d-4841-9eef-2b4a16d65971.png""],""imageAltText"":[""prepaid iot data sim card gps tracker smartwatch alarm camera cctv obd tablet laptop router hotspot""],""text"":[""Set Up APN on your IoT & M2M Device""]},{""asin"":[""B0CSHRP6SX"",""B0CSVBRFCH"",""B0CSH7VXK6"",""B0CSH284FY""]}]}]","232","12","8.8","2.2","68","","14","8.5","5.6","0.3","3","","","","","","no","no","","no","no","no","no","","","no","-","","","","","50","2025/11/20","50","2025/11/20"
"2","1","1","1","0 %","0 %","0 %","-100 %","","","","","","","","","Smartwatch-SIM-Card-Starter-Kit","","B084RY26BN","SpeedTalk Mobile SIM Card Starter Kit, Smartphone Cell Phone, GPS Tracker and IoT, Plan Starting at $5 Prepaid, Data, Talk and Text, High Speed 5G 4G LTE, Android iOS, USA","no","no","no","no","no","no","no","no","no","no","no","no","no","no","no","no","no","no","no","no","no","no","no","no","no","no","no","no","no","no","no","no","no","no","no","yes","no","no","no","no","no","no","no","com","https://m.media-amazon.com/images/I/611ABHx8FoL.jpg;https://m.media-amazon.com/images/I/61zQ0XXtFjL.jpg;https://m.media-amazon.com/images/I/71XbeJAOiSL.jpg;https://m.media-amazon.com/images/I/71Q7BB-wKAL.jpg;https://m.media-amazon.com/images/I/71f98w+szFL.jpg;https://m.media-amazon.com/images/I/71s+arbFFrL.jpg;https://m.media-amazon.com/images/I/510Kv+EzjKL.jpg;https://m.media-amazon.com/images/I/61xLKQqVUqL.jpg","","8","SpeedTalk Mobile Smartwatch SIM Card Starter Kit - Triple Cut 3 in 1 Simcard: Standard, Micro, Nano for 4G Kids Senior Smart Watches & Wearables | No Contract No Credit Check | Global Coverage","","","✅ 𝗔𝗳𝗳𝗼𝗿𝗱𝗮𝗯𝗹𝗲 𝗣𝗹𝗮𝗻𝘀 𝗳𝗿𝗼𝗺 $𝟱/𝗠𝗼𝗻𝘁𝗵 – Choose your plan for your device. Get a SIM card with plans starting at just $5/month. Perfect for Any type of devices, smartphones, cameras, Smartwatch, hotspots, GPS trackers, IoT devices, tablets & more.","✅ 𝗦𝗜𝗠 𝗞𝗶𝘁 𝗶𝗻𝗰𝗹𝘂𝗱𝗲𝘀: 3-in-1 Physical SIM card (standard, micro, and nano sizes) to fit all SIM-compatible devices. During activation, you can choose to keep the physical SIM or switch to an eSIM on compatible Apple, Google, and Samsung smartphones (please see the device compatibility chart in this listing). Activation is required to begin SpeedTalk Mobile service.","✅ 𝗲𝗦𝗜𝗠: Bring your own unlocked phone, keep your current number (or get a new one), and activate online. Use the ICCID number on the SIM card delivered to you for both Physical SIM and eSIM activations. eSIM available on all iPhone 11 and newer, Google phones Pixel 2 or higher, and Samsung phones.","✅ 𝟱𝗚 𝟰𝗚 𝗟𝗧𝗘 𝗛𝗶𝗴𝗵-𝗦𝗽𝗲𝗲𝗱 𝗗𝗮𝘁𝗮 – Stay connected with fast & reliable speeds for talk, text & data. Ideal for Smartphones, hotspot, IoT devices, GPS trackers, Smartwatches, cameras & tablets.","✅ 𝗢𝘂𝗿 𝗦𝗜𝗠 𝗰𝗮𝗿𝗱 𝗰𝗮𝗻 𝗯𝗲 𝘂𝘀𝗲𝗱 𝘄𝗶𝘁𝗵 𝘂𝗻𝗹𝗼𝗰𝗸𝗲𝗱 𝟰𝗚 𝟱𝗚 𝗱𝗲𝘃𝗶𝗰𝗲𝘀: Including smartphones such as Apple iPhone, Android phones. It is also compatible with smartwatches, laptops, tablets, MiFi hotspots, routers, GPS trackers, cameras, and other IoT devices.","✅ 𝟯-𝗶𝗻-𝟭 𝗦𝗜𝗠 𝗖𝗮𝗿𝗱 𝗞𝗶𝘁 – Includes Nano, Micro & Standard SIM card sizes for maximum device compatibility.","✅ 𝗣𝗲𝗿𝗳𝗲𝗰𝘁 𝗳𝗼𝗿 𝗽𝗿𝗶𝗺𝗮𝗿𝘆 𝘀𝗲𝗿𝘃𝗶𝗰𝗲, 𝗯𝘂𝘀𝗶𝗻𝗲𝘀𝘀, 𝗯𝗮𝗰𝗸𝘂𝗽, 𝗮𝗻𝗱 𝗴𝗶𝗳𝘁𝘀 – Works as a U.S. SIM card. Compatible with Unlock Verizon, AT&T and T-Mobile phones and unlocked GSM phones. U.S nationwide coverage 5G 4G LTE.","","","","17097","15731","13692","15524","17705","-2 %","-21 %","-25 %","-9 %","3,485","17 %","20582","9600","217296","9","44","3.4","5058","90","163","Cell Phones & Accessories","wireless_display_on_website","# 33 | Top 0.27% | SIM Cards","","","High","5057","2440","3661","4171","","","","","-","2026/05/12 10:42","2026/05/25 21:08","2026/05/02 20:18","2.95","","2.93","2.39","2.58","2.32","0 %","0 %","-1 %","-23 %","$ 0.30","9 %","3.25","0.95","5.00","","0 %","IN_STOCK","","-","","SpeedTalk Mobile (98%) / A13X3GVNM9G7YR","","0 %","0 %","0 %","0 %","100 %","100 %","99 %","86 %","1","1","2","2","0.02","0.47","0.90","8","8","78","yes","no","-","","no","no","no","yes","2","0","0","0","0","0","0","0","","","","","","","","","","","","","","","","100 %","1","1","no Amazon offer exists","","2.95","2.93","2.39","2.57","2.31","0 %","0 %","-1 %","-23 %","$ 0.30","9 %","3.25","0.95","5.00","0 %","","2.93","2.39","2.52","2.22","","","","","","","","0.95","4.99","","-","2.52","14.92 %","0.44","","","","","","","","","","","","","2.50","2.50","","-","","","","","","","","","","","","","","","","","","","","","","","","","","","","","","","no","","","","","","","","","","","","","","","","100 %","","","","","","","","","","","","","","","","","","","","","","","","","","","","","","","","","","","","","","","","","","","","","","","","","","","","","","","","","","","","","","","","","","","","","","","","","","","","","","","","","","","","","","","","","","","","","","","","","","","2.50","2.50","2.50","2.50","2.50","0 %","0 %","0 %","0 %","$ 0.00","0 %","2.50","2.50","4.99","","","","","","","","","","","","","","","","","","","","","","","","","","","","","","","","","","","","","","","","","","","2","2","2","1","1","1","0 %","0 %","0 %","-100 %","2","","","","","","","","","","","","","","","","","","","","","","","","","","","","2020/02/21","2020/02/14","https://www.amazon.com/dp/B084RY26BN?psc=1","https://keepa.com/#!product/1-B084RY26BN","Cell Phones & Accessories","SIM Cards","Cell Phones & Accessories › SIM Cards & Prepaid Minutes › SIM Cards","Wireless","wireless_display_on_website","","0850016079503","","850016079503","","B0GVQ39MV6","B07933LMZW,B084RY26BN,B0F2JKL14S","3","","","SIM_CARD","SpeedTalk Mobile","SpeedTalk Mobile","SpeedTalk Mobile","SpeedTalkMobile","https://www.amazon.com/stores/SpeedTalkMobile/page/F3D278F0-9F00-49C0-9A70-02C3A04B24F3","Universal SIM kit","SetName: Smartwatch Sim Card;","","","3","Count","","","","Modern","","cell-phone-sim-cards","","","","","","","","","","1","","","","","2","yes","[{""creator"":""Creator: Main"",""duration"":""51s"",""image"":""https://m.media-amazon.com/images/I/51IrTXbLVZL.jpg"",""name"":""SpeedTalk Mobile"",""title"":""SpeedTalk Mobile Smart Watch Sim Card"",""url"":""https://m.media-amazon.com/images/S/vse-vms-transcoding-artifact-us-east-1-prod/cc02cd9e-416c-4d34-9940-4dba26951b1c/default.jobtemplate.hls.m3u8""}]","[{""creator"":""Creator: Seller"",""duration"":""123s"",""image"":""https://m.media-amazon.com/images/I/617MlXX145L.png"",""name"":""SpeedTalk Mobile"",""title"":""How to insert your SIM Card?"",""url"":""https://m.media-amazon.com/images/S/vse-vms-transcoding-artifact-us-east-1-prod/v2/b3da0dc2-0ad0-5ff7-bd22-ff68cc96ef37/ShortForm-Generic-480p-16-9-1409173089793-rpcbe5.mp4""}]","yes","no","[{""fromManufacturer"":false,""module"":[{""asin"":[""B07HZYDVSX"",""B0FCHPQSWB"",""B0CSHRP6SX"",""B0CLWSGD3V""]},{""image"":[""https://m.media-amazon.com/images/S/aplus-media-library-service-media/d06dbc75-7844-4694-aa6e-d3cc0af9cf15.png""],""imageAltText"":[""Smartwatch SIM Starter Kit 3-in-1 Nano Micro Standard for Kids GPS Trackers &amp; IoT Devices""]},{""image"":[""https://m.media-amazon.com/images/S/aplus-media-library-service-media/87f7ba15-2855-4043-b70b-cc798a96acd3.png""],""imageAltText"":[""phone plane, smart watch card, sim card smartband, phone service""],""text"":[""Coast-to-Coast 5G 4G LTE Connection."",""5G 4G LTE Nationwide Coverage Across the United States."",""Stay connected across the USA with SpeedTalk’s 5G 4G LTE SIM card. Designed for smartwatches, our service ensures a strong, consistent signal coast to coast. Enjoy voice, text, and data coverage for your device.""]},{""image"":[""https://m.media-amazon.com/images/S/aplus-media-library-service-media/9d70c055-533a-479d-8ca6-d7ae455bd4f6.png"",""https://m.media-amazon.com/images/S/aplus-media-library-service-media/4f0c1563-8bc2-4e33-9106-2e99f8084f17.png"",""https://m.media-amazon.com/images/S/aplus-media-library-service-media/e4f17386-fc02-4ee4-8988-44310bd84a55.png""],""imageAltText"":[""kids smartwatch, sim card, phone plan"",""desk"",""costumer service""],""text"":[""2"",""Overview"",""3"",""3 in 1 SIM Card"",""4"",""Costumer Service"",""SpeedTalk’s SIM card."",""Perfect SIM Solution for Smartwatch Connectivity."",""Designed for smartwatches."",""Supports voice calls, text messaging. Easy activation, no contracts."",""Nano, Micro, and Standard"",""Universal 3-in-1 SIM Card – Fits All Watch Sizes."",""Our 3 in 1 SIM that fits most kids and seniors smartwatches."",""Easily pop out the size you need."",""By chat, email and phone."",""We’re Here to Help 7 Days a Week."",""Our dedicated team is available to guide you through activation, troubleshooting, and more.""]},{""image"":[""https://m.media-amazon.com/images/S/aplus-media-library-service-media/bab4a325-eac5-451e-bb37-d0bcea0dc8e9.png""],""imageAltText"":[""activation process""],""text"":[""Simple Activation in Just a Few Easy Steps""]},{""text"":[""How do I activate my SpeedTalk SIM card?"",""Activation is simple! Visit our website and follow the instructions. You’ll need the SIM card number to complete the process."",""Is the SIM card compatible with any smartwatch?"",""The SIM card works with most unlocked 4G LTE smartwatches. Make sure your device supports GSM networks for full compatibility with SpeedTalk Mobile."",""What coverage does SpeedTalk Mobile offer?"",""SpeedTalk uses a nationwide 4G LTE network, providing reliable coverage across the U.S. for voice, text, and data services on your smartwatch."",""Can I keep my current phone number?"",""Yes, you can keep your phone number or get a new one. Porting is available during activation. Just follow the instructions and have your current account info ready for a smooth transfer."",""What is the refund policy for the SIM card?"",""Refunds are available within 14 days of activation. No refunds if you use over 30 mins, 15 texts, or 30MB. SIMs bought via SpeedTalk’s Amazon store follow their terms & conditions.""]},{""text"":[""The video showcases the product in use."",""The video guides you through product setup."",""The video compares multiple products."",""The video shows the product being unpacked."",""Speedtalk Smartwatch sim card"",""Merchant Video""],""video"":[""https://m.media-amazon.com/images/S/vse-vms-transcoding-artifact-us-east-1-prod/9fbf305a-45a2-4470-8658-22b8aa39f8b8/default.jobtemplate.hls.m3u8""]}]}]","74","12","8.8","0.7","18","1","14","8.5","5.6","0.3","","","","","","","no","no","","no","no","no","no","","","no","-","","","","","50","2026/01/02","50","2025/06/18"
"1","1","1","1","0 %","0 %","0 %","0 %","","","","","","","","","SpeedTalk-Mobile-Phones-Cellphones-Monthly","","B0CLX2QN4Q","SpeedTalk Mobile $5 Prepaid Wireless Pay Go Plan for Smartphones & Cellphones | 5G 4G LTE | Triple Cut (Mini,Micro,Nano) Sim Card | No Contract | 30-Day Service","no","no","no","no","no","no","no","no","no","no","no","no","no","no","no","no","no","no","no","no","no","no","no","no","no","no","no","no","no","no","no","no","no","no","no","yes","no","no","no","no","no","no","no","com","https://m.media-amazon.com/images/I/71htVdKmbTL.jpg;https://m.media-amazon.com/images/I/71Fy5mjB3NL.jpg;https://m.media-amazon.com/images/I/71hiRhDWbcL.jpg;https://m.media-amazon.com/images/I/71f98w+szFL.jpg;https://m.media-amazon.com/images/I/71Wv4gAWmRL.jpg;https://m.media-amazon.com/images/I/81muDQlXlAL.jpg;https://m.media-amazon.com/images/I/814RXRcnWCL.jpg;https://m.media-amazon.com/images/I/71AHwAPxuEL.jpg;https://m.media-amazon.com/images/I/71LdC5+UaKL.jpg","","9","SpeedTalk Mobile Prepaid Cell Phone SIM Card for Smart Phones & Cellphones | $18 Monthly Plan - Unlimited Talk & Text + 9GB 5G 4G LTE Data | 3-in-1 SIM Card Standard Micro Nano","","","AFFORDABLE & REFILLABLE PHONE SIM CARD: Experience true affordability with SpeedTalk Mobile's prepaid Pay As You Go Subscription Plan. We offer the lowest rates for Text, Data, and Minutes, whether used individually or in any combination. For only $18 per month, enjoy Unlimited Talk & Text + 9GB in 5G 4G LTE DatA for a 30-day period. No need to fret if you exceed your credits as it will automatically renew with the same plan once all allotted credits have been used up.","EASY ACTIVATION: A Valid Credit Card is required for activation. Access your account online seamlessly. SIMPLE ACTIVATION in three easy steps. 1. Activate your sim card in our website 2. Install the sim card in your phone.","VERSATILE COMPATIBILITY: With 'Bring Your Own Phone, you can utilize any compatible cell phone on the SpeedTalk Mobile network. Our SIM card works with all unlocked 5G 4G LTE compatible phones, be it iPhones, Androids (Samsung Galaxy, Google Pixel), LG, Windows, or non-smartphones. It's a Triple Cut SIM Card, available in three sizes (Mini/Micro/Nano), ensuring compatibility with various devices. Simply pop out the size that fits your device and insert it.","KEEP YOUR PHONE NUMBER: Stay connected with your current contacts without breaking the bank. You have the choice to keep your current phone number or obtain a new one.","TOP-TIER NATIONWIDE COVERAGE: Say goodbye to dropped calls, slow data, and loading delays. SpeedTalk Mobile delivers expansive 5G 4G LTE coverage across the nation, encompassing Hawaii, Puerto Rico, and the US Virgin Islands, all on the largest and fastest network. For detailed network ranges, refer to the SpeedTalk Mobile Coverage Map.","","","","","","4724","4622","4164","6612","16250","-7 %","-13 %","-13 %","-2 %","5,341","53 %","10065","3378","391357","20","107","3.4","3133","191","335","Cell Phones & Accessories","wireless_display_on_website","# 29 | Top 0.27% | SIM Cards","50","-2 %","","3127","3114","3091","3222","","","","","22","2026/03/26 06:14","2026/05/26 20:58","2026/05/23 09:00","18.00","","18.00","17.00","16.69","16.91","0 %","0 %","0 %","-6 %","$ 0.00","0 %","18.00","13.50","19.00","3","0 %","IN_STOCK","","-","","SpeedTalk Mobile (98%) / A13X3GVNM9G7YR","","0 %","0 %","0 %","0 %","100 %","100 %","100 %","100 %","1","1","1","1","-","1.62","1.88","8","61","61","yes","no","-","","no","no","no","yes","1","0","0","0","0","0","0","0","","","","","","","","","","","","","","","","100 %","1","1","no Amazon offer exists","","18.00","18.00","17.09","16.74","16.93","0 %","0 %","0 %","-5 %","$ 0.00","0 %","18.00","13.50","19.00","0 %","","18.00","17.09","16.78","16.99","","","","","","","","13.50","19.00","3","-","3.44","15 %","2.70","","","","","","","","","","","","","","","","-","","","","","","","","","","","","","","","","","","","","","","","","","","","","","","","no","","","","","","","","","","","","","","","","100 %","","","","","","","","","","","","","","","","","","","","","","","","","","","","","","","","","","","","","","","","","","","","","","","","","","","","","","","","","","","","","","","","","","","","","","","","","","","","","","","","","","","","","","","","","","","","","","","","","","","18.00","18.00","18.00","18.00","18.00","0 %","0 %","0 %","0 %","$ 0.00","0 %","18.00","18.00","18.00","","","","","","","","","","","","","","","","","","","","","","","","","","","","","","","","","","","","","","","","","","","1","1","1","1","1","1","0 %","0 %","0 %","0 %","1","","","","","","","","","","","","","","","","","","","","","","","","","","","","2023/10/31","2023/10/27","https://www.amazon.com/dp/B0CLX2QN4Q?psc=1","https://keepa.com/#!product/1-B0CLX2QN4Q","Cell Phones & Accessories","SIM Cards","Cell Phones & Accessories › SIM Cards & Prepaid Minutes › SIM Cards","Wireless","wireless_display_on_website","","0850043471554","","850043471554","","B0FRWN5W3V","B07G9P5ZBW,B0BS1W6HJM,B0CLX2QN4Q","3","","B0DFHRH11D","SIM_CARD","SpeedTalk Mobile","SpeedTalk Mobile","SpeedTalk Mobile","SpeedTalkMobile","https://www.amazon.com/stores/SpeedTalkMobile/page/F3D278F0-9F00-49C0-9A70-02C3A04B24F3","$18 - 9GB - Unlimited Talk & Text","Model: $18 - 9GB - Unlimited Talk & Text;","","","","","","","","","","cell-phone-sim-cards","","","","","","","","","","0","","","","","5","yes","[{""creator"":""Creator: Main"",""duration"":""31s"",""image"":""https://m.media-amazon.com/images/I/A1nv8OXXjqL.png"",""name"":""SpeedTalk Mobile"",""title"":""SpeedTalk Mobile esim tutorial"",""url"":""https://m.media-amazon.com/images/S/vse-vms-transcoding-artifact-us-east-1-prod/15f35dec-9ea7-4365-b4eb-5b1739415ed4/default.jobtemplate.hls.m3u8""}]","[{""creator"":""Creator: Seller"",""duration"":""29s"",""image"":""https://m.media-amazon.com/images/I/716x8Jn4zdL.jpg"",""name"":""SpeedTalk Mobile"",""title"":""SpeedTalk Mobile | Phones"",""url"":""https://m.media-amazon.com/images/S/vse-vms-transcoding-artifact-us-east-1-prod/4ee7f3ee-ddda-43bc-8ab0-342a8c6b316b/default.jobtemplate.hls.m3u8""},{""creator"":""Creator: Seller"",""duration"":""51s"",""image"":""https://m.media-amazon.com/images/I/419coq6GzML.jpg"",""name"":""SpeedTalk Mobile"",""title"":""SpeedTalk Mobile 5G 4G LTE"",""url"":""https://m.media-amazon.com/images/S/vse-vms-transcoding-artifact-us-east-1-prod/6e998fd1-c990-44a9-9413-cbba65e243ec/default.jobtemplate.hls.m3u8""},{""creator"":""Creator: Seller"",""duration"":""40s"",""image"":""https://m.media-amazon.com/images/I/A1iPJdiNmlL.png"",""name"":""SpeedTalk Mobile"",""title"":""Meet speedtalk Mobile"",""url"":""https://m.media-amazon.com/images/S/vse-vms-transcoding-artifact-us-east-1-prod/5f4cc818-c13a-4876-b5a6-451c5ad555e9/default.jobtemplate.hls.m3u8""},{""creator"":""Creator: Seller"",""duration"":""25s"",""image"":""https://m.media-amazon.com/images/I/91MwdmLDiPL.png"",""name"":""SpeedTalk Mobile"",""title"":""Introducing the triple-cut SIM card"",""url"":""https://m.media-amazon.com/images/S/vse-vms-transcoding-artifact-us-east-1-prod/d1e2733c-3c87-40ed-87d6-0c40f7b433d4/default.jobtemplate.hls.m3u8""}]","yes","no","[{""fromManufacturer"":false,""module"":[{""asin"":[""B07G9P5ZBW"",""B075QNH2HP"",""B0BS1W6HJM"",""B0CLWSGD3V"",""B0CLX2QN4Q""]},{""image"":[""https://m.media-amazon.com/images/S/aplus-media-library-service-media/504e9f0b-21d3-4049-b9d7-bee3877de6fd.png""],""imageAltText"":[""phone sim card prepaid prepaid cards prepaid cell phone plans mobile prepaid plans simcard for phone""],""text"":[""SpeedTalk Mobile Wireless Phone Plan, Unlimited Talk, Unlimited Text, Unlimited Data (first 9GB HIGH SPEED then 2G Data Speed) , 30 Days Service""]},{""image"":[""https://m.media-amazon.com/images/S/aplus-media-library-service-media/9ca78185-3b63-44fb-b316-5c1fd7baa38e.png""],""imageAltText"":[""cell phone service plans sim card usa sim kit cell phone plans buy a sim card pre paid sim cards""]},{""image"":[""https://m.media-amazon.com/images/S/aplus-media-library-service-media/c00723d6-62ca-49b4-a1c7-c49a5b25c8c2.jpg"",""https://m.media-amazon.com/images/S/aplus-media-library-service-media/6d9b31f0-08b0-4432-aae4-8d24e6343d60.jpg"",""https://m.media-amazon.com/images/S/aplus-media-library-service-media/f98243b0-728b-4d58-bbd7-b504fab1de5b.jpg""],""imageAltText"":[""unlimited data sim cards cell phone with prepaid card prepaid phone plan prepaid cell phone minutes"",""cellphone service plans prepaid mobile plan unlimited data plan tarjeta sim prepaid cell phones"",""sim card reader prepaid phone sim tell o sim card trac fone prepaid card mint mobile sim card""],""text"":[""How to Active your Sim Card:"",""Enter the activation code from the back of the SIM Card."",""EASY ACTIVATION: Valid credit card is needed at activation, No contracts, Cancel anytime. Speedtalk Mobile offers its services through subscription plans."",""Choose the best plan that meets your needs."",""Keep your existing phone number or select a new one from SpeedTalk Mobile.""]},{""image"":[""https://m.media-amazon.com/images/S/aplus-media-library-service-media/224e8bc7-6e22-4b46-9d98-c3e61675c1fe.jpg"",""https://m.media-amazon.com/images/S/aplus-media-library-service-media/d461bb2e-be3a-4b5f-b615-1dc242a12b83.jpg"",""https://m.media-amazon.com/images/S/aplus-media-library-service-media/1c7cec33-436b-4c86-b496-c6a7f9d337d2.jpg""],""imageAltText"":[""cellphones tracphone prepaid phone nano sim card gsm unlocked phones prepaid phones verizon sim card"",""talk and text only cell phone tracphone prepaid card pay as you go phones sim card router"",""tmobile sim card track phones cell phones ultra mobile sim card tracfone sim card teléfono celular""],""text"":[""Grab your favorite unlocked cellphone or device."",""Insert the Triple Cut Sim Card (Mini, Micro, Nano) Fits any phone."",""Log in to your SpeedTalk Mobile account or create a new one.""]},{""image"":[""https://m.media-amazon.com/images/S/aplus-media-library-service-media/c5345d43-db71-49a4-880c-bd8948e01a4d.jpg""],""imageAltText"":[""simple mobile phone prepaid cell phones with minutes included micro sim card hotspot sim card""]}]}]","211","12.8","11.8","1.4","41","0","14","8.5","5.6","0.3","","","","","","","no","no","","no","no","no","no","","","no","-","","","","","50","2026/04/26","50","2023/12/17"
"1","1","1","1","0 %","0 %","0 %","0 %","","","","","","","","","SpeedTalk-Mobile-Phones-Cellphones-Monthly","","B0CLWYPQLQ","SpeedTalk Mobile Pre-Paid eSIM and SIM Card Starter Kit – No Contract Wireless Plans $5/mo Talk Text Data Unlimited Plans - Cellphone 5G 4G LTE Apple iPhone, Android Smart Phones","no","no","no","no","no","no","no","no","no","no","no","no","no","no","no","no","no","no","no","no","no","no","no","no","no","no","no","no","no","no","no","no","no","no","no","yes","no","no","no","no","no","no","no","com","https://m.media-amazon.com/images/I/715s7BRdtDL.jpg;https://m.media-amazon.com/images/I/71Fy5mjB3NL.jpg;https://m.media-amazon.com/images/I/711yTd-1rhL.jpg;https://m.media-amazon.com/images/I/71f98w+szFL.jpg;https://m.media-amazon.com/images/I/71HpybktATL.jpg;https://m.media-amazon.com/images/I/81muDQlXlAL.jpg;https://m.media-amazon.com/images/I/814RXRcnWCL.jpg;https://m.media-amazon.com/images/I/71LdC5+UaKL.jpg;https://m.media-amazon.com/images/I/61OAODnmolL.jpg","","9","SpeedTalk Mobile Universal SIM Card Kit for 5G 4G LTE iOS Android Smart Phones | Talk Text Data | Triple Cut 3 in 1 Simcard - Standard Micro Nano | No Contract Cellphone Plan (1 GB)","","","𝗔𝗳𝗳𝗼𝗿𝗱𝗮𝗯𝗹𝗲 & 𝗥𝗲𝗳𝗶𝗹𝗹𝗮𝗯𝗹𝗲 𝗣𝗵𝗼𝗻𝗲 𝗦𝗜𝗠 𝗖𝗮𝗿𝗱: Experience true affordability with SpeedTalk Mobile's prepaid Pay As You Go subscription plan. We offer low rates for text, data, and minutes, whether used individually or in any combination. For only $9 per month, enjoy 500 texts, 500 talk minutes, and 1GB data of 5G 4G LTE (including MMS) for a 30-day period. No worries if you exceed your credits — the plan will automatically renew once all allotted credits have been used.","𝗘𝗮𝘀𝘆 𝗔𝗰𝘁𝗶𝘃𝗮𝘁𝗶𝗼𝗻: A valid credit card is required at activation. No contracts — cancel anytime. SpeedTalk Mobile offers service through subscription plans. Call us for assistance 7 days a week with live technical support through our toll-free number.","𝗛𝗼𝘄 𝗱𝗼𝗲𝘀 𝗶𝘁 𝘄𝗼𝗿𝗸: The SIM Kit includes a 3-in-1 SIM card (standard, micro, and nano sizes) to fit most unlocked devices and supports eSIM activation on Apple, Google, and Samsung devices (please see the device compatibility chart in this listing). Activation is required to begin SpeedTalk Mobile service.","𝗲𝗦𝗜𝗠: Bring your own unlocked phone, keep your current number (or get a new one), and activate online in minutes. During activation, you can choose to keep using your physical SIM or switch to eSIM.","𝗩𝗲𝗿𝘀𝗮𝘁𝗶𝗹𝗲 𝗖𝗼𝗺𝗽𝗮𝘁𝗶𝗯𝗶𝗹𝗶𝘁𝘆: With our Bring Your Own Phone program, you can use any compatible cell phone on the SpeedTalk Mobile network. Our SIM card works with all unlocked 5G 4G LTE compatible phones, including iPhones, Android phones (Samsung Galaxy, Google Pixel), LG phones, Windows phones, and non-smartphones. It’s a triple-cut SIM card available in three sizes (standard/micro/nano), ensuring compatibility with various devices. Simply pop out the size that fits your device and insert it.","𝗞𝗲𝗲𝗽 𝗬𝗼𝘂𝗿 𝗣𝗵𝗼𝗻𝗲 𝗡𝘂𝗺𝗯𝗲𝗿: Stay connected with your current contacts without breaking the bank. You can keep your existing phone number or choose a new one.","𝗧𝗼𝗽-𝗧𝗶𝗲𝗿 𝗡𝗮𝘁𝗶𝗼𝗻𝘄𝗶𝗱𝗲 𝗖𝗼𝘃𝗲𝗿𝗮𝗴𝗲: Say goodbye to dropped calls, slow data, and loading delays. SpeedTalk Mobile delivers expansive 5G 4G LTE coverage across the nation, encompassing Hawaii, Puerto Rico, and the US Virgin Islands, all on the largest and fastest network. For detailed network ranges, refer to the SpeedTalk Mobile Coverage Map.","","","","7813","6837","6631","8063","8992","-14 %","-28 %","-18 %","-14 %","3,732","32 %","11545","4578","268274","19","107","3.4","5318","186","381","Cell Phones & Accessories","wireless_display_on_website","# 10 | Top 0.09% | SIM Cards","","","","2108","1179","3221","4164","","","","","11","2026/04/03 00:00","2026/05/24 22:28","2026/05/09 08:30","9.00","","9.00","8.85","8.92","8.80","0 %","0 %","0 %","-2 %","$ 0.00","0 %","9.00","6.75","9.00","","0 %","IN_STOCK","","-","","SpeedTalk Mobile (98%) / A13X3GVNM9G7YR","","0 %","0 %","0 %","0 %","100 %","100 %","100 %","98 %","1","1","1","1","-","0.57","0.58","8","61","70","yes","no","-","","no","no","no","yes","1","0","0","0","0","0","0","0","","","","","","","","","","","","","","","","100 %","1","1","no Amazon offer exists","","9.00","9.00","8.82","8.91","8.80","0 %","0 %","0 %","-2 %","$ 0.00","0 %","9.00","6.75","9.00","0 %","","9.00","8.83","8.91","8.79","","","","","","","","6.75","9.00","","-","2.52","15 %","1.35","","","","","","","","","","","","","","","","-","","","","","","","","","","","","","","","","","","","","","","","","","","","","","","","no","","","","","","","","","","","","","","","","100 %","","","","","","","","","","","","","","","","","","","","","","","","","","","","","","","","","","","","","","","","","","","","","","","","","","","","","","","","","","","","","","","","","","","","","","","","","","","","","","","","","","","","","","","","","","","","","","","","","","","9.00","9.00","9.00","9.00","9.00","0 %","0 %","0 %","0 %","$ 0.00","0 %","9.00","9.00","9.00","","","","","","","","","","","","","","","","","","","","","","","","","","","","","","","","","","","","","","","","","","","1","1","1","1","1","1","0 %","0 %","0 %","0 %","1","","","","","","","","","","","","","","","","","","","","","","","","","","","","2023/11/04","2023/10/27","https://www.amazon.com/dp/B0CLWYPQLQ?psc=1","https://keepa.com/#!product/1-B0CLWYPQLQ","Cell Phones & Accessories","SIM Cards","Cell Phones & Accessories › SIM Cards & Prepaid Minutes › SIM Cards","Wireless","wireless_display_on_website","","0850043471523","","850043471523","","B0FM25JPFY","B0CLWYPQLQ,B0CLX4ZRR2,B0CLWSGD3V,B0FZMJSVX8,B0CLX5PS8Z,B0CLWYZ5ND,B01N9XPPGZ","7","","","SIM_CARD","SpeedTalk Mobile","SpeedTalk Mobile","SpeedTalk Mobile","SpeedTalkMobile","https://www.amazon.com/stores/SpeedTalkMobile/page/F3D278F0-9F00-49C0-9A70-02C3A04B24F3","1 GB | 500 Minutes & 500 Texts","Model: 1 GB | 500 Minutes & 500 Texts;","","","","","","","","","","cell-phone-sim-cards","","","","","","","","","","0","","","","","5","yes","[{""creator"":""Creator: Main"",""duration"":""31s"",""image"":""https://m.media-amazon.com/images/I/A1nv8OXXjqL.png"",""name"":""SpeedTalk Mobile"",""title"":""SpeedTalk Mobile esim tutorial"",""url"":""https://m.media-amazon.com/images/S/vse-vms-transcoding-artifact-us-east-1-prod/15f35dec-9ea7-4365-b4eb-5b1739415ed4/default.jobtemplate.hls.m3u8""}]","[{""creator"":""Creator: Seller"",""duration"":""51s"",""image"":""https://m.media-amazon.com/images/I/419coq6GzML.jpg"",""name"":""SpeedTalk Mobile"",""title"":""SpeedTalk Mobile 5G 4G LTE"",""url"":""https://m.media-amazon.com/images/S/vse-vms-transcoding-artifact-us-east-1-prod/6e998fd1-c990-44a9-9413-cbba65e243ec/default.jobtemplate.hls.m3u8""},{""creator"":""Creator: Seller"",""duration"":""29s"",""image"":""https://m.media-amazon.com/images/I/716x8Jn4zdL.jpg"",""name"":""SpeedTalk Mobile"",""title"":""SpeedTalk Mobile | Phones"",""url"":""https://m.media-amazon.com/images/S/vse-vms-transcoding-artifact-us-east-1-prod/4ee7f3ee-ddda-43bc-8ab0-342a8c6b316b/default.jobtemplate.hls.m3u8""},{""creator"":""Creator: Seller"",""duration"":""40s"",""image"":""https://m.media-amazon.com/images/I/A1iPJdiNmlL.png"",""name"":""SpeedTalk Mobile"",""title"":""Meet speedtalk Mobile"",""url"":""https://m.media-amazon.com/images/S/vse-vms-transcoding-artifact-us-east-1-prod/5f4cc818-c13a-4876-b5a6-451c5ad555e9/default.jobtemplate.hls.m3u8""},{""creator"":""Creator: Seller"",""duration"":""25s"",""image"":""https://m.media-amazon.com/images/I/91MwdmLDiPL.png"",""name"":""SpeedTalk Mobile"",""title"":""Introducing the triple-cut SIM card"",""url"":""https://m.media-amazon.com/images/S/vse-vms-transcoding-artifact-us-east-1-prod/d1e2733c-3c87-40ed-87d6-0c40f7b433d4/default.jobtemplate.hls.m3u8""}]","yes","no","[{""fromManufacturer"":false,""module"":[{""image"":[""https://m.media-amazon.com/images/S/aplus-media-library-service-media/6f426d13-8cc4-4d14-b535-3702116e5692.jpg""],""imageAltText"":[""Header Image: SIM CARD STARTER KITS, CHOOSE THE PLAN THAT FITS YOU BEST""]},{""image"":[""https://m.media-amazon.com/images/S/aplus-media-library-service-media/be0a90ca-09ee-4eed-a9bb-8a53918df919.png"",""https://m.media-amazon.com/images/S/aplus-media-library-service-media/4ff838f2-6705-4ce5-a22f-340db8d58501.jpg""],""imageAltText"":[""cell phones &amp;amp; accessories, cell plans, cellphone service plans, esim card, emergency sim card, esim"",""to be filled""]},{""image"":[""https://m.media-amazon.com/images/S/aplus-media-library-service-media/daecb768-3d95-41aa-91c5-8350dd6cf8b9.jpg"",""https://m.media-amazon.com/images/S/aplus-media-library-service-media/b0f3cfc4-d3fd-4217-bcd8-816ff7dc7f95.jpg"",""https://m.media-amazon.com/images/S/aplus-media-library-service-media/5df9ed1b-72cc-482c-931b-92e21a182268.jpg"",""https://m.media-amazon.com/images/S/aplus-media-library-service-media/69cf9f38-50fa-41c9-8a0f-bd6161be161c.jpg"",""https://m.media-amazon.com/images/S/aplus-media-library-service-media/3aefa78e-d8b1-43f9-a5ce-f45fccd6cc17.jpg""],""imageAltText"":[""to be filled"",""To Be Filled"",""To Be Filled"",""To Be Filled"",""To Be Filled""],""text"":[""1"",""Activate"",""2"",""Choose Your Plan"",""3"",""Keep/Choose Number"",""4"",""Insert Sim"",""5"",""Create Account""]},{""image"":[""https://m.media-amazon.com/images/S/aplus-media-library-service-media/5d418616-4175-4c5a-bdde-567294edba81.jpg""],""imageAltText"":[""To Be Filled""]},{""image"":[""https://m.media-amazon.com/images/S/aplus-media-library-service-media/698783a6-0b95-436d-a3c8-25a5fb515947.jpg"",""https://m.media-amazon.com/images/S/aplus-media-library-service-media/a5ab266f-6920-4680-ab23-f939dcf78d51.jpg"",""https://m.media-amazon.com/images/S/aplus-media-library-service-media/382a29df-7bb2-4210-aaa1-dcc83e939f4b.png"",""https://m.media-amazon.com/images/S/aplus-media-library-service-media/d8c986a6-400b-4c53-a0da-a471d08f4f72.jpg"",""https://m.media-amazon.com/images/S/aplus-media-library-service-media/9a7d2bb7-54bf-48f2-a335-287eac84cab8.jpg""],""imageAltText"":[""sim card"",""sim card"",""sim card"",""sim card"",""sim card""],""text"":[""Sim Card Starter Kits"",""No Contract"",""Data Usage"",""2GB"",""Call and Text"",""30-Day Unlimited"",""5G 4G LTE"",""Learn More"",""No Contract"",""Data Usage"",""None"",""Call and Text"",""Unlimited"",""5G 4G LTE"",""Learn More"",""No Contract"",""Data Usage"",""1GB"",""Call and Text"",""500min Talk+500 Text""]},{""text"":[""The video showcases the product in use."",""The video guides you through product setup."",""The video compares multiple products."",""The video shows the product being unpacked."",""How to Activate Your Sim Card"",""Merchant Video""],""video"":[""https://m.media-amazon.com/images/S/vse-vms-transcoding-artifact-us-east-1-prod/a63d6fc3-aee2-47c3-b3a4-bf46d6bb3578/default.jobtemplate.hls.m3u8""]},{""text"":[""Do I need to sign a contract or commit to a long-term plan?"",""No Contracts required. Our plan is a subscription plan month-month, with no hidden fees. You can cancel anytime."",""Can I keep my current phone number?"",""Yes!""]}]}]","11","12.1","8.9","0.1","27","1","14","8.5","5.6","0.3","3","","","","","","no","no","","no","no","no","no","","","no","-","","","","","","","",""
"1","1","1","1","0 %","0 %","0 %","0 %","","","","","","","","","Speedtalk-Mobile-Data-SIM-Card","","B0CSH7VXK6","SpeedTalk Data Only SIM Card Prepaid USA Coverage","no","no","no","no","no","no","no","no","no","no","no","no","no","no","no","no","no","no","no","no","no","no","no","no","no","no","no","no","no","no","no","no","no","no","yes","yes","no","no","no","no","no","no","no","com","https://m.media-amazon.com/images/I/61erqAdxkIL.jpg;https://m.media-amazon.com/images/I/61ylPPj2MtL.jpg;https://m.media-amazon.com/images/I/71yE0rvtIzL.jpg;https://m.media-amazon.com/images/I/71f98w+szFL.jpg;https://m.media-amazon.com/images/I/71HPjurkTRL.jpg;https://m.media-amazon.com/images/I/61zQM9GtYOL.jpg","","6","SpeedTalk Mobile 6 GB High Speed Prepaid SIM Card for 90 Days | 5G 4G LTE Data for iOS Android Smart Phones | 3 in 1 Simcard | USA Nationwide Coverage | No Talk & Text","","","AFFORDABLE PHONE CARD: Get started with SpeedTalk Mobile’s prepaid data plan for only $20. Includes unlimited 5G/4G LTE data with 6GB at full speed, then unlimited data at 2G speed. Includes hotspot, tethering, and internet sharing for 90 days. No text or voice.","UNLIMITED DATA: This card provides unlimited data access. Once your high-speed data is exhausted, you can still use the card, but the speed will be reduced to 128kbps. If you need to restore your high-speed connectivity, you will need to select an additional data plan.","UNIVERSAL COMPATIBILITY: You can activate service on your own unlocked device with our Bring Your Own Phone program. Our SIM card works on all unlocked 5G/ 4G LTE compatible devices, including iPhones, Androids (Samsung Galaxy, Google Pixel), LG, Windows, or non-smartphones. Our Triple Cut SIM card comes in three sizes (Mini, Micro, Nano). Just punch out the size that fits your cellphone and insert it.","KEEP YOUR NUMBER: We offer the option to keep your existing cell phone number or get a new one at no extra charge during activation. A valid credit card is required to activate. No contracts, cancel anytime. Live customer support available 7 days a week.","NATIONWIDE COVERAGE: Enjoy reliable 5G/4G LTE service across the U.S., including Hawaii, Puerto Rico, and the U.S. Virgin Islands, on one of the largest and fastest networks. Check the SpeedTalk Mobile Coverage Map for details.","","","","","","11806","14109","15058","22908","41443","4 %","11 %","22 %","16 %","30,271","72 %","42077","10148","396348","14","41","3.3","221","82","153","Cell Phones & Accessories","wireless_display_on_website","# 24 | Top 0.3% | SIM Cards","","","","214","205","166","96","","","","","11","2026/04/02 01:12","2026/05/24 12:16","2026/05/13 10:00","20.00","","20.00","19.67","19.84","19.05","0 %","0 %","0 %","-2 %","$ 0.00","0 %","20.00","15.00","49.00","","0 %","IN_STOCK","","-","","SpeedTalk Mobile (98%) / A13X3GVNM9G7YR","","0 %","0 %","0 %","0 %","100 %","100 %","99 %","99 %","1","1","1","1","-","1.24","1.72","8","61","60","yes","no","-","","no","no","no","yes","1","0","0","0","0","0","0","0","","","","","","","","","","","","","","","","100 %","1","1","no Amazon offer exists","","20.00","20.00","19.67","19.84","19.15","0 %","0 %","0 %","-2 %","$ 0.00","0 %","20.00","15.00","49.00","0 %","","20.00","19.67","19.83","19.42","","","","","","","","15.00","49.00","","-","4.09","15 %","3.00","","","","","","","","","","","","","","","","-","","","","","","","","","","","","","","","","","","","","","","","","","","","","","","","no","","","","","","","","","","","","","","","","100 %","","","","","","","","","","","","","","","","","","","","","","","","","","","","","","","","","","","","","","","","","","","","","","","","","","","","","","","","","","","","","","","","","","","","","","","","","","","","","","","","","","","","","","","","","","","","","","","","","","","20.00","20.00","20.00","20.00","26.34","0 %","0 %","0 %","0 %","$ 0.00","0 %","20.00","20.00","49.00","","","","","","","","","","","","","","","","","","","","","","","","","","","","","","","","","","","","","","","","","","","1","1","1","1","1","1","0 %","0 %","0 %","0 %","1","","","","","","","","","","","","","","","","","","","","","","","","","","","","2024/01/19","2024/01/17","https://www.amazon.com/dp/B0CSH7VXK6?psc=1","https://keepa.com/#!product/1-B0CSH7VXK6","Cell Phones & Accessories","SIM Cards","Cell Phones & Accessories › SIM Cards & Prepaid Minutes › SIM Cards","Wireless","wireless_display_on_website","","0850043471707","","850043471707","","B0FMRLGP8C","B084DD3HB3,B0CSHRP6SX,B0CSVBRFCH,B0CSH7VXK6,B0CSH284FY","5","","B08H5SM9M9","SIM_CARD","Speedtalk Mobile","SpeedTalk Mobile","SpeedTalk Mobile","SpeedTalkMobile","https://www.amazon.com/stores/SpeedTalkMobile/page/F3D278F0-9F00-49C0-9A70-02C3A04B24F3","6 GB Data | 90 Days","Model: 6 GB Data | 90 Days;","","","1","Count","","","","","","cell-phone-sim-cards","","","","","","","","","","1","","","","","3","yes","[{""creator"":""Creator: Main"",""duration"":""32s"",""image"":""https://m.media-amazon.com/images/I/815KGYcYwML.png"",""name"":""SpeedTalk Mobile"",""title"":""SpeedTalk Mobile | Data Pland"",""url"":""https://m.media-amazon.com/images/S/vse-vms-transcoding-artifact-us-east-1-prod/a9eb1f02-fbc2-494f-9232-f27f438d99b9/default.jobtemplate.hls.m3u8""}]","[{""creator"":""Creator: Seller"",""duration"":""25s"",""image"":""https://m.media-amazon.com/images/I/91MwdmLDiPL.png"",""name"":""SpeedTalk Mobile"",""title"":""Introducing the triple-cut SIM card"",""url"":""https://m.media-amazon.com/images/S/vse-vms-transcoding-artifact-us-east-1-prod/d1e2733c-3c87-40ed-87d6-0c40f7b433d4/default.jobtemplate.hls.m3u8""},{""creator"":""Creator: Seller"",""duration"":""51s"",""image"":""https://m.media-amazon.com/images/I/419coq6GzML.jpg"",""name"":""SpeedTalk Mobile"",""title"":""SpeedTalk Mobile 5G 4G LTE"",""url"":""https://m.media-amazon.com/images/S/vse-vms-transcoding-artifact-us-east-1-prod/6e998fd1-c990-44a9-9413-cbba65e243ec/default.jobtemplate.hls.m3u8""}]","yes","no","[{""fromManufacturer"":false,""module"":[{""image"":[""https://m.media-amazon.com/images/S/aplus-media-library-service-media/5dd670f2-9666-4438-b988-b5c820714a9d.png""],""imageAltText"":[""IoT M2M Data SIM Card Kit Internet Wifi gps tracker smartwatch alarm router modem wifi hotspot""],""text"":[""This Data plan is great choice when you need internet service on your device. With our 3 in 1 Triple Cut SIM Card, stay online and connected. IoT & M2M Devices like Trackers, Asset Trackers, Alarm Systems, Mobile Hot Spots, IOT Cameras, Smartwatches, Car Trackers, GPS Devices and more are compatible with our SIM Cards."",""Running out of Data? You can add more balance through your account. Enjoy using our 5G / 4G LTE service across the US. Check Coverage at STKMap."",""Cancellations can be made any time by contacting technical support team.""]},{""image"":[""https://m.media-amazon.com/images/S/aplus-media-library-service-media/2c61f79a-4d20-4889-942c-d6adb25e6d80.png""],""imageAltText"":[""6GB Data Sim Kit""]},{""image"":[""https://m.media-amazon.com/images/S/aplus-media-library-service-media/d1e0ab17-bc89-4d61-9ec1-efd13f4c282d.png""],""imageAltText"":[""prepaid iot data sim card gps tracker smartwatch alarm camera cctv obd tablet laptop router hotspot""],""text"":[""Compatible With Many IoT & M2M Devices"",""With the multiple data consuming products in the market, we have done our best to make our SIM Cards compatible with a majority of those devices. Bring your own device (BYOD) and choose the SIM Size that fits it best with our Three in One Triple Cut SIM."",""Nationwide Coverage"",""Coast-to-coast wireless coverage. Forget about loading issues or slow data speeds. We use a nationwide 5G / 4G LTE Network to ensure you stay connected."",""EASY ACTIVATION: Valid credit card is needed at activation, No contracts, Cancel anytime. SpeedTalk Mobile offers its services through subscription plans which auto-renew every service plan cycle. Plan begins as soon as you activate your service. You’ll be charged the rate stated at the time of purchase, every plan period, until you cancel. Cancellations can be made any time by contacting technical support team. A valid credit card is required to cover overages in case you exceed the applicable data limit."",""Live support is ready to help you. Our team is available to help you with activation, set up, APN settings, and more. Contact them via Call, Chat, or email."",""Our representatives are available 7 days a week, 365 days a year. 4:30 AM - 8:30 PM (PDT)""]},{""image"":[""https://m.media-amazon.com/images/S/aplus-media-library-service-media/fb20ad9a-192c-424f-b82d-10867813ba15.png"",""https://m.media-amazon.com/images/S/aplus-media-library-service-media/c1545feb-a21f-4a69-ae1d-af35113012fd.png"",""https://m.media-amazon.com/images/S/aplus-media-library-service-media/98b4bed0-d934-4fdc-b320-d90ec9904bfb.png""],""imageAltText"":[""Purchase Speedtalk"",""Ship"",""Activate""],""text"":[""PURCHASE"",""Obtain our versatile 3-in-1 SIM card, featuring standard, micro, and nano sizes for seamless compatibility."",""This SIM card is suitable for use in any unlocked device"",""SHIP"",""Anticipate the arrival of your express shipment from Amazon."",""Delivery time ranges from 2 to 4 days based on the details in your Amazon account."",""PUNCH & ACTIVATE"",""Please visit ACTIVATESPEEDTALK to proceed."",""Activate your SIM card by following the provided instructions."",""Insert the activated SIM card into your device."",""Configure the Access Point Name (APN) settings (refer to your device manual for guidelines)."",""Select a data plan that best suits your needs.""]},{""image"":[""https://m.media-amazon.com/images/S/aplus-media-library-service-media/5c100757-32bf-4e88-9701-2b20d8d9e499.png""],""imageAltText"":[""ioT M2M unlimited prepaid data sim card internet wifi hot spot mifi tablet ipad tracker smartwatch""],""text"":[""Set Up APN on your IoT & M2M Device""]},{""asin"":[""B0CSHRP6SX"",""B0CSVBRFCH"",""B0CSH7VXK6"",""B0CSH284FY""]}]}]","853","18.4","12.2","3.8","65","","14","8.5","5.6","0.3","3","","","","","","no","no","","no","no","no","no","","","no","-","","","","","","","",""
"1","1","1","1","0 %","0 %","0 %","0 %","","","","","","","","","1GB-Data-Only-Card-International","","B084DD3HB3","SpeedTalk Data Only SIM Card Prepaid USA Coverage","no","no","no","yes","no","no","yes","yes","no","yes","no","no","no","no","no","no","no","no","no","no","no","no","no","no","no","no","no","no","no","no","no","no","no","no","no","yes","no","no","no","no","no","no","no","com","https://m.media-amazon.com/images/I/61HWA7Z5SPL.jpg;https://m.media-amazon.com/images/I/61QpiYvVXCL.jpg;https://m.media-amazon.com/images/I/71SM33gdmeL.jpg;https://m.media-amazon.com/images/I/71aFLnxg1PL.jpg;https://m.media-amazon.com/images/I/71SlFOwgHhL.jpg;https://m.media-amazon.com/images/I/61RuvwFriwL.jpg","","6","SpeedTalk Mobile Data Only SIM Card Kit - 1GB 4G LTE WiFi Hotspot MiFi Modem Internet Router | Pay As You Go No Contract | 3 in 1 Simcard - Standard Micro Nano | USA Domestic & International Roaming","","","Includes 1GB of 5G 4G LTE Data. $8 Monthly","Compatible with any 5G 4G GSM devices such as but not limited to T-Mobile or unlocked AT&T device, MiFi, LTE Router or Hotspot.","Triple Cut SIM card (fits any device – Standard SIM, Micro SIM and Nano SIM)","EASY ACTIVATION: Valid credit card is needed at activation, No contracts, Cancel anytime. Speedtalk Mobile offers its services through subscription plans. You can also call us for assistance 7 days a week LIVE CUSTOMER SUPPORT when you call our toll-free number.","International roaming charges will be deducted based on the data used. Please see product details below for more information.","","","","","","16743","13643","12131","14613","18920","-42 %","-63 %","-38 %","-23 %","19,129","53 %","35872","2495","54000","12","42","3.3","224","86","166","Computers & Accessories","pc_display_on_website","# 16,743 | Top 0.11% | Computers & Accessories; # 519 | Top 1.51% | Routers","","","","215","206","185","155","","","","","27","2026/03/06 13:32","2026/05/27 01:50","2026/05/20 18:56","5.00","","5.00","5.00","5.90","6.97","0 %","0 %","0 %","0 %","$ 3.00","38 %","8.00","5.00","11.99","3","1 %","IN_STOCK","","-","","SpeedTalk Mobile (98%) / A13X3GVNM9G7YR","","0 %","0 %","0 %","0 %","100 %","100 %","99 %","99 %","1","1","1","1","-","-","1.43","8","8","8","yes","no","-","","no","no","no","yes","1","0","0","0","0","0","0","0","","","","","","","","","","","","","","","","100 %","1","1","no Amazon offer exists","","5.00","5.00","5.00","5.85","6.94","0 %","0 %","0 %","0 %","$ 3.00","38 %","8.00","5.00","11.99","0 %","","5.00","5.00","6.08","7.07","","","","","","","","5.00","11.99","3","-","2.52","15 %","0.75","","","","","","","","","","","","","","","","-","","","","","","","","","","","","","","","","","","","","","","","","","","","","","","","no","","","","","","","","","","","","","","6.97","7.00","100 %","","","","","","","","","","","","","6.97","7.00","","","","","","","","","","","","","","","","","","","","","","","","","","","","","","","","","","","","","","","","","","","","","","","","","","","","","","","6.97","7.00","","","","","","","","","","","","","","","","","","","","","","","","","","","","","8.00","8.00","8.00","8.00","8.00","0 %","0 %","0 %","0 %","$ 0.00","0 %","8.00","8.00","11.99","","","","","","","","","","","","","","","","","","","","","","","","","","","","","","","","","","","","","","","","","","","1","1","1","1","1","1","0 %","0 %","0 %","0 %","1","","","","","","","","","","","","","","","","","","","","","","","","","","","","2020/02/11","2020/01/31","https://www.amazon.com/dp/B084DD3HB3?psc=1","https://keepa.com/#!product/1-B084DD3HB3","Electronics","Routers","Electronics › Computers & Accessories › Networking Products › Routers","Wireless","wireless_display_on_website","","0850016079718","","850016079718","","B0FMRLGP8C","B084DD3HB3,B0CSHRP6SX,B0CSVBRFCH,B0CSH7VXK6,B0CSH284FY","5","","","SIM_CARD","Speedtalk Mobile","SpeedTalk Mobile","SpeedTalk Mobile","SpeedTalkMobile","https://www.amazon.com/stores/SpeedTalkMobile/page/F3D278F0-9F00-49C0-9A70-02C3A04B24F3","1 GB Data | 30 Days","Model: 1 GB Data | 30 Days;","","","3","Count (SIM Cards)","","","","","","network-routers","","","","","","","","","","3","","","","","3","yes","[{""creator"":""Creator: Main"",""duration"":""32s"",""image"":""https://m.media-amazon.com/images/I/815KGYcYwML.png"",""name"":""SpeedTalk Mobile"",""title"":""SpeedTalk Mobile | Data Pland"",""url"":""https://m.media-amazon.com/images/S/vse-vms-transcoding-artifact-us-east-1-prod/a9eb1f02-fbc2-494f-9232-f27f438d99b9/default.jobtemplate.hls.m3u8""}]","[{""creator"":""Creator: Seller"",""duration"":""41s"",""image"":""https://m.media-amazon.com/images/I/41NFdbC+dZL.jpg"",""name"":""SpeedTalk Mobile"",""title"":""SpeedTalk Mobile Data Plans WiFi Hotspot MiFi Modem Internet"",""url"":""https://m.media-amazon.com/images/S/vse-vms-transcoding-artifact-us-east-1-prod/809376fd-0043-4b8f-a51f-6308e3d1fdee/default.jobtemplate.hls.m3u8""},{""creator"":""Creator: Seller"",""duration"":""25s"",""image"":""https://m.media-amazon.com/images/I/91MwdmLDiPL.png"",""name"":""SpeedTalk Mobile"",""title"":""Introducing the triple-cut SIM card"",""url"":""https://m.media-amazon.com/images/S/vse-vms-transcoding-artifact-us-east-1-prod/d1e2733c-3c87-40ed-87d6-0c40f7b433d4/default.jobtemplate.hls.m3u8""}]","yes","no","[{""fromManufacturer"":false,""module"":[{""image"":[""https://m.media-amazon.com/images/S/aplus-media-library-service-media/7914cef9-ac8c-4acd-9b9b-cc4e54700ad2.png""],""imageAltText"":[""micro sim card 5g wifi hotspot sim card tablet data sim card car sim usa sim card us sim card""],""text"":[""This Data plan is great choice when you need data service on your device. With our Three in One Triple Cut SIM Card, stay online and connected. Devices from Trackers, Asset Trackers, Alarm Systems, Mobile Hot Spots, IOT Cameras, Smartwatches, Car Trackers, GPS Devices and more are compatible with our SIM Cards. Running out of Data? You can add more balance through your account. SpeedTalk offers its services through subscription plans which auto-renew every 30 days. Service begins as soon as you activate your service. You'll be charged the rate stated at the time of purchase, every month, until you cancel. No Contracts, No Credit Checks."",""To activate please visit us at ActivateSpeedTalk."",""Enjoy using our 5G / 4G LTE service across the US. Check Coverage at STKMap."",""Cancellations can be made any time by contacting technical support."",""SpeedTalk Mobile offers its services through subscription plans which auto-renew every 30 days. Plan begins as soon as you activate your service. You’ll be charged the rate stated at the time of purchase, every month, until you cancel. Cancellations can be made any time by contacting technical support. A valid credit card is required to cover overages in case you exceed the applicable data limit.""]},{""image"":[""https://m.media-amazon.com/images/S/aplus-media-library-service-media/8f06cad6-aecf-4075-860d-c6b50cb753ec.png"",""https://m.media-amazon.com/images/S/aplus-media-library-service-media/fd36b3f8-5f9a-47cb-a6da-d3867b9007da.png"",""https://m.media-amazon.com/images/S/aplus-media-library-service-media/4f2bdc74-f4f8-4b15-9307-99074f65b9d1.png"",""https://m.media-amazon.com/images/S/aplus-media-library-service-media/a28c3e1f-426e-43c4-991c-4ae934602b37.png""],""imageAltText"":[""sim card for gps tracker usmobile sim card prepaid data sim card wifi sim card 4g sim card"",""nano sim card for gps tracker visible sim card 5g sim card 4g lte data only sim card"",""4g lte sim card 4g sim card for security camera buy a sim card data only sim card 5g"",""data sim card for mobile wifi hotspot gps sim card h2o sim card iot data sim iot sim card""],""text"":[""All The Flexibility You Need"",""Choose the plan that fits your needs best."",""With Speedtalk Mobile, there are:"",""- No Contracts"",""- No Activation Fees"",""At the end of the month, you have the flexibility to choose a new plan to fit your Data needs."",""Compatible With Many Devices"",""With the multiple data consuming products in the market, we have done our best to make our SIM Cards compatible with a majority of those devices. Bring your own device (BYOD) and choose the SIM Size that fits it best with our Three in One Triple Cut SIM."",""Nationwide Coverage"",""Coast-to-coast wireless coverage. Forget about loading issues or slow data speeds. We use a nationwide 5G / 4G LTE Network to ensure you stay connected."",""Live Technical Support"",""Live support is ready to help you. Our team is available to help you with activation, set up, APN settings, and more. Contact them via Live Call, Chat, or email."",""Our representatives are available 7 days a week, 365 days a year. 4:30 AM - 8:30 PM (PDT)""]},{""text"":[""FREQUENTLY ASKED QUESTIONS;"",""Question:"",""Will your service work with my Device?"",""Answer:"",""For our service to work with your device make sure your device is a 4G device and check our coverage map for coverage in your area. Our plans are compatible with all 4G LTE devices. Please Note: 2G & 3G services might not be available in all areas due to carrier Decommissioning/ shutdown of these frequencies, SpeedTalk Mobile recommends using 4G or newer devices for better service."",""Question:"",""Where do I get a SIM card?"",""Answer:"",""The only way you can get a SIM card from Speedtalk is by purchasing a plan from us."",""Question:"",""What happens after I purchased a plan from Speedtalk?"",""Answer:"",""We will ship you a SIM card with activation instructions. Once you receive our SpeedTalk SIM card you can activate it with a new number (activation instructions provided on the SIM card kit) the new number will be assigned to that SIM card (the plan cycle will start from the time you first activate it) and you can start using it on your device."",""Question:"",""Can I cancel at any time?"",""Answer:"",""Yes. SpeedTalk Mobile is a subscription-based service that puts your plan's control in your hands. In addition to giving you the flexibility you need, we stand by our No Credit Check /No Contract wireless service policy. You will be able to cancel at any time by submitting a disconnect request to our support team online."",""Question:"",""What happens if I go over my data?"",""Answer:""]}]}]","23","10.2","7.6","0.3","14","1","14","8.5","5.6","0.3","","","","","","","no","no","","no","no","no","no","","","no","-","","","","","","","",""
"1","1","1","1","0 %","0 %","0 %","0 %","","","","","","","","","SpeedTalk-Mobile-SIM-SmartWatch-Kit","","B09VNWPFJC","","no","no","no","yes","no","no","no","yes","no","yes","no","no","no","no","no","no","no","no","no","no","no","no","no","no","no","no","no","no","no","no","no","no","no","no","no","yes","no","no","no","no","no","no","no","com","https://m.media-amazon.com/images/I/711mrZ4OTNL.jpg;https://m.media-amazon.com/images/I/71f0KBzoWnL.jpg;https://m.media-amazon.com/images/I/71RtRr-292S.jpg;https://m.media-amazon.com/images/I/71ogKT6wSaL.jpg;https://m.media-amazon.com/images/I/71J6BBNax8L.jpg;https://m.media-amazon.com/images/I/81bYE7NWCtL.jpg;https://m.media-amazon.com/images/I/81cNX3ZS30L.jpg;https://m.media-amazon.com/images/I/71Lf1bNfH3L.jpg","","8","SpeedTalk Mobile Smart Watch SIM Card for 5G 4G LTE GSM Smartwatches and Wearables | Talk Text Data | 3 in 1 Simcard Standard Micro Nano | 30 Days Wireless Service ($5 SmartWatch SIM Kit)","","","Plan includes 50 Minutes & 100 SMS & 100MB for 30 days; SIM & Plan is compatible with majority of 4G 5G LTE GSM Smartwatches and Wearables.","U.S.A. Phone Number Included: Get your own U.S. number at activation. Choose a number from your ZIP code, or get one auto assigned to you. Powered by secure U.S.-based company and servers to keep your data protected.","EASY ACTIVATION: Valid credit card is needed at activation, No contracts, Cancel anytime. Speedtalk Mobile offers its services through prepaid subscription plans. You can also call us for assistance 7 days a week LIVE CUSTOMER SUPPORT when you call our toll-free number.","Punch out the 3-in-1 ready to use SIM card. Standard SIM, Micro SIM and Nano SIM.","Our Service will work within the United States. Please check STKMap to view your network coverage.","","","","","","174999","237366","268789","194660","181984","-26 %","12 %","35 %","26 %","-96,701","-99 %","78298","27045","1369289","1","5","3.2","5","17","42","Cell Phones & Accessories","wireless_display_on_website","# 394 | Top 7% | SIM Cards","","","","5","5","5","4","","","","","-","2026/02/18 16:28","2026/05/24 06:14","2026/04/11 16:24","5.00","","5.00","5.00","5.00","4.91","0 %","0 %","0 %","0 %","$ 0.00","0 %","5.00","4.00","5.00","","0 %","IN_STOCK","","-","","SpeedTalk Mobile (98%) / A13X3GVNM9G7YR","","0 %","0 %","0 %","0 %","100 %","100 %","100 %","93 %","1","1","1","1","-","-","0.28","8","8","8","yes","no","-","","no","no","no","yes","1","0","0","0","0","0","0","0","","","","","","","","","","","","","","","","100 %","1","1","no Amazon offer exists","","5.00","5.00","5.00","5.00","4.92","0 %","0 %","0 %","0 %","$ 0.00","0 %","5.00","4.00","5.00","0 %","","5.00","5.00","5.00","4.92","","","","","","","","4.00","5.00","","-","2.52","15 %","0.75","","","","","","","","","","","","","5.00","5.00","","-","","","","","","","","","","","","","","","","","","","","","","","","","","","","","","","no","","","","","","","","","","","","","","","","100 %","","","","","","","","","","","","","","","","","","","","","","","","","","","","","","","","","","","","","","","","","","","","","","","","","","","","","","","","","","","","","","","","","","","","","","","","","","","","","","","","","","","","","","","","","","","","","","","","","","","5.00","5.00","5.00","5.00","5.00","0 %","0 %","0 %","0 %","$ 0.00","0 %","5.00","5.00","5.00","","","","","","","","","","","","","","","","","","","","","","","","","","","","","","","","","","","","","","","","","","","1","1","1","1","1","1","0 %","0 %","0 %","0 %","1","","","","","","","","","","","","","","","","","","","","","","","","","","","","2022/03/20","2018/05/10","https://www.amazon.com/dp/B09VNWPFJC","https://keepa.com/#!product/1-B09VNWPFJC","Cell Phones & Accessories","SIM Cards","Cell Phones & Accessories › SIM Cards & Prepaid Minutes › SIM Cards","Wireless","wireless_display_on_website","","0850028221570","","850028221570","","","","0","","","SIM_CARD","SpeedTalk Mobile","SpeedTalk Mobile","SpeedTalk Mobile","SpeedTalkMobile","https://www.amazon.com/stores/SpeedTalkMobile/page/F3D278F0-9F00-49C0-9A70-02C3A04B24F3","$5 SmartWatch SIM Kit","","","","","","","","","","","cell-phone-sim-cards","","","","","","","","","","1","","","","","4","yes","[{""creator"":""Creator: Main"",""duration"":""35s"",""image"":""https://m.media-amazon.com/images/I/B1dDkjshcjL.png"",""name"":""SpeedTalk Mobile"",""title"":""SpeedTalk Mobile | Smart Watch"",""url"":""https://m.media-amazon.com/images/S/vse-vms-transcoding-artifact-us-east-1-prod/4d551d9f-2934-4f2a-8ef0-434276bc28e3/default.jobtemplate.hls.m3u8""}]","[{""creator"":""Creator: Seller"",""duration"":""51s"",""image"":""https://m.media-amazon.com/images/I/51IrTXbLVZL.jpg"",""name"":""SpeedTalk Mobile"",""title"":""SpeedTalk Mobile Smart Watch Sim Cards"",""url"":""https://m.media-amazon.com/images/S/vse-vms-transcoding-artifact-us-east-1-prod/02fb0e7a-5bee-4899-a3f0-48a7804d32d6/default.jobtemplate.hls.m3u8""},{""creator"":""Creator: Seller"",""duration"":""40s"",""image"":""https://m.media-amazon.com/images/I/B1IbJVNwC7L.png"",""name"":""SpeedTalk Mobile"",""title"":""Starter kit SIM card Smartwatch"",""url"":""https://m.media-amazon.com/images/S/vse-vms-transcoding-artifact-us-east-1-prod/378e1e8a-a5a3-433e-abeb-ed90447a3fbb/default.jobtemplate.hls.m3u8""},{""creator"":""Creator: Seller"",""duration"":""25s"",""image"":""https://m.media-amazon.com/images/I/91MwdmLDiPL.png"",""name"":""SpeedTalk Mobile"",""title"":""Introducing the triple-cut SIM card"",""url"":""https://m.media-amazon.com/images/S/vse-vms-transcoding-artifact-us-east-1-prod/d1e2733c-3c87-40ed-87d6-0c40f7b433d4/default.jobtemplate.hls.m3u8""}]","yes","no","[{""fromManufacturer"":false,""module"":[{""asin"":[""B07HZYDVSX"",""B0FCHPQSWB"",""B07GL7CCLG"",""B0F2JKL14S""]},{""image"":[""https://m.media-amazon.com/images/S/aplus-media-library-service-media/995eb7ea-4e5e-42f8-b501-104a64f134cf.png""],""imageAltText"":[""sim card""]},{""image"":[""https://m.media-amazon.com/images/S/aplus-media-library-service-media/2f56f7c2-bc64-4733-8c66-297810fc85f7.png""],""imageAltText"":[""cover map""],""text"":[""Coast-to-Coast 4G LTE Connection."",""4G LTE Nationwide Coverage Across the United States."",""Stay connected across the USA with SpeedTalk’s 4G LTE SIM card. Designed for smartwatches, our service ensures a strong, consistent signal coast to coast. Enjoy voice, text, and data coverage for your device.""]},{""image"":[""https://m.media-amazon.com/images/S/aplus-media-library-service-media/503bcbff-9b48-4111-b54f-983496eb927b.png"",""https://m.media-amazon.com/images/S/aplus-media-library-service-media/4f0c1563-8bc2-4e33-9106-2e99f8084f17.png"",""https://m.media-amazon.com/images/S/aplus-media-library-service-media/e4f17386-fc02-4ee4-8988-44310bd84a55.png""],""imageAltText"":[""sim card, phone plan, prepaid phone plan"",""desk"",""costumer service""],""text"":[""2"",""Overview"",""3"",""3 in 1 SIM Card"",""4"",""Costumer Service"",""SpeedTalk’s SIM card."",""Perfect SIM Solution for Smartwatch Connectivity."",""Designed for smartwatches."",""Supports voice calls, text messaging. Easy activation, no contracts."",""Nano, Micro, and Standard"",""Universal 3-in-1 SIM Card – Fits All Watch Sizes."",""our 3 in 1 SIM that fits most of the smartwatches."",""Easily pop out the size you need."",""By chat, email and phone."",""We’re Here to Help 7 Days a Week."",""Our dedicated team is available to guide you through activation, troubleshooting, and more.""]},{""image"":[""https://m.media-amazon.com/images/S/aplus-media-library-service-media/bab4a325-eac5-451e-bb37-d0bcea0dc8e9.png""],""imageAltText"":[""activation process""],""text"":[""Simple Activation in Just a Few Easy Steps""]},{""text"":[""How do I activate my SpeedTalk SIM card?"",""Activation is simple! Visit our website and follow the instructions. You’ll need the SIM card number to complete the process."",""Is the SIM card compatible with any smartwatch?"",""The SIM card works with most unlocked 4G LTE smartwatches. Make sure your device supports GSM networks for full compatibility with SpeedTalk Mobile."",""What coverage does SpeedTalk Mobile offer?"",""SpeedTalk uses a nationwide 4G LTE network, providing reliable coverage across the U.S. for voice, text, and data services on your smartwatch."",""Can I keep my current phone number?"",""Yes, you can keep your phone number or get a new one. Porting is available during activation. Just follow the instructions and have your current account info ready for a smooth transfer."",""What is the refund policy for the SIM card?"",""Refunds are available within 14 days of activation. No refunds if you use over 30 mins, 15 texts, or 30MB. SIMs bought via SpeedTalk’s Amazon store follow their terms & conditions.""]},{""text"":[""The video showcases the product in use."",""The video guides you through product setup."",""The video compares multiple products."",""The video shows the product being unpacked."",""Speedtalk Smartwatch sim card"",""Merchant Video""],""video"":[""https://m.media-amazon.com/images/S/vse-vms-transcoding-artifact-us-east-1-prod/9fbf305a-45a2-4470-8658-22b8aa39f8b8/default.jobtemplate.hls.m3u8""]}]}]","33","12.2","8.9","0.3","18","0","14","8.5","5.6","0.3","","","","","","","no","no","","no","no","no","no","","","no","-","","","","","","","",""
"1","1","1","1","0 %","0 %","0 %","0 %","","","","","","","","","3GB-Data-Only-Card-International","","B084GD5YCW","","no","no","no","yes","no","no","no","yes","no","yes","no","no","no","no","no","no","no","no","no","no","no","no","no","no","no","no","no","no","no","no","no","no","no","no","no","yes","no","no","no","no","no","no","no","com","https://m.media-amazon.com/images/I/71nVa742nOL.jpg;https://m.media-amazon.com/images/I/61xEUcrajKL.jpg;https://m.media-amazon.com/images/I/71D3BJZPKtL.jpg;https://m.media-amazon.com/images/I/71f98w+szFL.jpg;https://m.media-amazon.com/images/I/71LnFdaMVHL.jpg;https://m.media-amazon.com/images/I/61OVVtmMI5L.jpg;https://m.media-amazon.com/images/I/61d+6DxJ61L.jpg;https://m.media-amazon.com/images/I/71d+JPWbraL.jpg;https://m.media-amazon.com/images/I/71uGyr+MhZL.jpg","","9","SpeedTalk Mobile Data Only SIM Card Kit - 400MB 4G LTE WiFi Hotspot MiFi Modem Internet Router | Pay As You Go No Contract | 3 in 1 Simcard - Standard Micro Nano | USA Domestic & International Roaming","","","Includes 400MB of 4G LTE Data. $5 Monthly","Compatible with any 2G, 3G, 4G, 5G, LTE, CAT-M, NB-IOT GSM devices such as but not limited to T-Mobile or unlocked AT&T device, MiFi, LTE Router or Hotspot.","Triple cut SIM card to fit any device. Can be used as a standard-sized SIM, a Micro-sized SIM or a Nano-sized SIM card.","EASY ACTIVATION: Valid credit card is needed at activation, No contracts, Cancel anytime. Speedtalk Mobile offers its services through subscription plans. You can also call us for assistance 7 days a week LIVE CUSTOMER SUPPORT when you call our toll-free number.","International roaming charges will be deducted based on the data used. Please see product details below for more information.","","","","","","166502","135936","131094","130528","136755","-14 %","-42 %","-27 %","-22 %","-96,946","-99 %","69556","31086","221960","6","16","3.4","80","38","69","Cell Phones & Accessories","wireless_display_on_website","# 374 | Top 4% | SIM Cards","","","","79","79","78","75","","","","","-","2026/02/15 16:20","2026/05/21 08:08","2026/05/10 12:40","5.00","","5.00","5.00","5.00","5.00","0 %","0 %","0 %","0 %","$ 0.00","0 %","5.00","2.49","27.99","","0 %","IN_STOCK","","-","","SpeedTalk Mobile (98%) / A13X3GVNM9G7YR","","0 %","0 %","0 %","0 %","100 %","100 %","99 %","99 %","1","1","1","1","-","-","-","8","8","8","yes","no","-","","no","no","no","yes","1","0","0","0","0","0","0","0","","","","","","","","","","","","","","","","100 %","1","1","no Amazon offer exists","","5.00","5.00","5.00","5.00","5.00","0 %","0 %","0 %","0 %","$ 0.00","0 %","5.00","2.49","27.99","0 %","","5.00","5.00","5.00","5.00","","","","","","","","2.49","20.00","","-","2.52","15 %","0.75","","","","","","","","","","","","","","","","-","","","","","","","","","","","","","","","","","","","","","","","","","","","","","","","no","","","","","","","","","","","","","","","","100 %","","","","","","","","","","","","","","","","","","","","","","","","","","","","","","","","","","","","","","","","","","","","","","","","","","","","","","","","","","","","","","","","","","","","","","","","","","","","","","","","","","","","","","","","","","","","","","","","","","","5.00","5.00","5.00","5.00","5.00","0 %","0 %","0 %","0 %","$ 0.00","0 %","5.00","5.00","20.00","","","","","","","","","","","","","","","","","","","","","","","","","","","","","","","","","","","","","","","","","","","1","1","1","1","1","1","0 %","0 %","0 %","0 %","1","","","","","","","","","","","","","","","","","","","","","","","","","","","","2020/04/18","2020/02/03","https://www.amazon.com/dp/B084GD5YCW","https://keepa.com/#!product/1-B084GD5YCW","Cell Phones & Accessories","SIM Cards","Cell Phones & Accessories › SIM Cards & Prepaid Minutes › SIM Cards","Wireless","wireless_display_on_website","","0850016079732","","850016079732","","","","0","","B084DD3HB3","SIM_CARD","SpeedTalk Mobile","SpeedTalk Mobile","SpeedTalk Mobile","SpeedTalkMobile","https://www.amazon.com/stores/SpeedTalkMobile/page/F3D278F0-9F00-49C0-9A70-02C3A04B24F3","","","","","","","","","","","","cell-phone-sim-cards","","","","","","","","","","1","","","","","3","yes","[{""creator"":""Creator: Main"",""duration"":""32s"",""image"":""https://m.media-amazon.com/images/I/815KGYcYwML.png"",""name"":""SpeedTalk Mobile"",""title"":""SpeedTalk Mobile | Data Pland"",""url"":""https://m.media-amazon.com/images/S/vse-vms-transcoding-artifact-us-east-1-prod/a9eb1f02-fbc2-494f-9232-f27f438d99b9/default.jobtemplate.hls.m3u8""}]","[{""creator"":""Creator: Seller"",""duration"":""25s"",""image"":""https://m.media-amazon.com/images/I/91MwdmLDiPL.png"",""name"":""SpeedTalk Mobile"",""title"":""Introducing the triple-cut SIM card"",""url"":""https://m.media-amazon.com/images/S/vse-vms-transcoding-artifact-us-east-1-prod/d1e2733c-3c87-40ed-87d6-0c40f7b433d4/default.jobtemplate.hls.m3u8""},{""creator"":""Creator: Seller"",""duration"":""41s"",""image"":""https://m.media-amazon.com/images/I/41NFdbC+dZL.jpg"",""name"":""SpeedTalk Mobile"",""title"":""SpeedTalk Mobile Data Plans WiFi Hotspot MiFi Modem Internet"",""url"":""https://m.media-amazon.com/images/S/vse-vms-transcoding-artifact-us-east-1-prod/809376fd-0043-4b8f-a51f-6308e3d1fdee/default.jobtemplate.hls.m3u8""}]","yes","no","[{""fromManufacturer"":false,""module"":[{""image"":[""https://m.media-amazon.com/images/S/aplus-media-library-service-media/7914cef9-ac8c-4acd-9b9b-cc4e54700ad2.png""],""imageAltText"":[""micro sim card 5g wifi hotspot sim card tablet data sim card car sim usa sim card us sim card""],""text"":[""This Data plan is great choice when you need data service on your device. With our Three in One Triple Cut SIM Card, stay online and connected. Devices from Trackers, Asset Trackers, Alarm Systems, Mobile Hot Spots, IOT Cameras, Smartwatches, Car Trackers, GPS Devices and more are compatible with our SIM Cards. Running out of Data? You can add more balance through your account. SpeedTalk offers its services through subscription plans which auto-renew every 30 days. Service begins as soon as you activate your service. You'll be charged the rate stated at the time of purchase, every month, until you cancel. No Contracts, No Credit Checks."",""To activate please visit us at ActivateSpeedTalk."",""Enjoy using our 5G / 4G LTE service across the US. Check Coverage at STKMap."",""Cancellations can be made any time by contacting technical support."",""SpeedTalk Mobile offers its services through subscription plans which auto-renew every 30 days. Plan begins as soon as you activate your service. You’ll be charged the rate stated at the time of purchase, every month, until you cancel. Cancellations can be made any time by contacting technical support. A valid credit card is required to cover overages in case you exceed the applicable data limit.""]},{""image"":[""https://m.media-amazon.com/images/S/aplus-media-library-service-media/8f06cad6-aecf-4075-860d-c6b50cb753ec.png"",""https://m.media-amazon.com/images/S/aplus-media-library-service-media/fd36b3f8-5f9a-47cb-a6da-d3867b9007da.png"",""https://m.media-amazon.com/images/S/aplus-media-library-service-media/4f2bdc74-f4f8-4b15-9307-99074f65b9d1.png"",""https://m.media-amazon.com/images/S/aplus-media-library-service-media/a28c3e1f-426e-43c4-991c-4ae934602b37.png""],""imageAltText"":[""sim card for gps tracker usmobile sim card prepaid data sim card wifi sim card 4g sim card"",""nano sim card for gps tracker visible sim card 5g sim card 4g lte data only sim card"",""4g lte sim card 4g sim card for security camera buy a sim card data only sim card 5g"",""data sim card for mobile wifi hotspot gps sim card h2o sim card iot data sim iot sim card""],""text"":[""All The Flexibility You Need"",""Choose the plan that fits your needs best."",""With Speedtalk Mobile, there are:"",""- No Contracts"",""- No Activation Fees"",""At the end of the month, you have the flexibility to choose a new plan to fit your Data needs."",""Compatible With Many Devices"",""With the multiple data consuming products in the market, we have done our best to make our SIM Cards compatible with a majority of those devices. Bring your own device (BYOD) and choose the SIM Size that fits it best with our Three in One Triple Cut SIM."",""Nationwide Coverage"",""Coast-to-coast wireless coverage. Forget about loading issues or slow data speeds. We use a nationwide 5G / 4G LTE Network to ensure you stay connected."",""Live Technical Support"",""Live support is ready to help you. Our team is available to help you with activation, set up, APN settings, and more. Contact them via Live Call, Chat, or email."",""Our representatives are available 7 days a week, 365 days a year. 4:30 AM - 8:30 PM (PDT)""]},{""text"":[""FREQUENTLY ASKED QUESTIONS;"",""Question:"",""Will your service work with my Device?"",""Answer:"",""For our service to work with your device make sure your device is a 4G device and check our coverage map for coverage in your area. Our plans are compatible with all 4G LTE devices. Please Note: 2G & 3G services might not be available in all areas due to carrier Decommissioning/ shutdown of these frequencies, SpeedTalk Mobile recommends using 4G or newer devices for better service."",""Question:"",""Where do I get a SIM card?"",""Answer:"",""The only way you can get a SIM card from Speedtalk is by purchasing a plan from us."",""Question:"",""What happens after I purchased a plan from Speedtalk?"",""Answer:"",""We will ship you a SIM card with activation instructions. Once you receive our SpeedTalk SIM card you can activate it with a new number (activation instructions provided on the SIM card kit) the new number will be assigned to that SIM card (the plan cycle will start from the time you first activate it) and you can start using it on your device."",""Question:"",""Can I cancel at any time?"",""Answer:"",""Yes. SpeedTalk Mobile is a subscription-based service that puts your plan's control in your hands. In addition to giving you the flexibility you need, we stand by our No Credit Check /No Contract wireless service policy. You will be able to cancel at any time by submitting a disconnect request to our support team online."",""Question:"",""What happens if I go over my data?"",""Answer:""]}]}]","61","11.4","8.9","0.6","9","1","14","8.5","5.6","0.3","","","","","","","no","no","","no","no","no","no","","","no","-","","","","","","","",""
"2","2","2","2","0 %","0 %","0 %","0 %","","","","","","","","","Smart-Watch-Card-Smartwatches-Wearables","","B07D8JJ4M8","","no","no","no","yes","no","no","no","yes","no","yes","no","no","no","no","no","no","no","no","no","no","no","no","no","no","no","no","no","no","no","no","no","no","no","no","no","yes","no","no","no","yes","no","no","no","com","https://m.media-amazon.com/images/I/71UrQFRx6wL.jpg;https://m.media-amazon.com/images/I/61xEUcrajKL.jpg;https://m.media-amazon.com/images/I/71D3BJZPKtL.jpg;https://m.media-amazon.com/images/I/71Q7BB-wKAL.jpg;https://m.media-amazon.com/images/I/71f98w+szFL.jpg;https://m.media-amazon.com/images/I/71LnFdaMVHL.jpg;https://m.media-amazon.com/images/I/61OVVtmMI5L.jpg;https://m.media-amazon.com/images/I/61O2IE+8eNL.jpg;https://m.media-amazon.com/images/I/61d+6DxJ61L.jpg","","9","SpeedTalk Mobile Smart Watch SIM Card, 1000 Minutes Talk & 500MB Data for 4G LTE GSM Smartwatches | 3 in 1 Simcard | 30 Days Service | USA Canada Mexico Roaming","","","Preloaded 30-Day wireless service at 2 Cents per Minute CALL, 2 Cents per TEXT & 2 Cents/MB nationwide/worldwide 4G 5G LTE Data.","U.S.A. Phone Number Included: Get your own U.S. number at activation. Choose a number from your ZIP code, or get one auto assigned to you. Powered by secure U.S.-based company and servers to keep your data protected.","EASY ACTIVATION: Valid credit card is needed at activation, No contracts, Cancel anytime. Speedtalk Mobile offers its services through subscription plans. You can also call us for assistance 7 days a week LIVE CUSTOMER SUPPORT when you call our toll-free number.","Our service will connect you to our SpeedTalk Network and will work within the United States Canada & Mexico. Works in over 200 Countries with International Roaming.","Our SIM cards are designed for use in All Trackers, IoT devices, tablets, PCs, watches, pet trackers, security cameras, trail and game cameras for hunting, 4G routers, GPS devices, car locators, M2M Devices and more. This SIM kit is pre-cut in 3 sizes to fit any device: Standard, Micro and Nano sizes.","No Activation Fee. No Credit Check. No Contract. You have the option to port-in (keep) your existing phone number or get a new number upon activation. Activate and manage your account with our Mobile App, available for iOS, Android and Desktop.","","","","","166412","154603","158489","145995","116011","-1 %","-8 %","-5 %","-8 %","-18,844","-13 %","147568","8060","180781","1","7","3.3","845","27","87","Cell Phones & Accessories","wireless_display_on_website","# 372 | Top 4% | SIM Cards","","","","844","842","840","838","0 %","0 %","0 %","0 %","-","2026/05/22 04:24","2026/05/27 05:24","2026/05/27 04:30","10.00","","10.00","10.00","10.00","10.00","0 %","0 %","0 %","0 %","$ 0.00","0 %","10.00","7.00","13.99","3","0 %","IN_STOCK","","-","","SpeedTalk Mobile (98%) / A13X3GVNM9G7YR","","0 %","0 %","0 %","0 %","100 %","100 %","100 %","100 %","1","1","1","1","-","-","-","8","8","8","yes","no","-","","no","no","no","yes","2","0","0","0","0","0","0","0","","","","","","","","","","","","","","","","100 %","1","1","no Amazon offer exists","","10.00","10.00","10.00","10.00","10.00","0 %","0 %","0 %","0 %","$ 0.00","0 %","10.00","7.00","14.08","0 %","10.00","10.00","10.00","10.00","10.00","0 %","0 %","0 %","0 %","$ 0.00","0 %","10.00","7.00","13.99","3","SpeedTalk Mobile (98%) / A13X3GVNM9G7YR","3.44","15 %","1.50","","","","","","","","","","","","","8.39","26.44","","-","","","","","","","","","","","","","","","","","6.36","6.36","6.36","6.36","","","","","","","","6.36","6.36","","no","","","5.81","6.05","6.05","6.05","","","","","","","","2.31","13.71","79 %","","","","","","","","","","","","","4.70","13.71","","6.36","6.36","6.36","6.36","","","","","","","","4.17","12.95","","","","","","","","","","","","","","","","","","","","","","","","","","","","","","6.36","6.35","6.36","6.36","","","","","","","","4.17","13.71","","","","","","","","","","","","","","","","","","","","","","","","","","","","","13.99","13.99","13.99","12.01","11.13","0 %","0 %","0 %","0 %","$ -3.99","-40 %","10.00","10.00","13.99","","","","","","","","","","","","","","","12.99","12.99","12.99","12.99","11.99","0 %","0 %","0 %","0 %","$ 0.00","0 %","12.99","6.63","14.00","","","","","","","","","","","","","","","2","2","2","2","2","2","0 %","0 %","0 %","0 %","2","","1","1","1","1","","","","","","","","","","","","","","","","","","","","","","","2018/05/27","2018/05/23","https://www.amazon.com/dp/B07D8JJ4M8","https://keepa.com/#!product/1-B07D8JJ4M8","Cell Phones & Accessories","SIM Cards","Cell Phones & Accessories › SIM Cards & Prepaid Minutes › SIM Cards","Wireless","wireless_display_on_website","","0793052171445","","793052171445","9216","","","0","","","SIM_CARD","SpeedTalk Mobile","SpeedTalk Mobile","SpeedTalk Mobile","SpeedTalkMobile","https://www.amazon.com/stores/SpeedTalkMobile/page/F3D278F0-9F00-49C0-9A70-02C3A04B24F3","$10 Smartwatch Sim Plan","","","","","","","","","","","cell-phone-sim-cards","","","","","","","","","","1","","","","","4","yes","[{""creator"":""Creator: Main"",""duration"":""35s"",""image"":""https://m.media-amazon.com/images/I/B1dDkjshcjL.png"",""name"":""SpeedTalk Mobile"",""title"":""SpeedTalk Mobile | Smart Watch"",""url"":""https://m.media-amazon.com/images/S/vse-vms-transcoding-artifact-us-east-1-prod/4d551d9f-2934-4f2a-8ef0-434276bc28e3/default.jobtemplate.hls.m3u8""}]","[{""creator"":""Creator: Seller"",""duration"":""40s"",""image"":""https://m.media-amazon.com/images/I/B1IbJVNwC7L.png"",""name"":""SpeedTalk Mobile"",""title"":""Starter kit SIM card Smartwatch"",""url"":""https://m.media-amazon.com/images/S/vse-vms-transcoding-artifact-us-east-1-prod/378e1e8a-a5a3-433e-abeb-ed90447a3fbb/default.jobtemplate.hls.m3u8""},{""creator"":""Creator: Seller"",""duration"":""51s"",""image"":""https://m.media-amazon.com/images/I/51IrTXbLVZL.jpg"",""name"":""SpeedTalk Mobile"",""title"":""SpeedTalk Mobile Smart Watch Sim Card"",""url"":""https://m.media-amazon.com/images/S/vse-vms-transcoding-artifact-us-east-1-prod/cc02cd9e-416c-4d34-9940-4dba26951b1c/default.jobtemplate.hls.m3u8""},{""creator"":""Creator: Seller"",""duration"":""25s"",""image"":""https://m.media-amazon.com/images/I/91MwdmLDiPL.png"",""name"":""SpeedTalk Mobile"",""title"":""Introducing the triple-cut SIM card"",""url"":""https://m.media-amazon.com/images/S/vse-vms-transcoding-artifact-us-east-1-prod/d1e2733c-3c87-40ed-87d6-0c40f7b433d4/default.jobtemplate.hls.m3u8""}]","yes","no","[{""fromManufacturer"":false,""module"":[{""image"":[""https://m.media-amazon.com/images/S/aplus-media-library-service-media/69202fc5-474f-48b3-8a40-106608c19d5e.png""],""imageAltText"":[""Smart Watch Banner""]},{""image"":[""https://m.media-amazon.com/images/S/aplus-media-library-service-media/a554b740-57f5-4beb-b19d-0b48d0cb9c12.png""],""imageAltText"":[""1000 Mins Talk and 500 MB DATA""],""text"":[""What's included with this SIM Card?"",""TALK AND DATA PLAN: Get 1000 Minutes Talk and 500 MB Data with this SIM Kit."",""3 in 1 SIM Card Kit: A triple cut, three in one sim card for improved compatibility. (Standard, Micro, Nano)."",""Live Customer Support: Live phone call, email and chat options are available for additional convenience. Available 7 days a week, 365 days a year!"",""Flexible Plans: Modify your plan as you need with No Contracts, No Credit Checks, and No Hidden Fees."",""Nationwide Coverage: Our coverage comes with 5G 4G LTE compatibility."",""Bring your own smartwatch! You can port-in (keep) your existing phone number or get a new one at no extra charge.""]},{""image"":[""https://m.media-amazon.com/images/S/aplus-media-library-service-media/66cb1df7-0010-4e46-896f-02ea83313bf5.png""],""imageAltText"":[""smart watch sim card for kids, s8 ultra 4g sim card smart watch, smart watch sim, watch sim card""]},{""text"":[""IMPORTANT: This SIM Card will work on SMARTWATCHES and TRACKING DEVICES ONLY. If used in cellular or smartphones, the SIM Card will be automatically disconnected without any prior notice. NO REFUNDS will be issued."",""SpeedTalk Mobile is one of the leading providers of cellular technology. We provide a variety of flexible wireless plans to meet your needs."",""Standalone smart watches work independently and require a GSM SIM card for cellular connection. SpeedTalk Mobile’s GSM SIM card enable smart watches and wearables to run apps, receive notification, send and receive text, make and receive phone calls, and tracking capabilities for kids/pet/car GPS trackers."",""After SIM activation, it might take up to 24-hours for the GPRS and data settings to sync and update with your device. Make sure you turned on the power in your device, in a good reception area."",""If you used the service while you are in the US, then US Domestic rates will apply, if you used the service while traveling to Canada & Mexico, then"",""Canada & Mexico Roaming rates will apply."",""Check Plan Details below for rates."",""USA Domestic: 1000 Minutes Talk & 500MB 4G LTE Data for 30-day service."",""Mexico-Canada Roaming: 20 cents/Minute | 2 cents/Text | 4 Cents/MB Data for 30-day service"",""SIM service will connect to our partner network (whichever is the strongest) once you reach the country of destination."",""Please Note: SpeedTalk Mobile recommends using 4G or newer devices for better service and increased compatibility."",""SpeedTalk Mobile offers its services through subscription plans which auto-renew every 30 days. You’ll be charged the rate stated at the time of purchase, every month, until you cancel. There is no contract, cancellations can be made any time by contacting customer support. A valid credit card is required to cover overages in case you exceed the applicable Voice, SMS and Data limits. To avoid overage charges, you should purchase the appropriate plan for your anticipated needs.""]}]}]","74","12","8.8","0.7","9","1","14","8.5","5.6","0.3","","","","","","","no","no","","no","no","no","no","","","no","-","","","","","50","2025/02/01","100","2024/12/25"
"1","1","1","1","0 %","0 %","0 %","0 %","","","","","","","","","SpeedTalk-Mobile-Hotspot-Internet-Contract","","B081TMY8K9","","no","no","yes","yes","no","no","yes","yes","yes","yes","no","no","no","no","no","no","no","no","no","no","no","no","no","no","no","no","no","no","no","no","no","no","no","no","no","yes","no","no","no","no","no","no","no","com","https://m.media-amazon.com/images/I/61GEybEIYRL.jpg;https://m.media-amazon.com/images/I/61IDhDA3gJL.jpg;https://m.media-amazon.com/images/I/71cVXa44AlL.jpg;https://m.media-amazon.com/images/I/71f98w+szFL.jpg;https://m.media-amazon.com/images/I/71TZiGOVCDL.jpg;https://m.media-amazon.com/images/I/61bsqXSxrBL.jpg;https://m.media-amazon.com/images/I/61-Q3zhjeYL.jpg;https://m.media-amazon.com/images/I/71ijmcMYeiL.jpg","","8","SpeedTalk Mobile Hotspot Internet 5GB Data SIM Card for 5G 4G LTE – WiFi - MiFi Modem Router USB Sticks Laptops Tablet | 30 Days 3 in 1 Simcard - Standard Micro Nano (5GB)","","","Affordable 30-Day Plan: Enjoy 5GB of 5G/4G/LTE data with 30 days of reliable service, all for just $15! Perfect for staying connected at a budget-friendly rate.","𝐓𝐑𝐈𝐏𝐋𝐄‐𝐂𝐔𝐓 𝐒𝐈𝐌 𝐂𝐀𝐑𝐃: Compatible with any IoT devices such as but not limited to Android, Apple, or Windows unlocked devices, MiFi, LTE Router or Hotspot. The SIM card can be used as a standard-sized SIM, a Micro-sized SIM or a Nano-sized SIM.","𝐂𝐎𝐀𝐒𝐓‐𝐓𝐎‐𝐂𝐎𝐀𝐒𝐓 𝐂𝐎𝐕𝐄𝐑𝐀𝐆𝐄: SpeedTalk Mobile offers 5G/4G/LTE connective technology with nationwide USA coverage and free roaming in Canada and Mexico when traveling. 2G/3G available in some areas. Check coverage at STKMap. International roaming available upon request.","𝐒𝐏𝐄𝐄𝐃 𝐓𝐀𝐋𝐊 𝐌𝐎𝐁𝐈𝐋𝐄 𝐀𝐏𝐏: SpeedTalk has a mobile app that conveniently allows you to manage your account. No Contract. No Activation Fees. Cancel anytime.","𝐂𝐔𝐒𝐓𝐎𝐌𝐄𝐑 𝐒𝐔𝐏𝐏𝐎𝐑𝐓: We have live representatives available 7 days a week to assist you via phone, email or chat.","","","","","","163669","117255","100514","153092","217978","-3 %","-33 %","-63 %","-40 %","-83,995","-99 %","79674","50652","580580","7","19","3.6","40","29","51","Cell Phones & Accessories","wireless_display_on_website","# 365 | Top 3% | SIM Cards","","","","39","38","37","36","","","","","-","2025/08/03 00:32","2026/05/27 05:24","2026/05/22 07:08","15.00","","15.00","15.00","15.00","17.18","0 %","0 %","0 %","0 %","$ 0.00","0 %","15.00","15.00","30.00","3","0 %","IN_STOCK","","-","","SpeedTalk Mobile (98%) / A13X3GVNM9G7YR","","0 %","0 %","0 %","0 %","100 %","100 %","100 %","100 %","1","1","1","1","-","-","5.09","8","8","8","yes","no","-","","no","no","no","yes","1","0","0","0","0","0","0","0","","","","","","","","","","","","","","","","100 %","1","1","no Amazon offer exists","","15.00","15.00","15.00","15.00","17.18","0 %","0 %","0 %","0 %","$ 0.00","0 %","15.00","15.00","43.99","0 %","","15.00","15.00","15.00","17.60","","","","","","","","15.00","30.00","3","-","3.86","15 %","2.25","","","","","","","","","","","","","23.40","30.00","","-","","","","","","","","","","","","","","","","","","","","","","","","","","","","","","","no","","","","","","","","","","","","","","15.56","22.23","100 %","","","","","","","","","","","","","16.58","21.57","","","","","","","","","","","","","16.70","16.70","","","","","","","","","","","","","15.56","15.56","","","","","","","","","","","","","","","","","","","","","","","","","","","15.56","21.57","","","","","","","","","","","","","","","","","","","","","","","","","","","","","30.00","30.00","30.00","30.00","30.00","0 %","0 %","0 %","0 %","$ 0.00","0 %","30.00","30.00","43.99","","","","","","","","","","","","","","","","","","","","","","","","","","","","","","","","","","","","","","","","","","","1","1","1","1","1","1","0 %","0 %","0 %","0 %","1","","","","","","","","","","","","","","","","","","","","","","","","","","","","2019/11/23","2019/11/22","https://www.amazon.com/dp/B081TMY8K9","https://keepa.com/#!product/1-B081TMY8K9","Cell Phones & Accessories","SIM Cards","Cell Phones & Accessories › SIM Cards & Prepaid Minutes › SIM Cards","Wireless","wireless_display_on_website","","","","","","","","0","","","SIM_CARD","Speedtalk Mobile","SpeedTalk Mobile","SpeedTalk Mobile","SpeedTalkMobile","https://www.amazon.com/stores/SpeedTalkMobile/page/F3D278F0-9F00-49C0-9A70-02C3A04B24F3","","","","","","","","","","","","cell-phone-sim-cards","","","","","","","","","","1","","","","","2","yes","[{""creator"":""Creator: Main"",""duration"":""25s"",""image"":""https://m.media-amazon.com/images/I/91MwdmLDiPL.png"",""name"":""SpeedTalk Mobile"",""title"":""Introducing the triple-cut SIM card"",""url"":""https://m.media-amazon.com/images/S/vse-vms-transcoding-artifact-us-east-1-prod/d1e2733c-3c87-40ed-87d6-0c40f7b433d4/default.jobtemplate.hls.m3u8""}]","[{""creator"":""Creator: Seller"",""duration"":""41s"",""image"":""https://m.media-amazon.com/images/I/41NFdbC+dZL.jpg"",""name"":""SpeedTalk Mobile"",""title"":""SpeedTalk Mobile Data Plan Sim Card Hotspots, WiFi, & MiFi"",""url"":""https://m.media-amazon.com/images/S/vse-vms-transcoding-artifact-us-east-1-prod/c3ee2e36-d104-45cc-bf79-bd6c501a7c90/default.jobtemplate.hls.m3u8""}]","yes","no","[{""fromManufacturer"":false,""module"":[{""image"":[""https://m.media-amazon.com/images/S/aplus-media-library-service-media/87e8e21b-7368-4de2-b105-8c53d5d6939c.png""],""imageAltText"":[""Data SIM Cards Banner - 2""],""text"":[""This Data plan is great choice when you need data service on your device. With our Three in One Triple Cut SIM Card, stay online and connected. Devices from Trackers, Asset Trackers, Alarm Systems, Mobile Hot Spots, IOT Cameras, Smartwatches, Car Trackers, GPS Devices and more are compatible with our SIM Cards. Running out of Data? You can add more balance through your account. SpeedTalk offers its services through subscription plans which auto-renew every 30 days. Service begins as soon as you activate your service. You'll be charged the rate stated at the time of purchase, every month, until you cancel. There are no Contracts, No Hidden Fees and No Credit Checks."",""To activate please visit us at ActivateSpeedTalk."",""Enjoy using our 5G / 4G LTE service across the US. Check Coverage at STKMap."",""Cancellations can be made any time by contacting customer support."",""A valid credit card is required to cover overages in case you exceed the applicable Voice, SMS and Data limits.""]},{""image"":[""https://m.media-amazon.com/images/S/aplus-media-library-service-media/8f06cad6-aecf-4075-860d-c6b50cb753ec.png"",""https://m.media-amazon.com/images/S/aplus-media-library-service-media/fd36b3f8-5f9a-47cb-a6da-d3867b9007da.png"",""https://m.media-amazon.com/images/S/aplus-media-library-service-media/4f2bdc74-f4f8-4b15-9307-99074f65b9d1.png"",""https://m.media-amazon.com/images/S/aplus-media-library-service-media/a28c3e1f-426e-43c4-991c-4ae934602b37.png""],""imageAltText"":[""No Contracts"",""SIM"",""5G/ 4G"",""Customer Support""],""text"":[""All The Flexibility You Need"",""Choose the plan that fits your needs best."",""With Speedtalk Mobile, there are:"",""- No Contracts"",""- Hidden Fees"",""- No Activation Fees"",""At the end of the month, you have the flexibility to choose a new plan to fit your Data needs."",""Compatible With Many Devices"",""With the multiple data consuming products in the market, we have done our best to make our SIM Cards compatible with a majority of those devices. Bring your own device (BYOD) and choose the SIM Size that fits it best with our Three in One Triple Cut SIM."",""Nationwide Coverage"",""Coast-to-coast wireless coverage. Forget about loading issues or slow data speeds. We use a nationwide 5G / 4G LTE Network to ensure you stay connected."",""Live Customer Support"",""Live support is ready to help you. Our team is available to help you with activation, set up, APN settings, and more. Contact them via Live Call, Live Chat, or email."",""Our representatives are available 7 days a week, 365 days a year. 4:30 AM - 8:30 PM (PDT)""]},{""text"":[""FREQUENTLY ASKED QUESTIONS;"",""Question:"",""Will your service work with my Device?"",""Answer:"",""For our service to work with your device make sure your device is a 4G device and check our coverage map for coverage in your area. Our plans are compatible with all 4G LTE devices. Please Note: 2G & 3G services might not be available in all areas due to carrier Decommissioning/ shutdown of these frequencies, SpeedTalk Mobile recommends using 4G or newer devices for better service."",""Question:"",""Where do I get a SIM card?"",""Answer:"",""The only way you can get a SIM card from Speedtalk is by purchasing a plan from us."",""Question:"",""What happens after I purchased a plan from Speedtalk?"",""Answer:"",""We will ship you a SIM card with activation instructions. Once you receive our SpeedTalk SIM card you can activate it with a new number (activation instructions provided on the SIM card kit) the new number will be assigned to that SIM card (the plan cycle will start from the time you first activate it) and you can start using it on your device."",""Question:"",""Can I cancel at any time?"",""Answer:"",""Yes. SpeedTalk Mobile is a subscription-based service that puts your plan's control in your hands. In addition to giving you the flexibility you need, we stand by our No Credit Check /No Contract wireless service policy. You will be able to cancel at any time by submitting a disconnect request to our support team online."",""Question:"",""What happens if I go over my data?"",""Answer:""]}]}]","334","12","8.7","3.2","82","1","194","10.2","2.5","7.6","","","","","","","no","no","","no","no","no","no","","","no","-","","","","","","","",""
"1","1","1","1","0 %","0 %","0 %","0 %","","","","","","","","","SpeedTalk-Mobile-Smartwatches-Wearables-Simcard","","B07K1LDZPM","","no","no","no","yes","no","no","no","yes","no","yes","no","no","no","no","no","no","no","no","no","no","no","no","no","no","no","no","no","no","no","no","no","no","no","no","no","yes","no","no","no","no","no","no","no","com","https://m.media-amazon.com/images/I/71FYgIqCnNL.jpg;https://m.media-amazon.com/images/I/71RtRr-292S.jpg;https://m.media-amazon.com/images/I/71xRTg11YES.jpg;https://m.media-amazon.com/images/I/81TOveC3qUL.jpg;https://m.media-amazon.com/images/I/61fIGD5z0XL.jpg;https://m.media-amazon.com/images/I/71aFLnxg1PL.jpg;https://m.media-amazon.com/images/I/71Lf1bNfH3L.jpg","","7","SpeedTalk Mobile Smart Watch SIM Card for 5G 4G LTE GSM Smartwatches and Wearables | 3 in 1 Simcard |1 Year Service","","","Plan includes 50 Minutes, 100 Texts, and 100 MB Data MONTHLY for 12 MONTHS. Compatible with unlocked 4G 5G LTE devices.","U.S.A. Phone Number Included: Get your own U.S. number at activation. Choose a number from your ZIP code, or get one auto assigned to you. Powered by secure U.S.-based company and servers to keep your data protected.","Check coverage at STKMap. Activate service via ActivateSpeedTalk","EASY ACTIVATION: Valid credit card is needed at activation. No contracts. Cancel anytime. SpeedTalk Mobile offers its services through subscription plans. 3 EASY steps. You can also call us for assistance 7 days a week with LIVE CUSTOMER SUPPORT when you call our toll-free number.","Our service will work within the United States. Roaming is not supported in this plan. Check Coverage at STKMap.","","","","","","180346","149942","142767","143032","139627","-3 %","-30 %","-26 %","-20 %","-52,515","-41 %","127831","40555","389732","2","9","3.3","52","24","60","Cell Phones & Accessories","wireless_display_on_website","# 411 | Top 4% | SIM Cards","","","","53","53","52","51","","","","","-","2026/02/04 12:20","2026/05/27 05:24","2026/05/07 22:28","60.00","","60.00","60.00","60.00","60.00","0 %","0 %","0 %","0 %","$ 0.00","0 %","60.00","38.55","64.25","3","0 %","IN_STOCK","","-","","SpeedTalk Mobile (98%) / A13X3GVNM9G7YR","","0 %","0 %","0 %","0 %","100 %","100 %","99 %","100 %","1","1","1","1","-","-","-","8","8","8","yes","no","-","","no","no","no","yes","1","0","0","0","0","0","0","0","","","","","","","","","","","","","","","","100 %","1","1","no Amazon offer exists","","60.00","60.00","60.00","60.00","60.00","0 %","0 %","0 %","0 %","$ 0.00","0 %","60.00","38.55","64.25","0 %","","60.00","60.00","60.00","60.00","","","","","","","","38.55","64.25","3","-","3.71","15 %","9.00","","","","","","","","","","","","","38.55","64.25","","-","","","","","","","","","","","","","","","","","","","","","","","","","","","","","","","no","","","","","","","","","","","","","","25.71","61.04","100 %","","","","","","","","","","","","","33.27","58.60","","","","","","","","","","","","","25.71","30.44","","","","","","","","","","","","","","","","","","","","","","","","","","","","","","","","","","","","","","","","","25.71","58.60","","","","","","","","","","","","","","","","","","","","","","","","","","","","","60.00","60.00","60.00","60.00","60.00","0 %","0 %","0 %","0 %","$ 0.00","0 %","60.00","60.00","64.25","","","","","","","","","","","","","","","","","","","","","","","","","","","","","","","","","","","","","","","","","","","1","1","1","1","1","1","0 %","0 %","0 %","0 %","1","","","","","","","","","","","","","","","","","","","","","","","","","","","","2018/11/06","2018/10/30","https://www.amazon.com/dp/B07K1LDZPM","https://keepa.com/#!product/1-B07K1LDZPM","Cell Phones & Accessories","SIM Cards","Cell Phones & Accessories › SIM Cards & Prepaid Minutes › SIM Cards","Wireless","wireless_display_on_website","","0793052172961","","793052172961","4351573287","","","0","","","SIM_CARD","SpeedTalk Mobile","SpeedTalk Mobile","SpeedTalk Mobile","SpeedTalkMobile","https://www.amazon.com/stores/SpeedTalkMobile/page/F3D278F0-9F00-49C0-9A70-02C3A04B24F3","4351573287","","","","","","","","","","","cell-phone-sim-cards","","","","","","","","","","1","","","","","4","yes","[{""creator"":""Creator: Main"",""duration"":""35s"",""image"":""https://m.media-amazon.com/images/I/B1dDkjshcjL.png"",""name"":""SpeedTalk Mobile"",""title"":""SpeedTalk Mobile | Smart Watch"",""url"":""https://m.media-amazon.com/images/S/vse-vms-transcoding-artifact-us-east-1-prod/4d551d9f-2934-4f2a-8ef0-434276bc28e3/default.jobtemplate.hls.m3u8""}]","[{""creator"":""Creator: Seller"",""duration"":""25s"",""image"":""https://m.media-amazon.com/images/I/91MwdmLDiPL.png"",""name"":""SpeedTalk Mobile"",""title"":""Introducing the triple-cut SIM card"",""url"":""https://m.media-amazon.com/images/S/vse-vms-transcoding-artifact-us-east-1-prod/d1e2733c-3c87-40ed-87d6-0c40f7b433d4/default.jobtemplate.hls.m3u8""},{""creator"":""Creator: Seller"",""duration"":""40s"",""image"":""https://m.media-amazon.com/images/I/B1IbJVNwC7L.png"",""name"":""SpeedTalk Mobile"",""title"":""Starter kit SIM card Smartwatch"",""url"":""https://m.media-amazon.com/images/S/vse-vms-transcoding-artifact-us-east-1-prod/378e1e8a-a5a3-433e-abeb-ed90447a3fbb/default.jobtemplate.hls.m3u8""},{""creator"":""Creator: Seller"",""duration"":""51s"",""image"":""https://m.media-amazon.com/images/I/51IrTXbLVZL.jpg"",""name"":""SpeedTalk Mobile"",""title"":""SpeedTalk Mobile Smart Watch Sim Card"",""url"":""https://m.media-amazon.com/images/S/vse-vms-transcoding-artifact-us-east-1-prod/cc02cd9e-416c-4d34-9940-4dba26951b1c/default.jobtemplate.hls.m3u8""}]","yes","no","[{""fromManufacturer"":false,""module"":[{""asin"":[""B07HZYDVSX"",""B0FCHPQSWB"",""B07GL7CCLG"",""B0F2JKL14S""]},{""image"":[""https://m.media-amazon.com/images/S/aplus-media-library-service-media/ec75522c-5ee4-4acc-89cf-0b3e4fd301ee.png""],""imageAltText"":[""sim card""]},{""image"":[""https://m.media-amazon.com/images/S/aplus-media-library-service-media/2f56f7c2-bc64-4733-8c66-297810fc85f7.png""],""imageAltText"":[""cover map""],""text"":[""Coast-to-Coast 4G LTE Connection."",""4G LTE Nationwide Coverage Across the United States."",""Stay connected across the USA with SpeedTalk’s 4G LTE SIM card. Designed for smartwatches, our service ensures a strong, consistent signal coast to coast. Enjoy voice, text, and data coverage for your device.""]},{""image"":[""https://m.media-amazon.com/images/S/aplus-media-library-service-media/0016c0ea-1fbf-4a29-b328-85676c1b4216.png"",""https://m.media-amazon.com/images/S/aplus-media-library-service-media/4f0c1563-8bc2-4e33-9106-2e99f8084f17.png"",""https://m.media-amazon.com/images/S/aplus-media-library-service-media/e4f17386-fc02-4ee4-8988-44310bd84a55.png""],""imageAltText"":[""smartwatch sim card, kids smartwatch sim card"",""desk"",""costumer service""],""text"":[""2"",""Overview"",""3"",""3 in 1 SIM Card"",""4"",""Costumer Service"",""SpeedTalk’s SIM card."",""Perfect SIM Solution for Smartwatch Connectivity."",""Designed for smartwatches."",""Supports voice calls, text messaging. Easy activation, no contracts."",""Nano, Micro, and Standard"",""Universal 3-in-1 SIM Card – Fits All Watch Sizes."",""our 3 in 1 SIM that fits most of the smartwatches."",""Easily pop out the size you need."",""By chat, email and phone."",""We’re Here to Help 7 Days a Week."",""Our dedicated team is available to guide you through activation, troubleshooting, and more.""]},{""image"":[""https://m.media-amazon.com/images/S/aplus-media-library-service-media/bab4a325-eac5-451e-bb37-d0bcea0dc8e9.png""],""imageAltText"":[""activation process""],""text"":[""Simple Activation in Just a Few Easy Steps""]},{""text"":[""How do I activate my SpeedTalk SIM card?"",""Activation is simple! Visit our website and follow the instructions. You’ll need the SIM card number to complete the process."",""Is the SIM card compatible with any smartwatch?"",""The SIM card works with most unlocked 4G LTE smartwatches. Make sure your device supports GSM networks for full compatibility with SpeedTalk Mobile."",""What coverage does SpeedTalk Mobile offer?"",""SpeedTalk uses a nationwide 4G LTE network, providing reliable coverage across the U.S. for voice, text, and data services on your smartwatch."",""Can I keep my current phone number?"",""Yes, you can keep your phone number or get a new one. Porting is available during activation. Just follow the instructions and have your current account info ready for a smooth transfer."",""What is the refund policy for the SIM card?"",""Refunds are available within 14 days of activation. No refunds if you use over 30 mins, 15 texts, or 30MB. SIMs bought via SpeedTalk’s Amazon store follow their terms & conditions.""]},{""text"":[""The video showcases the product in use."",""The video guides you through product setup."",""The video compares multiple products."",""The video shows the product being unpacked."",""Speedtalk Smartwatch sim card"",""Merchant Video""],""video"":[""https://m.media-amazon.com/images/S/vse-vms-transcoding-artifact-us-east-1-prod/9fbf305a-45a2-4470-8658-22b8aa39f8b8/default.jobtemplate.hls.m3u8""]}]}]","11","12.7","8.9","0.1","9","1","14","8.5","5.6","0.3","","","","","","","no","no","","no","no","no","no","","","no","-","","","","","","","",""
"2","2","2","2","0 %","0 %","0 %","0 %","","","","","","","","","Unlimited-Text-Minutes-Data-Service","","B075QNH2HP","SpeedTalk Mobile SIM Card Unlimited Text 500 Minutes Talk 1 GB Data for 5G 4G LTE Apple iPhone Android Smart Phones | 3 in 1 Prepaid Simcard | No Contract Cellphone Plan","no","no","no","no","no","no","no","no","no","no","no","no","no","no","no","no","no","no","no","no","no","no","no","no","no","no","no","no","no","no","no","no","no","no","no","yes","no","no","no","no","no","no","no","com","https://m.media-amazon.com/images/I/61+xzAPzgaL.jpg;https://m.media-amazon.com/images/I/71N4rYNRzuL.jpg;https://m.media-amazon.com/images/I/71fPFUIeNGL.jpg;https://m.media-amazon.com/images/I/71ON7omFdJL.jpg;https://m.media-amazon.com/images/I/71aFLnxg1PL.jpg;https://m.media-amazon.com/images/I/71eBk-vO3ZL.jpg;https://m.media-amazon.com/images/I/61ZySbkxyFL.jpg;https://m.media-amazon.com/images/I/61b9fGjiSxL.jpg;https://m.media-amazon.com/images/I/61UfCmOMG8L.jpg","","9","SpeedTalk Mobile SIM Card Unlimited Text 500 Minutes Talk 1 GB Data for 5G 4G LTE Apple iPhone Android Smart Phones | 3 in 1 Prepaid Simcard - Standard Micro Nano | No Contract Cellphone Plan","","","Our SIM card can be used with 4G 5G LTE unlocked cellphones, such as but not limited to any T-Mobile phone, AT&T unlocked phone, Apple iPhone, Samsung phone, Android phone, Windows phone, any compatible 4G LTE unlocked cellphone.","EASY ACTIVATION: Valid credit card is needed at activation, No contracts, Cancel anytime. Speedtalk Mobile offers its services through prepaid subscription plans. You can also call us for assistance 7 days a week LIVE CUSTOMER SUPPORT when you call our toll-free number.","3-in-1 SIM CARD KIT (Mini/Micro/Nano). SIM card can be used to activate any unlocked, 5G 4G GSM compatible phone including iPhones, Androids and non-smartphones.","How does it works: The SIM Kit includes a 3-in-1 SIM card (standard, micro, and nano sizes) to fit most unlocked devices and supports eSIM activation on Apple, Google, and Samsung devices (please see the device compatibility chart in this listing). Activation is required to begin SpeedTalk Mobile service.","eSIM: Bring your own unlocked phone, keep your current number (or get a new one), and activate online in minutes. During activation, you can choose to keep using your physical SIM or switch to eSIM.","5G 4G LTE NATIONWIDE COVERAGE including Hawaii, Puerto Rico, and US Virgin Islands (does not include Alaska) on the largest and fastest network. Check Coverage at STKMap.","","","","","100452","122751","122061","128318","113541","38 %","29 %","18 %","18 %","27,344","21 %","127796","10881","187014","6","18","3.5","771","41","106","Cell Phones & Accessories","wireless_display_on_website","# 231 | Top 3% | SIM Cards","","","","777","778","788","816","","","","","299","2026/04/06 04:06","2026/05/14 11:52","2026/05/09 10:00","9.00","","9.00","8.89","8.94","8.82","0 %","0 %","0 %","-1 %","$ 0.00","0 %","9.00","5.40","12.99","","0 %","IN_STOCK","","-","","SpeedTalk Mobile (98%) / A13X3GVNM9G7YR","","0 %","0 %","0 %","0 %","100 %","100 %","100 %","100 %","1","1","1","1","-","0.49","0.55","8","61","71","yes","no","-","","no","no","no","yes","2","0","0","0","0","0","0","0","","","","","","","","","","","","","","","","100 %","1","1","no Amazon offer exists","","9.00","9.00","8.79","8.89","8.80","0 %","0 %","0 %","-2 %","$ 0.00","0 %","9.00","3.60","12.99","0 %","","9.00","8.79","8.89","8.81","","","","","","","","5.40","12.99","","-","2.52","15 %","1.35","","","","","","","","","","","","","3.60","14.04","","-","","","","","","","","","","","","","","","","","","","","","","","","","","","","","","","no","","","","","","","","","","","","","","3.07","12.08","100 %","","","","","","","","","","","","","3.07","7.40","","","","","","","","","","","","","4.41","7.24","","","","","","","","","","","","","","","","","","","","","","","","","","","","","","","","","","","","","","","","","3.07","7.40","","","","","","","","","","","","","","","","","","","","","","","","","","","","","9.00","9.00","9.00","9.00","9.00","0 %","0 %","0 %","0 %","$ 0.00","0 %","9.00","6.50","12.99","","","","","","","","","","","","","","","","","","","","","","","","","","","","","","","","","","","","","","","","","","","2","2","2","2","2","2","0 %","0 %","0 %","0 %","2","","","","","","","","","","","","","","","","","","","","","","","","","","","","2017/10/09","2017/09/18","https://www.amazon.com/dp/B075QNH2HP?psc=1","https://keepa.com/#!product/1-B075QNH2HP","Cell Phones & Accessories","SIM Cards","Cell Phones & Accessories › SIM Cards & Prepaid Minutes › SIM Cards","Wireless","wireless_display_on_website","","0793052172602","","793052172602","","B0FM5Z7TH3","B075QNH2HP,B09R8Y33WV,B09GT671CV","3","","B01N9XPPGZ","SIM_CARD","SpeedTalk Mobile","SpeedTalk Mobile","SpeedTalk Mobile","SpeedTalkMobile","https://www.amazon.com/stores/SpeedTalkMobile/page/F3D278F0-9F00-49C0-9A70-02C3A04B24F3","$9.00 Plan","Model: $9.00 Plan;","","","","","","","","","","cell-phone-sim-cards","","","","","","","","","","1","","","","","6","yes","[{""creator"":""Creator: Main"",""duration"":""29s"",""image"":""https://m.media-amazon.com/images/I/716x8Jn4zdL.jpg"",""name"":""SpeedTalk Mobile"",""title"":""SpeedTalk Mobile | Phones"",""url"":""https://m.media-amazon.com/images/S/vse-vms-transcoding-artifact-us-east-1-prod/4ee7f3ee-ddda-43bc-8ab0-342a8c6b316b/default.jobtemplate.hls.m3u8""}]","[{""creator"":""Creator: Seller"",""duration"":""50s"",""image"":""https://m.media-amazon.com/images/I/51roFvW6RNL.jpg"",""name"":""SpeedTalk Mobile"",""title"":""SpeedTalk Mobile Unlimited Cell Phone Plans Sim Card"",""url"":""https://m.media-amazon.com/images/S/vse-vms-transcoding-artifact-us-east-1-prod/bad92a16-a41f-441b-b9ec-3dd99cf09e4f/default.jobtemplate.hls.m3u8""},{""creator"":""Creator: Seller"",""duration"":""15s"",""image"":""https://m.media-amazon.com/images/I/51IskT1m88L.jpg"",""name"":""SpeedTalk Mobile"",""title"":""No Need To Break the Bank! Check out Speedtalk Mobile!"",""url"":""https://m.media-amazon.com/images/S/vse-vms-transcoding-artifact-us-east-1-prod/a73892eb-f30a-4712-a4d6-c8b50ed179f1/default.jobtemplate.hls.m3u8""},{""creator"":""Creator: Seller"",""duration"":""40s"",""image"":""https://m.media-amazon.com/images/I/A1iPJdiNmlL.png"",""name"":""SpeedTalk Mobile"",""title"":""Meet speedtalk Mobile"",""url"":""https://m.media-amazon.com/images/S/vse-vms-transcoding-artifact-us-east-1-prod/5f4cc818-c13a-4876-b5a6-451c5ad555e9/default.jobtemplate.hls.m3u8""},{""creator"":""Creator: Customer"",""duration"":""68s"",""image"":""https://m.media-amazon.com/images/I/61vYt4Sbm7L.jpg"",""name"":""pisces"",""title"":""Do NOT buy!!! The GPS can stop working any time!"",""url"":""https://m.media-amazon.com/images/S/vse-vms-transcoding-artifact-us-east-1-prod/e4d1518d-50c3-4050-9e1c-f273a0753df5/default.jobtemplate.hls.m3u8""},{""creator"":""Creator: Seller"",""duration"":""25s"",""image"":""https://m.media-amazon.com/images/I/91MwdmLDiPL.png"",""name"":""SpeedTalk Mobile"",""title"":""Introducing the triple-cut SIM card"",""url"":""https://m.media-amazon.com/images/S/vse-vms-transcoding-artifact-us-east-1-prod/d1e2733c-3c87-40ed-87d6-0c40f7b433d4/default.jobtemplate.hls.m3u8""}]","yes","no","[{""fromManufacturer"":false,""module"":[{""image"":[""https://m.media-amazon.com/images/S/aplus-media-library-service-media/f2b555f1-417c-49c8-9306-f4c98097aba9.png""],""imageAltText"":[""Smartphone Banner""],""text"":[""Speedtalk Mobile carries Prepaid Smartwatch SIMs. Smart Phone SIMs, Tracker SIMS, Alarm System SIMS and more! No Contract, No Credit Check, No Hassle.""]},{""image"":[""https://m.media-amazon.com/images/S/aplus-media-library-service-media/bf69163f-8cb1-4a14-9241-2c33cb3def7a.png""],""imageAltText"":[""TVP Banner 9""]},{""text"":[""Speedtalk Features"",""Free SIM Card Included"",""- With the purchase of your first month of service, get a free SIM card for your device."",""BYOD, Bring Your Own Device"",""- Our SIM cards are compatible with Apple, Samsung, Windows, Nokia, Motorola, Unlocked ATT, Unlocked T Mobile, and more devices."",""Quick & Simple Set Up"",""- Simple Activation, install the SIM card, then dial, or text away!"",""Live Support"",""- We are here to help you throughout your activation process. We have Live representatives ready to offer support through live calls, chat, or email."",""Triple Cut SIM Kit"",""- Three In One SIM (fits any device). Standard SIM, Micro SIM and Nano SIM. Just punch out the size you need for your wireless device."",""Port Your Existing Number"",""- You have the option to port-in (keep) your existing phone number or get a new one."",""Nationwide Coverage"",""- Our 5G / 4G LTE service will work within the UNITED STATES. Roaming is available for Canada and Mexico upon request.""]},{""asin"":[""B07G9P5ZBW"",""B075QNH2HP"",""B0BS1W6HJM"",""B0CLWSGD3V"",""B0CLX2QN4Q""]},{""image"":[""https://m.media-amazon.com/images/S/aplus-media-library-service-media/8d36ad9e-cba9-4f9a-8b11-e60966c4649a.png""],""imageAltText"":[""SpeedTalk Mobile Support""]},{""text"":[""Support Team"",""Our support team is available 7 days a week, 365 days a year. 4:30 AM - 8:30 PM (PDT)."",""SpeedTalk Mobile offers its services through subscription plans which auto-renew every 30 days. Plan begins as soon as you activate your service. You’ll be charged the rate stated at the time of purchase, every month, until you cancel. Cancellations can be made any time by contacting support group. A valid credit card is required to cover overages in case you exceed the applicable data limit.""]},{""text"":[""Support Team"",""Our support team is available 7 days a week, 365 days a year. 4:30 AM - 8:30 PM (PDT)."",""SpeedTalk Mobile offers its services through subscription plans which auto-renew every 30 days. Plan begins as soon as you activate your service. You’ll be charged the rate stated at the time of purchase, every month, until you cancel. Cancellations can be made any time by contacting support group. A valid credit card is required to cover overages in case you exceed the applicable data limit.""]}]}]","117","12.1","8.8","1.1","9","1","34","9.5","12.1","0.3","","","","","","","no","no","","no","no","no","no","","","no","-","","","","","50","2024/01/15","100","2023/12/03"
"2","2","1","1","0 %","0 %","0 %","0 %","","","","","","","","","SpeedTalk-Mobile-7-50-Month-Nationwide","","B08J6P5PXF","SpeedTalk Mobile Prepaid SIM Card 5G 4G LTE Data – 3-in-1 SIM for Unlocked Phones – No Contract – 30 Day Prepaid Cell Phone Plan USA","no","no","no","no","no","no","no","no","no","no","no","no","no","no","no","no","no","no","no","no","no","no","no","no","no","no","no","no","no","no","no","no","no","no","no","yes","no","no","no","no","no","no","no","com","https://m.media-amazon.com/images/I/6133dkS0RiL.jpg;https://m.media-amazon.com/images/I/61Y-cxQ64mL.jpg;https://m.media-amazon.com/images/I/71vooBnwmmL.jpg;https://m.media-amazon.com/images/I/71f98w+szFL.jpg;https://m.media-amazon.com/images/I/81WjGtGV0nL.jpg;https://m.media-amazon.com/images/I/71RtRr-292S.jpg;https://m.media-amazon.com/images/I/61f+YHU4zbL.jpg","","7","SpeedTalk Mobile Prepaid SIM Card – 250 Talk + 250 Text + 250MB - 5G 4G LTE Data – 3-in-1 SIM for Unlocked Phones – No Contract – 30 Day Prepaid Cell Phone Plan USA","","","✅ PREPAID CELL PHONE PLAN – 250 Minutes + 250 Texts + 250MB Data Enjoy a prepaid phone plan with no contract: get 250 talk minutes, 250 SMS, and 250MB of 5G 4G LTE data, for just $7.50/month. Perfect SIM card plan for light users, kids, seniors, or backup phones. Compatible with most prepaid cell phone plans and cheap phone plans.","📲 UNIVERSAL SIM CARD FOR ANY UNLOCKED DEVICE Our triple-cut SIM card (Standard/Micro/Nano) fits all devices. Use with any unlocked 5G 4G LTE, or VoLTE compatible phone including iPhones, Androids, Samsung Galaxy, Google Pixel, LG, and non-smartphones. Ideal SIM card for phone, iPhone prepaid SIM card, or chip for phone with no contract.","🔄 BRING YOUR NUMBER OR GET A NEW ONE Port-in your existing number or receive a new one. This SIM card with number allows flexible phone service plans that fits your needs. Easy setup makes it a great cell phone card for all ages.","🚀 NATIONWIDE COVERAGE ON FASTEST NETWORKS Enjoy reliable cell phone service with 5G 4G LTE nationwide coverage across the USA, including Hawaii, Puerto Rico, and US Virgin Islands. Forget dropped calls—get fast speeds and premium network performance with this cellphone plan.","🧩 EASY ACTIVATION – CANCEL ANYTIME No contract. No hidden fees. Just insert and activate your prepaid SIM card online with a valid credit card. Call our live customer support 7 days a week. Great for SIM cards & prepaid minutes, USA phone setups, and cell phone services on your terms.","","","","","","146484","234372","248898","209173","177546","-33 %","11 %","41 %","37 %","96,308","40 %","242792","19032","291751","2","6","3.4","77","14","39","Cell Phones & Accessories","wireless_display_on_website","# 328 | Top 6% | SIM Cards","","","","77","77","77","83","","","","","25","2026/04/07 12:16","2026/05/25 04:16","2026/05/16 00:22","7.50","","7.50","7.40","7.45","7.36","0 %","0 %","0 %","-1 %","$ 0.00","0 %","7.50","4.50","7.50","","0 %","IN_STOCK","","-","","SpeedTalk Mobile (98%) / A13X3GVNM9G7YR","","0 %","0 %","0 %","0 %","100 %","100 %","100 %","100 %","1","1","1","1","-","0.42","0.45","8","61","61","yes","no","-","","no","no","no","yes","2","0","0","0","0","0","0","0","","","","","","","","","","","","","","","","100 %","1","1","no Amazon offer exists","","7.50","7.50","7.32","7.41","7.34","0 %","0 %","0 %","-2 %","$ 0.00","0 %","7.50","3.00","7.50","0 %","","7.50","7.32","7.41","7.30","","","","","","","","4.50","7.50","","-","2.52","15.07 %","1.13","","","","","","","","","","","","","3.00","7.50","","-","","","","","","","","","","","","","","","","","","","","","","","","","","","","","","","no","","","","","","","","","","","","","","5.18","5.63","100 %","","","","","","","","","","","","","","","","","","","","","","","","","","","","","","","","","","","","","","","","","","","","","","","","","","","","","","","5.40","5.63","","","","","","","","","","","","","5.40","5.63","","","","","","","","","","","","","","","","","","","","","","","","","","","","","7.50","7.50","7.50","7.50","7.50","0 %","0 %","0 %","0 %","$ 0.00","0 %","7.50","7.50","11.49","","","","","","","","","","","","","","","","","","","","","","","","","","","","","","","","","","","","","","","","","","","2","2","2","2","1","1","0 %","0 %","0 %","0 %","2","","","","","","","","","","","","","","","","","","","","","","","","","","","","2020/10/01","2018/08/08","https://www.amazon.com/dp/B08J6P5PXF?psc=1","https://keepa.com/#!product/1-B08J6P5PXF","Cell Phones & Accessories","SIM Cards","Cell Phones & Accessories › SIM Cards & Prepaid Minutes › SIM Cards","Wireless","wireless_display_on_website","","0850016079251","","850016079251","","B0FRWXKZNW","B08J6P5PXF,B0BSMXZJ51,B0BSG613T2,B0BSG5WDRF","4","","","SIM_CARD","SpeedTalk Mobile","SpeedTalk Mobile","SpeedTalk Mobile","SpeedTalkMobile","https://www.amazon.com/stores/SpeedTalkMobile/page/F3D278F0-9F00-49C0-9A70-02C3A04B24F3","$7.50 Plan","Model: $7.50 Plan;","","","","","","","","","","cell-phone-sim-cards","","","","","","","","","","1","","","","","5","yes","[{""creator"":""Creator: Main"",""duration"":""29s"",""image"":""https://m.media-amazon.com/images/I/716x8Jn4zdL.jpg"",""name"":""SpeedTalk Mobile"",""title"":""SpeedTalk Mobile | Phones"",""url"":""https://m.media-amazon.com/images/S/vse-vms-transcoding-artifact-us-east-1-prod/4ee7f3ee-ddda-43bc-8ab0-342a8c6b316b/default.jobtemplate.hls.m3u8""}]","[{""creator"":""Creator: Seller"",""duration"":""15s"",""image"":""https://m.media-amazon.com/images/I/51IskT1m88L.jpg"",""name"":""SpeedTalk Mobile"",""title"":""No Need To Break the Bank! Check out Speedtalk Mobile!"",""url"":""https://m.media-amazon.com/images/S/vse-vms-transcoding-artifact-us-east-1-prod/a73892eb-f30a-4712-a4d6-c8b50ed179f1/default.jobtemplate.hls.m3u8""},{""creator"":""Creator: Seller"",""duration"":""25s"",""image"":""https://m.media-amazon.com/images/I/91MwdmLDiPL.png"",""name"":""SpeedTalk Mobile"",""title"":""Introducing the triple-cut SIM card"",""url"":""https://m.media-amazon.com/images/S/vse-vms-transcoding-artifact-us-east-1-prod/d1e2733c-3c87-40ed-87d6-0c40f7b433d4/default.jobtemplate.hls.m3u8""},{""creator"":""Creator: Seller"",""duration"":""50s"",""image"":""https://m.media-amazon.com/images/I/51roFvW6RNL.jpg"",""name"":""SpeedTalk Mobile"",""title"":""SpeedTalk Mobile Unlimited Cell Phone Plans Sim Card"",""url"":""https://m.media-amazon.com/images/S/vse-vms-transcoding-artifact-us-east-1-prod/bad92a16-a41f-441b-b9ec-3dd99cf09e4f/default.jobtemplate.hls.m3u8""},{""creator"":""Creator: Seller"",""duration"":""40s"",""image"":""https://m.media-amazon.com/images/I/A1iPJdiNmlL.png"",""name"":""SpeedTalk Mobile"",""title"":""Meet speedtalk Mobile"",""url"":""https://m.media-amazon.com/images/S/vse-vms-transcoding-artifact-us-east-1-prod/5f4cc818-c13a-4876-b5a6-451c5ad555e9/default.jobtemplate.hls.m3u8""}]","yes","no","[{""fromManufacturer"":false,""module"":[{""image"":[""https://m.media-amazon.com/images/S/aplus-media-library-service-media/f2b555f1-417c-49c8-9306-f4c98097aba9.png""],""imageAltText"":[""Smartphone Banner""],""text"":[""Speedtalk Mobile carries Smartwatch SIMs. Smart Phone SIMs, Tracker SIMS, Alarm System SIMS and more! No Contract, No Credit Check.""]},{""image"":[""https://m.media-amazon.com/images/S/aplus-media-library-service-media/884ab398-50e9-4629-a681-afe0dce6307d.jpg""],""imageAltText"":[""7.50 Plan""]},{""text"":[""Speedtalk Features"",""Free SIM Card Included"",""- With the purchase of your first month of service, get a free SIM card for your device."",""BYOD, Bring Your Own Device"",""- Our SIM cards are compatible with Apple, Samsung, Windows, Nokia, Motorola, Unlocked ATT, Unlocked T Mobile, and more devices."",""Quick & Simple Set Up"",""- Simple Activation, install the SIM card, then dial, or text away!"",""Live Customer Support"",""- We are here to help you throughout your activation process. We have Live representatives ready to offer support through live calls, live chat, or email."",""Triple Cut SIM Kit"",""- Three In One SIM (fits any device). Standard SIM, Micro SIM and Nano SIM. Just punch out the size you need for your wireless device."",""Port Your Existing Number"",""- You have the option to port-in (keep) your existing phone number or get a new one."",""Nationwide Coverage"",""- Our 5G / 4G LTE service will work within the UNITED STATES. Roaming is available for Canada and Mexico upon request.""]},{""asin"":[""B08FLX9RML"",""B08J6P5PXF"",""B075QNH2HP"",""B08LP1627V"",""B08HW1L5TB""]},{""image"":[""https://m.media-amazon.com/images/S/aplus-media-library-service-media/66cb1df7-0010-4e46-896f-02ea83313bf5.png""],""imageAltText"":[""Coverage""]},{""text"":[""Customer support"",""Our support team is available 7 days a week, 365 days a year. 4:30 AM - 8:30 PM (PDT)."",""SpeedTalk Mobile offers its services through subscription plans which auto-renew every 30 days. Plan begins as soon as you activate your service. You’ll be charged the rate stated at the time of purchase, every month, until you cancel. Cancellations can be made any time by contacting customer support. A valid credit card is required to cover overages in case you exceed the applicable data limit.""]},{""text"":[""Customer support"",""Our support team is available 7 days a week, 365 days a year. 4:30 AM - 8:30 PM (PDT)."",""SpeedTalk Mobile offers its services through subscription plans which auto-renew every 30 days. Plan begins as soon as you activate your service. You’ll be charged the rate stated at the time of purchase, every month, until you cancel. Cancellations can be made any time by contacting customer support. A valid credit card is required to cover overages in case you exceed the applicable data limit.""]}]}]","96","12.2","8.7","0.9","9","1","61","8.9","11.4","0.6","","","","","","","no","no","","no","no","no","no","","","no","-","","","","","","","",""
"1","1","1","1","0 %","0 %","0 %","0 %","","","","","","","","","SpeedTalk-Mobile-Tracking-Locators-Wireless","","B08WGKPL78","","no","no","no","yes","no","no","no","yes","no","yes","no","no","no","no","no","no","no","no","no","no","no","no","no","no","no","no","no","no","no","no","no","no","no","no","no","yes","no","no","no","no","no","no","no","com","https://m.media-amazon.com/images/I/51VpJfz67GL.jpg;https://m.media-amazon.com/images/I/61jRFgzvuXL.jpg;https://m.media-amazon.com/images/I/61xEUcrajKL.jpg;https://m.media-amazon.com/images/I/71xRTg11YES.jpg;https://m.media-amazon.com/images/I/71f98w+szFL.jpg;https://m.media-amazon.com/images/I/71HtAWbhtkL.jpg;https://m.media-amazon.com/images/I/61d+6DxJ61L.jpg","","7","SpeedTalk Mobile Prepaid $5 GSM Sim Card for GPS Tracking Pet Senior Kid Child Car Smart Watch Devices Locators 30-Day Wireless Service","","","Plan includes a total of 250 units. Each unit can be used in any combination of talk/text/data. 250 mins or 250 text or 250 MB 2G 3G 4G 5G LTE Data for 30 days. RATES: USA Domestic : 2 cents/Minute | 2 cents/Text | 2 cents/MB Data * International Roaming: 20 cents/Minute | 2 cents/Text | 4 cents/MB Data.** International Roaming is available with purchase of international Add-on. Compatible with any 2G 3G 4G 5G LTE GSM devices.","U.S.A. Phone Number Included: Get your own U.S. number at activation. Choose a number from your ZIP code, or get one auto assigned to you. Powered by secure U.S.-based company and servers to keep your data protected.","Our service will connect you to our SpeedTalk Network and will work within the United States Canada & Mexico. Works in over 200 Countries with International Roaming.","EASY ACTIVATION: Valid credit card is needed at activation, No contracts, Cancel anytime. Speedtalk Mobile offers its services through subscription plans. You can also call us for assistance 7 days a week LIVE CUSTOMER SUPPORT when you call our toll-free number.","Our SIM cards are designed for use in All Trackers, IoT devices, tablets, PCs, watches, pet trackers, security cameras, trail and game cameras for hunting, 4G routers, GPS devices, car locators, M2M Devices and more. This SIM kit is pre-cut in 3 sizes to fit any device: Standard, Micro and Nano sizes.","No Activation Fee. No Credit Check. No Contract. You have the option to port-in (keep) your existing phone number or get a new number upon activation. Activate and manage your account with our Mobile App, available for iOS, Android and Desktop.","","","","","179116","139020","147330","141107","127950","-1 %","-2 %","-22 %","-29 %","-2,640","-1 %","176476","22196","322125","2","12","3.6","54","27","84","Cell Phones & Accessories","wireless_display_on_website","# 406 | Top 4% | SIM Cards","","","","53","52","51","48","","","","","-","2026/02/12 11:24","2026/05/22 04:42","2026/05/22 04:42","5.00","","5.00","5.00","5.00","5.00","0 %","0 %","0 %","0 %","$ 0.00","0 %","5.00","5.00","5.00","","0 %","IN_STOCK","","-","","SpeedTalk Mobile (98%) / A13X3GVNM9G7YR","","0 %","0 %","0 %","0 %","100 %","100 %","99 %","100 %","1","1","1","1","-","-","-","8","8","8","yes","no","-","","no","no","no","yes","1","0","0","0","0","0","0","0","","","","","","","","","","","","","","","","100 %","1","1","no Amazon offer exists","","5.00","5.00","5.00","5.00","5.00","0 %","0 %","0 %","0 %","$ 0.00","0 %","5.00","5.00","5.00","0 %","","5.00","5.00","5.00","5.00","","","","","","","","5.00","5.00","","-","2.52","15 %","0.75","","","","","","","","","","","","","","","","-","","","","","","","","","","","","","","","","","","","","","","","","","","","","","","","no","","","","","","","","","","","","","","","","100 %","","","","","","","","","","","","","","","","","","","","","","","","","","","","","","","","","","","","","","","","","","","","","","","","","","","","","","","","","","","","","","","","","","","","","","","","","","","","","","","","","","","","","","","","","","","","","","","","","","","5.00","5.00","5.00","5.00","5.00","0 %","0 %","0 %","0 %","$ 0.00","0 %","5.00","5.00","5.00","","","","","","","","","","","","","","","","","","","","","","","","","","","","","","","","","","","","","","","","","","","1","1","1","1","1","1","0 %","0 %","0 %","0 %","1","","","","","","","","","","","","","","","","","","","","","","","","","","","","2021/02/27","2021/02/11","https://www.amazon.com/dp/B08WGKPL78","https://keepa.com/#!product/1-B08WGKPL78","Cell Phones & Accessories","SIM Cards","Cell Phones & Accessories › SIM Cards & Prepaid Minutes › SIM Cards","Wireless","wireless_display_on_website","","0850028221013","","850028221013","","","","0","","","LOCATION_TRACKER","SpeedTalk Mobile","SpeedTalk Mobile","SpeedTalk Mobile","SpeedTalkMobile","https://www.amazon.com/stores/SpeedTalkMobile/page/F3D278F0-9F00-49C0-9A70-02C3A04B24F3","","","","","","","","","","","Plastic","cell-phone-sim-cards","","","","","","","","","","","","","","","3","yes","[{""creator"":""Creator: Main"",""duration"":""25s"",""image"":""https://m.media-amazon.com/images/I/91MwdmLDiPL.png"",""name"":""SpeedTalk Mobile"",""title"":""Introducing the triple-cut SIM card"",""url"":""https://m.media-amazon.com/images/S/vse-vms-transcoding-artifact-us-east-1-prod/d1e2733c-3c87-40ed-87d6-0c40f7b433d4/default.jobtemplate.hls.m3u8""}]","[{""creator"":""Creator: Seller"",""duration"":""25s"",""image"":""https://m.media-amazon.com/images/I/61czzquGXUL.png"",""name"":""SpeedTalk Mobile"",""title"":""How to set the APN settings on your GPS tracker?"",""url"":""https://m.media-amazon.com/images/S/vse-vms-transcoding-artifact-us-east-1-prod/c621f761-1f1b-4d30-bfb8-0d495ca2a43d/default.jobtemplate.hls.m3u8""},{""creator"":""Creator: Seller"",""duration"":""41s"",""image"":""https://m.media-amazon.com/images/I/41NFdbC+dZL.jpg"",""name"":""SpeedTalk Mobile"",""title"":""SpeedTalk Mobile GPS Tracker Plan Sim Card"",""url"":""https://m.media-amazon.com/images/S/vse-vms-transcoding-artifact-us-east-1-prod/c3a7044f-5170-460d-9d4d-419802fb1d76/default.jobtemplate.hls.m3u8""}]","yes","no","[{""fromManufacturer"":false,""module"":[{""asin"":[""B07C32C7ZT"",""B07GL7CCLG"",""B081DCSLWT"",""B09WGX8FKL""]},{""image"":[""https://m.media-amazon.com/images/S/aplus-media-library-service-media/f65bd1cc-c42f-4934-abb0-8c953afebb28.jpg""],""imageAltText"":[""tracker one gps for car sim card, tracker that uses sim, tracking chip for phone, tracking device""]},{""image"":[""https://m.media-amazon.com/images/S/aplus-media-library-service-media/6c912448-0f89-4c48-8cc8-18f5d4743fc8.png""],""imageAltText"":[""tracking device for elderly, tracking device for older adults, trackers for kids,tracker device,""],""text"":[""Our prepaid SIM card can be used with any unlocked 5G 4G LTE GSM device such as but not limited to:"",""GPS Trackers"",""GSM compatible GPS GPRS Trackers"",""Car, Motorcycle and Bike Trackers"",""Seniors, Kids, Adults and Personal GPS Trackers"",""Special Needs GPS Trackers"",""Pet, Dog and Cat Trackers"",""Fleet Trackers"",""Magnetic GPS Tracker for Vehicles and Trailers"",""Asset Trackers"",""Small Portable GPS Tracking Device"",""Lone Worker Trackers"",""Any Unlocked Cellular enabled GPS Trackers""]},{""image"":[""https://m.media-amazon.com/images/S/aplus-media-library-service-media/35ce3d1a-139b-4a90-ac59-ebf67b5b278b.png""],""imageAltText"":[""tracking device in wallet, tracking devices for cars, tracking devices for cars hidden""]},{""image"":[""https://m.media-amazon.com/images/S/aplus-media-library-service-media/3b15e8d1-7a83-4063-9ef3-1def41af1ebe.jpg""],""imageAltText"":[""tracking sim card, triple cut sim, two sim card phone unlocked, universal sim card kit""]},{""image"":[""https://m.media-amazon.com/images/S/aplus-media-library-service-media/aef23ce8-7c7c-46dc-b120-7a0f4015857f.png""],""imageAltText"":[""unlimited data only sim card, unlimited data plan, unlimited data sim, unlimited data sim card""],""text"":[""Majority of GSM GPS trackers today uses cellular technology to remotely communicate with these devices."",""You will need a SIM card to enable tracking services to work and communicate with the tracker remotely via the phone number associated with the SIM card. Some use text messaging to locate the tracker, other devices use data connection. Either way, our service offer voice call, text and nationwide 5G/4G LTE Data."",""Our service will only work within the United States. * International Roaming is available with purchase of international Add-on."",""Check Coverage at STKMap"",""To activate please visit us at ActivateSpeedTalk."",""NOTE: After SIM activation, it may take up to 24-hrs for the GPRS and data settings to sync and update with your device. Make sure you turned on the power of your device in an area with good signal reception."",""Enterprise, Corporate and Affiliate Accounts are available - online account management portal and API’s to manage multiple SIM cards within single account and one main airtime balance."",""SpeedTalk offers its services through subscription plans which auto-renew every 30 days. Service begins as soon as you activate your service. You'll be charged the rate stated at the time of purchase, every month, until you cancel. There is No Contract, Cancellations can be made any time by contacting technical support team. A valid credit card is required to cover overages in case you exceed the applicable Voice, SMS and Data limits. To avoid overage charges, you should purchase the appropriate plan for your anticipated needs.""]},{""image"":[""https://m.media-amazon.com/images/S/aplus-media-library-service-media/9a2dd11a-575d-4841-9eef-2b4a16d65971.png""],""imageAltText"":[""unlimited data sim card for router, unlocked phone sim, unlocked phone with sim""]}]}]","42","12","8.8","0.4","9","1","65","8.9","12.1","0.6","","SIM Card","","","","","no","no","","no","no","no","no","","","no","-","","","","","","","",""
"1","1","1","1","0 %","0 %","0 %","0 %","","","","","","","","","SpeedTalk-Mobile-Data-Only-Card","","B09WGX8FKL","","no","yes","yes","yes","no","no","yes","yes","yes","yes","no","no","no","no","no","no","no","no","no","no","no","no","no","no","no","no","no","no","no","no","no","no","no","no","yes","yes","no","no","no","no","no","no","no","com","https://m.media-amazon.com/images/I/61HEXq8quvL.jpg;https://m.media-amazon.com/images/I/61GYEbcA+DL.jpg;https://m.media-amazon.com/images/I/71RtRr-292S.jpg;https://m.media-amazon.com/images/I/81bYE7NWCtL.jpg;https://m.media-amazon.com/images/I/71f98w+szFL.jpg;https://m.media-amazon.com/images/I/81vf3Sk9niL.jpg;https://m.media-amazon.com/images/I/71vooBnwmmL.jpg;https://m.media-amazon.com/images/I/71Lf1bNfH3L.jpg;https://m.media-amazon.com/images/I/81cNX3ZS30L.jpg","","9","SpeedTalk Mobile Data Only SIM Card Kit - 10GB 4G LTE WiFi Hotspot MiFi Modem Internet Router | Pay As You Go No Contract | 3 in 1 Simcard - Standard Micro Nano | USA Domestic & International Roaming","DATA Only Plan. 10 GB of 5G 4G LTE DATA for 30 days for $30 a month.
SpeedTalk offers customizable wireless plans to fit your needs. Get our Broadband Plans for your home or business, MiFi, 4G Modem or Hotspot, with affordable plans. Cancel anytime, no contracts.

International Roaming: 5 cents/MB - charges will be deducted based on the data used.
*if you use the service while traveling to any of the International Roaming Countries we support, then International Roaming rates will apply.

* You have the choice to enroll into overages auto refill at $8 per 1GB (US Domestic) after you consume the data on your current plan.
* You can use as much data as you need. If you exceeded your data plan, 1GB (1GB Domestic USA data or equivalent International Roaming Data Rates) of data will be added at the same basic rate of $8 to cover for overages.

SpeedTalk Mobile offers its services through subscription plans which auto-renew every 30 days. Plan begins as soon as you activate your SIM card. Plans will auto-renew at the rate stated at the time of purchase, every month, until you cancel. Easy cancellations can be made any time through our website or by contacting customer support. A valid credit card is required at the time of activation.","","10GB of 4G LTE Data (within USA domestic). $30 Monthly","This Data plan is great choice when you need data service on your device. Stay online and connected, you can add more balance when you use the current data (at $8 per 1GB for overages).","Compatible with any 5G 4G LTE devices for home or business, such as but not limited to MiFi, Modem, Router, Hotspot, Laptops or Tablets using Triple Cut SIM card (fits any device – Standard SIM, Micro SIM and Nano SIM)","EASY ACTIVATION: Valid credit card is needed at activation, No contracts, Cancel anytime. Speedtalk Mobile offers its services through subscription plans. You can also call us for assistance 7 days a week LIVE CUSTOMER SUPPORT when you call our toll-free number.","Our service will work within the UNITED STATES. International Roaming is available in over 200 countries. 5 cents/MB - charges will be deducted from your plan balance, based on the data used. If you use the service while traveling to any of the International Roaming Countries we support, then International Roaming rates will apply.","","","","","","85422","321211","291890","264454","301929","56 %","48 %","71 %","73 %","15,029","15 %","100451","45803","585822","2","2","3.4","5","9","23","Cell Phones & Accessories","wireless_display_on_website","# 192 | Top 7% | SIM Cards","","","","5","5","5","4","","","","","-","2025/08/22 16:56","2026/05/27 05:24","2026/01/26 21:56","24.00","","24.00","24.00","24.00","28.38","0 %","0 %","0 %","0 %","$ 0.00","0 %","24.00","24.00","50.00","3","0 %","IN_STOCK","","-","","SpeedTalk Mobile (98%) / A13X3GVNM9G7YR","","0 %","0 %","0 %","0 %","100 %","100 %","100 %","100 %","1","1","1","1","-","-","9.53","8","8","8","yes","no","-","","no","no","no","yes","1","0","0","0","0","0","0","0","","","","","","","","","","","","","","","","100 %","1","1","no Amazon offer exists","","24.00","24.00","24.00","24.00","28.38","0 %","0 %","0 %","0 %","$ 0.00","0 %","24.00","24.00","50.00","0 %","","24.00","24.00","24.00","29.14","","","","","","","","24.00","50.00","3","-","3.86","15 %","3.60","","","","","","","","","","","","","37.50","50.00","","-","","","","","","","","","","","","","40.00","40.00","","","","","","","","","","","","","","","","","no","","","","","","","","","","","","","","","","100 %","","","","","","","","","","","","","","","","","","","","","","","","","","","","","","","","","","","","","","","","","","","","","","","","","","","","","","","","","","","","","","","","","","","","","","","","","","","","","","","","","","","","","","","","","","","","","","","","","","","50.00","50.00","50.00","50.00","50.00","0 %","0 %","0 %","0 %","$ 0.00","0 %","50.00","50.00","50.01","","","","","","","","","","","","","","","","","","","","","","","","","","","","","","","","","","","","","","","","","","","1","1","1","1","1","1","0 %","0 %","0 %","0 %","1","","","","","","","","","","","","","","","","","","","","","","","","","","","","2022/04/07","2021/09/22","https://www.amazon.com/dp/B09WGX8FKL","https://keepa.com/#!product/1-B09WGX8FKL","Cell Phones & Accessories","SIM Cards","Cell Phones & Accessories › SIM Cards & Prepaid Minutes › SIM Cards","Wireless","wireless_display_on_website","","0850028221686","","850028221686","","","","0","","","SIM_CARD","Speedtalk Mobile","SpeedTalk Mobile","SpeedTalk Mobile","SpeedTalkMobile","https://www.amazon.com/stores/SpeedTalkMobile/page/F3D278F0-9F00-49C0-9A70-02C3A04B24F3","","","","","","","","","","","","cell-phone-sim-cards","","","","","","","","","","1","","","","","4","yes","[{""creator"":""Creator: Main"",""duration"":""32s"",""image"":""https://m.media-amazon.com/images/I/815KGYcYwML.png"",""name"":""SpeedTalk Mobile"",""title"":""SpeedTalk Mobile | Data Pland"",""url"":""https://m.media-amazon.com/images/S/vse-vms-transcoding-artifact-us-east-1-prod/a9eb1f02-fbc2-494f-9232-f27f438d99b9/default.jobtemplate.hls.m3u8""}]","[{""creator"":""Creator: Seller"",""duration"":""41s"",""image"":""https://m.media-amazon.com/images/I/41NFdbC+dZL.jpg"",""name"":""SpeedTalk Mobile"",""title"":""SpeedTalk Mobile Data Plan Sim Card Hotspots, WiFi, & MiFi"",""url"":""https://m.media-amazon.com/images/S/vse-vms-transcoding-artifact-us-east-1-prod/c3ee2e36-d104-45cc-bf79-bd6c501a7c90/default.jobtemplate.hls.m3u8""},{""creator"":""Creator: Seller"",""duration"":""25s"",""image"":""https://m.media-amazon.com/images/I/61czzquGXUL.png"",""name"":""SpeedTalk Mobile"",""title"":""How to set the APN settings on your GPS tracker?"",""url"":""https://m.media-amazon.com/images/S/vse-vms-transcoding-artifact-us-east-1-prod/c621f761-1f1b-4d30-bfb8-0d495ca2a43d/default.jobtemplate.hls.m3u8""},{""creator"":""Creator: Seller"",""duration"":""25s"",""image"":""https://m.media-amazon.com/images/I/91MwdmLDiPL.png"",""name"":""SpeedTalk Mobile"",""title"":""Introducing the triple-cut SIM card"",""url"":""https://m.media-amazon.com/images/S/vse-vms-transcoding-artifact-us-east-1-prod/d1e2733c-3c87-40ed-87d6-0c40f7b433d4/default.jobtemplate.hls.m3u8""}]","no","no","","232","12","8.8","2.2","109","1","14","8.5","5.6","0.3","","","","","","","no","no","","no","no","no","no","","","no","-","","","","","","","",""
"1","1","1","1","0 %","0 %","0 %","0 %","","","","","","","","","Tracking-Devices-Locators-Wireless-Service","","B01N5CYDQ9","","no","no","no","yes","no","no","no","yes","no","yes","no","no","no","no","no","no","no","no","no","no","no","no","no","no","no","no","no","no","no","no","no","no","no","no","no","yes","no","no","no","no","no","no","no","com","https://m.media-amazon.com/images/I/51AyOd5SY5L.jpg;https://m.media-amazon.com/images/I/614IUjsrC7L.jpg;https://m.media-amazon.com/images/I/71N2WNJmAzL.jpg;https://m.media-amazon.com/images/I/71haHPzss5L.jpg;https://m.media-amazon.com/images/I/71f98w+szFL.jpg;https://m.media-amazon.com/images/I/71HtAWbhtkL.jpg;https://m.media-amazon.com/images/I/61OVVtmMI5L.jpg;https://m.media-amazon.com/images/I/61d+6DxJ61L.jpg","","8","$7.50 GSM SIM Card for GPS Tracking Pet Senior Kid Child Car Smart Watch Devices Locators 30-Day Wireless Service","","","Preloaded 30-Day wireless service at 2 Cents/Call, 2 Cents/Text, 2 Cents/MB Data of 4G LTE Data. That's 375 minutes or 375 texts or 375 MB Data.","U.S.A. Phone Number Included: Get your own U.S. number at activation. Choose a number from your ZIP code, or get one auto assigned to you. Powered by secure U.S.-based company and servers to keep your data protected.","Our SIM cards are designed for users that need a minimal amount of airtime each month/year. SiIM is pre-cut in 3 sizes to fit any device, standard-sized SIM, Micro-sized SIM or/and a Nano-sized SIM card.","EASY ACTIVATION: Valid credit card is needed at activation, No contracts, Cancel anytime. Speedtalk Mobile offers its services through subscription plans. You can also call us for assistance 7 days a week LIVE CUSTOMER SUPPORT when you call our toll-free number.","Supports GPS tracking devices such as but not limited to vehicle trackers, kid/pets tracker, personal tracker, senior tracker.","No Activation fee. No Credit Check. No Contract.","","","","","399857","317956","393592","278845","310489","0 %","0 %","-2 %","-26 %","-178,459","-81 %","221398","58035","446309","0","1","3.4","185","9","15","Cell Phones & Accessories","wireless_display_on_website","# 835 | Top 9% | SIM Cards","","","","186","186","186","186","","","","","-","2026/02/06 03:30","2026/05/08 08:30","2026/05/04 15:56","7.50","","7.50","7.50","7.50","7.50","0 %","0 %","0 %","0 %","$ 0.00","0 %","7.50","5.75","11.99","","0 %","IN_STOCK","","-","","SpeedTalk Mobile (98%) / A13X3GVNM9G7YR","","0 %","0 %","0 %","0 %","100 %","100 %","98 %","99 %","1","1","1","1","-","-","-","8","8","8","yes","no","-","","no","no","no","yes","1","0","0","0","0","0","0","0","","","","","","","","","","","","","","","","100 %","1","1","no Amazon offer exists","","7.50","7.50","7.50","7.50","7.50","0 %","0 %","0 %","0 %","$ 0.00","0 %","7.50","5.75","11.99","0 %","","7.50","7.50","7.50","7.50","","","","","","","","5.75","11.99","","-","2.52","15.07 %","1.13","","","","","","","","","","","","","5.75","11.99","","-","","","","","","","","","","","","","","","","","","","","","","","","","","","","","","","no","","","","","","","","","","","","","","2.16","10.19","100 %","","","","","","","","","","","","","2.16","5.46","","","","","","","","","","","","","","","","","","","","","","","","","","","","","","","","","","","","","","","","","","","","","","","","","","","","","","","2.16","5.46","","","","","","","","","","","","","","","","","","","","","","","","","","","","","7.50","7.50","7.50","7.50","7.50","0 %","0 %","0 %","0 %","$ 0.00","0 %","7.50","7.50","11.99","","","","","","","","","","","","","0.84","0.84","","","","","","","","","","","","","","","","","","","","","","","","","","","","","1","1","1","1","2","2","0 %","0 %","0 %","0 %","1","","","","","","","","","","","","","","","","","","","","","","","","","","","","2016/12/09","2016/12/08","https://www.amazon.com/dp/B01N5CYDQ9","https://keepa.com/#!product/1-B01N5CYDQ9","Cell Phones & Accessories","SIM Cards","Cell Phones & Accessories › SIM Cards & Prepaid Minutes › SIM Cards","Wireless","wireless_display_on_website","","0793052169961","","793052169961","9264","","","0","","","SIM_CARD","SpeedTalk Mobile","SpeedTalk Mobile","SpeedTalk Mobile","SpeedTalkMobile","https://www.amazon.com/stores/SpeedTalkMobile/page/F3D278F0-9F00-49C0-9A70-02C3A04B24F3","9264","","","","","","","","","","","cell-phone-sim-cards","","","","","","","","","","","","","","","3","yes","[{""creator"":""Creator: Main"",""duration"":""25s"",""image"":""https://m.media-amazon.com/images/I/91MwdmLDiPL.png"",""name"":""SpeedTalk Mobile"",""title"":""Introducing the triple-cut SIM card"",""url"":""https://m.media-amazon.com/images/S/vse-vms-transcoding-artifact-us-east-1-prod/d1e2733c-3c87-40ed-87d6-0c40f7b433d4/default.jobtemplate.hls.m3u8""}]","[{""creator"":""Creator: Seller"",""duration"":""25s"",""image"":""https://m.media-amazon.com/images/I/61czzquGXUL.png"",""name"":""SpeedTalk Mobile"",""title"":""How to set the APN settings on your GPS tracker?"",""url"":""https://m.media-amazon.com/images/S/vse-vms-transcoding-artifact-us-east-1-prod/c621f761-1f1b-4d30-bfb8-0d495ca2a43d/default.jobtemplate.hls.m3u8""},{""creator"":""Creator: Seller"",""duration"":""41s"",""image"":""https://m.media-amazon.com/images/I/41NFdbC+dZL.jpg"",""name"":""SpeedTalk Mobile"",""title"":""SpeedTalk Mobile GPS Trackers Sim Card"",""url"":""https://m.media-amazon.com/images/S/vse-vms-transcoding-artifact-us-east-1-prod/70cb682b-4178-4065-a713-26512df32ae6/default.jobtemplate.hls.m3u8""}]","yes","no","[{""fromManufacturer"":false,""module"":[{""asin"":[""B07C32C7ZT"",""B07GL7CCLG"",""B081DCSLWT"",""B09WGX8FKL""]},{""image"":[""https://m.media-amazon.com/images/S/aplus-media-library-service-media/f65bd1cc-c42f-4934-abb0-8c953afebb28.jpg""],""imageAltText"":[""tracker one gps for car sim card, tracker that uses sim, tracking chip for phone, tracking device""]},{""image"":[""https://m.media-amazon.com/images/S/aplus-media-library-service-media/6c912448-0f89-4c48-8cc8-18f5d4743fc8.png""],""imageAltText"":[""tracking device for elderly, tracking device for older adults, trackers for kids,tracker device,""],""text"":[""Our prepaid SIM card can be used with any unlocked 5G 4G LTE GSM device such as but not limited to:"",""GPS Trackers"",""GSM compatible GPS GPRS Trackers"",""Car, Motorcycle and Bike Trackers"",""Seniors, Kids, Adults and Personal GPS Trackers"",""Special Needs GPS Trackers"",""Pet, Dog and Cat Trackers"",""Fleet Trackers"",""Magnetic GPS Tracker for Vehicles and Trailers"",""Asset Trackers"",""Small Portable GPS Tracking Device"",""Lone Worker Trackers"",""Any Unlocked Cellular enabled GPS Trackers""]},{""image"":[""https://m.media-amazon.com/images/S/aplus-media-library-service-media/35ce3d1a-139b-4a90-ac59-ebf67b5b278b.png""],""imageAltText"":[""tracking device in wallet, tracking devices for cars, tracking devices for cars hidden""]},{""image"":[""https://m.media-amazon.com/images/S/aplus-media-library-service-media/3b15e8d1-7a83-4063-9ef3-1def41af1ebe.jpg""],""imageAltText"":[""tracking sim card, triple cut sim, two sim card phone unlocked, universal sim card kit""]},{""image"":[""https://m.media-amazon.com/images/S/aplus-media-library-service-media/aef23ce8-7c7c-46dc-b120-7a0f4015857f.png""],""imageAltText"":[""unlimited data only sim card, unlimited data plan, unlimited data sim, unlimited data sim card""],""text"":[""Majority of GSM GPS trackers today uses cellular technology to remotely communicate with these devices."",""You will need a SIM card to enable tracking services to work and communicate with the tracker remotely via the phone number associated with the SIM card. Some use text messaging to locate the tracker, other devices use data connection. Either way, our service offer voice call, text and nationwide 5G/4G LTE Data."",""Our service will only work within the United States. * International Roaming is available with purchase of international Add-on."",""Check Coverage at STKMap"",""To activate please visit us at ActivateSpeedTalk."",""NOTE: After SIM activation, it may take up to 24-hrs for the GPRS and data settings to sync and update with your device. Make sure you turned on the power of your device in an area with good signal reception."",""Enterprise, Corporate and Affiliate Accounts are available - online account management portal and API’s to manage multiple SIM cards within single account and one main airtime balance."",""SpeedTalk offers its services through subscription plans which auto-renew every 30 days. Service begins as soon as you activate your service. You'll be charged the rate stated at the time of purchase, every month, until you cancel. There is No Contract, Cancellations can be made any time by contacting technical support team. A valid credit card is required to cover overages in case you exceed the applicable Voice, SMS and Data limits. To avoid overage charges, you should purchase the appropriate plan for your anticipated needs.""]},{""image"":[""https://m.media-amazon.com/images/S/aplus-media-library-service-media/9a2dd11a-575d-4841-9eef-2b4a16d65971.png""],""imageAltText"":[""unlimited data sim card for router, unlocked phone sim, unlocked phone with sim""]}]}]","11","11.9","8.9","0.1","23","1","65","8.9","12.1","0.6","","","","","","","no","no","","no","no","no","no","","","no","-","","","","","","","",""
"1","1","1","1","0 %","0 %","0 %","0 %","","","","","","","","","Kids-Smart-Watch-Smartwatches-Wearables","","B07K2HKJRN","","no","no","no","yes","no","no","no","yes","no","yes","no","no","no","no","no","no","no","no","no","no","no","no","no","no","no","no","no","no","no","no","no","no","no","no","no","yes","no","no","no","no","no","no","no","com","https://m.media-amazon.com/images/I/51C8yCAb6gL.jpg;https://m.media-amazon.com/images/I/71RtRr-292S.jpg;https://m.media-amazon.com/images/I/71xRTg11YES.jpg;https://m.media-amazon.com/images/I/81IhyUa3jKL.jpg;https://m.media-amazon.com/images/I/71f98w+szFL.jpg;https://m.media-amazon.com/images/I/81UtmmINOsL.jpg;https://m.media-amazon.com/images/I/615LFqmIqwL.jpg;https://m.media-amazon.com/images/I/71yxeGBeF2L.jpg","","8","SpeedTalk Mobile Kids Smart Watch SIM Card for 4G LTE GSM Smartwatches and Wearables - 12 Months Service","","","Kids Plan includes 50 Minutes & 100 Text & 100MB every month in 12 months; SIM & Plan is compatible with 4G 5G LTE GSM Kids Smart watches and Wearables.","U.S.A. Phone Number Included: Get your own U.S. number at activation. Choose a number from your ZIP code, or get one auto assigned to you. Powered by secure U.S.-based company and servers to keep your data protected.","EASY ACTIVATION: Valid credit card is needed at activation, No contracts, Cancel anytime. Speedtalk Mobile offers its services through subscription plans. You can also call us for assistance 7 days a week LIVE CUSTOMER SUPPORT when you call our toll-free number.","No Activation Fee. No Credit Check. No Contract. You have the option to port-in (keep) your existing phone number or get a new number upon activation. FREE Mobile App to manage your account.","Punch out the 3 in 1 ready to use SIM card. Standard SIM, Micro SIM and Nano SIM.","Service will work within the United States. Check Coverage at STKMap","","","","","139042","226761","302066","219065","217441","-73 %","46 %","54 %","39 %","143,444","51 %","282486","39882","342851","1","6","2.8","42","12","28","Cell Phones & Accessories","wireless_display_on_website","# 311 | Top 7% | SIM Cards","","","","42","42","42","41","","","","","-","2026/04/10 03:00","2026/05/02 04:36","2026/04/11 09:34","60.00","","60.00","60.00","60.00","60.00","0 %","0 %","0 %","0 %","$ 0.00","0 %","60.00","38.39","63.99","","8 %","IN_STOCK","","-","","SpeedTalk Mobile (98%) / A13X3GVNM9G7YR","","0 %","0 %","0 %","0 %","100 %","93 %","96 %","98 %","1","1","1","1","-","-","-","8","8","8","yes","no","-","","no","no","no","yes","1","0","0","0","0","0","0","0","","","","","","","","","","","","","","","","100 %","1","1","no Amazon offer exists","","60.00","60.00","60.00","60.00","60.00","0 %","0 %","0 %","0 %","$ 0.00","0 %","60.00","38.39","63.99","8 %","","60.00","60.00","60.00","60.00","","","","","","","","38.39","63.99","","-","4.62","15 %","9.00","","","","","","","","","","","","","38.39","63.99","","-","","","","","","","","","","","","","","","","","","","","","","","","","","","","","","","no","","","","","","","","","","","","","","","","100 %","","","","","","","","","","","","","","","","","","","","","","","","","","","","","","","","","","","","","","","","","","","","","","","","","","","","","","","","","","","","","","","","","","","","","","","","","","","","","","","","","","","","","","","","","","","","","","","","","","","60.00","60.00","60.00","60.00","60.00","0 %","0 %","0 %","0 %","$ 0.00","0 %","60.00","60.00","63.99","","","","","","","","","","","","","","","","","","","","","","","","","","","","","","","","","","","","","","","","","","","1","1","1","1","1","1","0 %","0 %","0 %","0 %","1","","","","","","","","","","","","","","","","","","","","","","","","","","","","2018/11/05","2018/11/01","https://www.amazon.com/dp/B07K2HKJRN","https://keepa.com/#!product/1-B07K2HKJRN","Cell Phones & Accessories","SIM Cards","Cell Phones & Accessories › SIM Cards & Prepaid Minutes › SIM Cards","Wireless","wireless_display_on_website","","0793052173050","","793052173050",".","","","0","","","SIM_CARD","SpeedTalk Mobile","Padfender","","","",".","","","","1","Count","","","","Modern","","cell-phone-sim-cards","","","","","","","","","","1","","","","","0","no","","","yes","no","[{""fromManufacturer"":false,""module"":[{""asin"":[""B07JYMMWR7"",""B07FCWK5LC"",""B07K2HKJRN""]},{""image"":[""https://m.media-amazon.com/images/S/aplus-media-library-service-media/78f55eca-08ce-44f4-9928-e8813c9415ba.png""],""imageAltText"":[""B07K2HKJRN""]},{""image"":[""https://m.media-amazon.com/images/S/aplus-media-library-service-media/aa2897fd-35bc-4227-9f03-63253c96a2db.png""],""imageAltText"":[""B07K2HKJRN""]},{""image"":[""https://m.media-amazon.com/images/S/aplus-media-library-service-media/75b79715-4ae3-4a94-90fc-d207cbbde8eb.png""],""imageAltText"":[""sim card""]},{""image"":[""https://m.media-amazon.com/images/S/aplus-media-library-service-media/bcda52bb-9309-4b3b-a391-d785c76eeaf5.png""],""imageAltText"":[""Universal 3 in 1 SIM Card""]},{""image"":[""https://m.media-amazon.com/images/S/aplus-media-library-service-media/cc5ebbfd-d6b1-4bfa-94b3-c8cdf76c1c23.png""],""imageAltText"":[""Custromer Assitance""]},{""image"":[""https://m.media-amazon.com/images/S/aplus-media-library-service-media/1624e0c1-deb9-459a-930f-583b66a6c8c8.png"",""https://m.media-amazon.com/images/S/aplus-media-library-service-media/5eb5fee1-f334-47b1-9dc3-11dd5951fde5.png"",""https://m.media-amazon.com/images/S/aplus-media-library-service-media/1f6f2929-fbf3-48e1-9795-46b975df4692.png"",""https://m.media-amazon.com/images/S/aplus-media-library-service-media/f527ad6b-142a-4d8e-a931-dee81dbe33b0.png""],""imageAltText"":[""Step 1 Activation"",""Step 2 Activation"",""Step 3 Activation"",""Step 4 ACtivation""]}]}]","1516","12.7","12.7","9.4","18","1","14","8.5","5.6","0.3","18","","","","","","no","no","","no","no","no","no","","","no","-","","","","","","","",""
"1","1","1","1","0 %","0 %","0 %","0 %","","","","","","","","","SpeedTalk-Mobile-Tracker-SIM-Plan","","B09VN231V3","","no","no","no","yes","no","no","no","yes","no","yes","no","no","no","no","no","no","no","no","no","no","no","no","no","no","no","no","no","no","no","no","no","no","no","no","no","yes","no","no","no","no","no","no","no","com","https://m.media-amazon.com/images/I/71euWpKcqeL.jpg;https://m.media-amazon.com/images/I/71rmmgkfalL.jpg;https://m.media-amazon.com/images/I/81bYE7NWCtL.jpg;https://m.media-amazon.com/images/I/81oSWSIsGmL.jpg;https://m.media-amazon.com/images/I/71f98w+szFL.jpg;https://m.media-amazon.com/images/I/81cNX3ZS30L.jpg;https://m.media-amazon.com/images/I/81RZ9+YJ9iL.jpg;https://m.media-amazon.com/images/I/615LFqmIqwL.jpg;https://m.media-amazon.com/images/I/71Lf1bNfH3L.jpg","","9","SpeedTalk Mobile Tracker SIM Card for 5G 4G LTE GSM Pet Senior Kids Car Smart Watch GPS Tracking Devices Locators | Talk Text Data | 3 in 1 Simcard Standard Micro Nano | 30 Days Wireless Service Plan","Majority of GSM GPS tracker today uses cellular technology to remotely communicate with these devices.
You will need a SIM card to enable tracking services to work and communicate with the tracker remotely via the phone number associated with the SIM card. Some use text messaging to locate the tracker, other devices use data connection. Either way, our service offer voice call, text and nationwide 4G 5G LTE Data.
Our service will work within the United States including Canada & Mexico roaming.
Check Coverage at STKMap

To activate please visit us at ActivateSpeedTalk.
After SIM activation, it may take up to 24 hrs for the GPRS and data settings to sync and update with your device. Make sure to turn on your device in an area with strong reception.
Our SIM cards can be used with any GSM tracking device such as but not limited to:
GPS Trackers Kid GPS Trackers Pet Trackers Trackers for Seniors Car Alarm Systems Smart Watches

Buyer needs to contact the manufacturer or seller of their (defective/not working) 3rd party device.

SpeedTalk Mobile offers its services through subscription plans which auto-renew every 30 days. Plan begins as soon as you activate your SIM card. Plans will auto-renew at the rate stated at the time of purchase, every month, until you cancel. Easy cancellations can be made any time through our website or by contacting customer support. A valid credit card is required at the time of activation.","","Plan includes UNLIMITED DATA for 30 days. This SIM is for GPS TRACKERS USE ONLY. Compatible with any 4G 5G LTE GSM devices.","U.S.A. Phone Number Included: Get your own U.S. number at activation. Choose a number from your ZIP code, or get one auto assigned to you. Powered by secure U.S.-based company and servers to keep your data protected.","Our service will connect you to our SpeedTalk Network and will work within the United States Canada & Mexico. Works in over 200 Countries with International Roaming.","EASY ACTIVATION: Valid credit card is needed at activation, No contracts, Cancel anytime. Speedtalk Mobile offers its services through subscription plans. You can also call us for assistance 7 days a week LIVE CUSTOMER SUPPORT when you call our toll-free number.","Our SIM cards are designed for use in All Trackers, IoT devices, tablets, PCs, watches, pet trackers, security cameras, trail and game cameras for hunting, 4G routers, GPS devices, car locators, M2M Devices and more. This SIM kit is pre-cut in 3 sizes to fit any device: Standard, Micro and Nano sizes.","You have the option to port-in (keep) your existing phone number or get a new number upon activation. Activate and manage your account with our Mobile App, available for iOS, Android and Desktop.","","","","","445486","372632","417185","351315","315907","-1 %","-2 %","-7 %","-20 %","-172,045","-63 %","273441","37173","445486","0","1","3.2","16","1","15","Electronics","ce_display_on_website","# 1,916 | Top 24% | GPS Trackers","","","","16","16","14","13","","","","","-","2026/02/14 14:34","2026/05/25 22:32","2026/05/09 09:56","10.00","","10.00","10.00","10.00","10.00","0 %","0 %","0 %","0 %","$ 0.00","0 %","10.00","10.00","10.00","","0 %","IN_STOCK","","-","","SpeedTalk Mobile (98%) / A13X3GVNM9G7YR","","0 %","0 %","0 %","0 %","100 %","100 %","100 %","100 %","1","1","1","1","-","-","-","8","8","8","yes","no","-","","no","no","no","yes","1","0","0","0","0","0","0","0","","","","","","","","","","","","","","","","100 %","1","1","no Amazon offer exists","","10.00","10.00","10.00","10.00","10.00","0 %","0 %","0 %","0 %","$ 0.00","0 %","10.00","10.00","10.00","0 %","","10.00","10.00","10.00","10.00","","","","","","","","10.00","10.00","","-","3.44","15 %","1.50","","","","","","","","","","","","","10.00","10.00","","-","","","","","","","","","","","","","","","","","","","","","","","","","","","","","","","no","","","","","","","","","","","","","","","","100 %","","","","","","","","","","","","","","","","","","","","","","","","","","","","","","","","","","","","","","","","","","","","","","","","","","","","","","","","","","","","","","","","","","","","","","","","","","","","","","","","","","","","","","","","","","","","","","","","","","","10.00","10.00","10.00","10.00","10.00","0 %","0 %","0 %","0 %","$ 0.00","0 %","10.00","10.00","10.00","","","","","","","","","","","","","","","","","","","","","","","","","","","","","","","","","","","","","","","","","","","1","1","1","1","1","1","0 %","0 %","0 %","0 %","1","","","","","","","","","","","","","","","","","","","","","","","","","","","","2022/03/17","2016/06/23","https://www.amazon.com/dp/B09VN231V3","https://keepa.com/#!product/1-B09VN231V3","Electronics","GPS Trackers","Electronics › GPS, Finders & Accessories › GPS Trackers","Wireless","wireless_display_on_website","","0850028221679","","850028221679","9216","","","0","","","SIM_CARD","SpeedTalk Mobile","SpeedTalk Mobile","SpeedTalk Mobile","SpeedTalkMobile","https://www.amazon.com/stores/SpeedTalkMobile/page/F3D278F0-9F00-49C0-9A70-02C3A04B24F3","$10 Tracker SIM Plan","","","","","","","","","","","gps-trackers","","","","","","","","","","1","","","","","3","yes","[{""creator"":""Creator: Main"",""duration"":""25s"",""image"":""https://m.media-amazon.com/images/I/91MwdmLDiPL.png"",""name"":""SpeedTalk Mobile"",""title"":""Introducing the triple-cut SIM card"",""url"":""https://m.media-amazon.com/images/S/vse-vms-transcoding-artifact-us-east-1-prod/d1e2733c-3c87-40ed-87d6-0c40f7b433d4/default.jobtemplate.hls.m3u8""}]","[{""creator"":""Creator: Seller"",""duration"":""25s"",""image"":""https://m.media-amazon.com/images/I/61czzquGXUL.png"",""name"":""SpeedTalk Mobile"",""title"":""How to set the APN settings on your GPS tracker?"",""url"":""https://m.media-amazon.com/images/S/vse-vms-transcoding-artifact-us-east-1-prod/c621f761-1f1b-4d30-bfb8-0d495ca2a43d/default.jobtemplate.hls.m3u8""},{""creator"":""Creator: Seller"",""duration"":""41s"",""image"":""https://m.media-amazon.com/images/I/41NFdbC+dZL.jpg"",""name"":""SpeedTalk Mobile"",""title"":""Speedtalk Mobile GPS Trackers for Pets, Seniors, Cars, Kids"",""url"":""https://m.media-amazon.com/images/S/vse-vms-transcoding-artifact-us-east-1-prod/a74cc741-5e04-44b6-ba7c-51bf9e3618b3/default.jobtemplate.hls.m3u8""}]","no","no","","46","14.2","10.8","0.3","18","0","14","8.5","5.6","0.3","","","","","","","no","no","","no","no","no","no","","","no","-","","","","","","","",""
"1","1","1","1","0 %","0 %","0 %","0 %","","","","","","","","","SpeedTalk-Mobile-7-50-Tracker-Card","","B07K3XM61V","","no","no","no","yes","no","no","no","yes","no","yes","no","no","no","no","no","no","no","no","no","no","no","no","no","no","no","no","no","no","no","no","no","no","no","no","no","yes","no","no","no","no","no","no","no","com","https://m.media-amazon.com/images/I/51fp8HkVvrL.jpg;https://m.media-amazon.com/images/I/71rmmgkfalL.jpg;https://m.media-amazon.com/images/I/71xRTg11YES.jpg;https://m.media-amazon.com/images/I/71f98w+szFL.jpg;https://m.media-amazon.com/images/I/81oSWSIsGmL.jpg;https://m.media-amazon.com/images/I/81RZ9+YJ9iL.jpg;https://m.media-amazon.com/images/I/81cNX3ZS30L.jpg;https://m.media-amazon.com/images/I/615LFqmIqwL.jpg;https://m.media-amazon.com/images/I/71yxeGBeF2L.jpg","","9","SpeedTalk Mobile $7.50 Pet GPS Tracker SIM Card | 3 in 1 Simcard Standard, Micro, Nano - GSM 4G 5G LTE for Dog Cat Tracking and Activity Devices - Canada and Mexico Roaming","If you own a GSM (standalone) Pet tracker - GPS device, you will need a wireless plan to enable tracking services to work and communicate with the tracker remotely via the phone number associated with the SIM card. Some devices use text messaging to locate the tracker, others use data connection. Either way, our service offer VOICE CALL, TEXT and 4G LTE DATA.

Preloaded with $7.50 CREDIT
175 TEXT | 25 Minutes CALL | 175 MB DATA for 30 DAYS. Canada and Mexico Roaming Service must be activated in the United States. Check Coverage Map at STKMap. To activate please visit us at ActivateSpeedTalk.

After SIM activation, it may take up to 24 hours for the GPRS and data settings to sync and update with your device. Make sure to turn on your device in an area with good reception.

SpeedTalk Mobile offers its services through subscription plans which auto-renew every 30 days. Plan begins as soon as you activate your SIM card. Plans will auto-renew at the rate stated at the time of purchase, every month, until you cancel. Easy cancellations can be made any time through our website or by contacting customer support. A valid credit card is required at the time of activation.","","175 TEXT | 25 Minutes CALL | 175 MB DATA (Domestic) | Canada and Mexico Roaming. Compatible with any 4G 5G LTE GSM device. (2G 3G service based on coverage availability, please check coverage on STKMAP)","Our service will connect you to our SpeedTalk Network and will work within the United States Canada & Mexico. Works in over 200 Countries with International Roaming.","EASY ACTIVATION: Valid credit card is needed at activation, No contracts, Cancel anytime. Speedtalk Mobile offers its services through subscription plans. You can also call us for assistance 7 days a week LIVE CUSTOMER SUPPORT when you call our toll-free number.","Our SIM cards are designed for use in All Trackers, IoT devices, tablets, PCs, watches, pet trackers, security cameras, trail and game cameras for hunting, 4G routers, GPS devices, car locators, M2M Devices and more. This SIM kit is pre-cut in 3 sizes to fit any device: Standard, Micro and Nano sizes.","No Activation Fee. No Credit Check. No Contract. You have the option to port-in (keep) your existing phone number or get a new number upon activation. Activate and manage your account with our Mobile App, available for iOS, Android and Desktop.","","","","","","292175","331681","298111","298520","324499","-46 %","-29 %","2 %","12 %","-15,217","-5 %","276958","52948","1164747","2","2","3.2","5","7","16","Electronics","ce_display_on_website","# 1,423 | Top 18% | GPS Trackers","","","","5","5","5","5","","","","","-","2026/02/14 12:28","2026/05/18 04:48","2026/05/02 23:08","7.50","","7.50","7.50","7.50","7.50","0 %","0 %","0 %","0 %","$ 0.00","0 %","7.50","6.00","11.99","","0 %","IN_STOCK","","-","","SpeedTalk Mobile (98%) / A13X3GVNM9G7YR","","0 %","0 %","0 %","0 %","100 %","100 %","100 %","100 %","1","1","1","1","-","-","-","8","8","8","yes","no","-","","no","no","no","yes","1","0","0","0","0","0","0","0","","","","","","","","","","","","","","","","100 %","1","1","no Amazon offer exists","","7.50","7.50","7.50","7.50","7.50","0 %","0 %","0 %","0 %","$ 0.00","0 %","7.50","6.00","11.99","0 %","","7.50","7.50","7.50","7.50","","","","","","","","6.00","11.99","","-","2.52","8 %","0.60","","","","","","","","","","","","","6.00","11.99","","-","","","","","","","","","","","","","","","","","","","","","","","","","","","","","","","no","","","","","","","","","","","","","","6.35","6.50","100 %","","","","","","","","","","","","","6.50","6.50","","","","","","","","","","","","","","","","","","","","","","","","","","","","","","","","","","","","","","","","","","","","","","","","","","","","","","","6.50","6.50","","","","","","","","","","","","","","","","","","","","","","","","","","","","","7.50","7.50","7.50","7.50","7.50","0 %","0 %","0 %","0 %","$ 0.00","0 %","7.50","7.50","11.99","","","","","","","","","","","","","","","","","","","","","","","","","","","","","","","","","","","","","","","","","","","1","1","1","1","1","1","0 %","0 %","0 %","0 %","1","","","","","","","","","","","","","","","","","","","","","","","","","","","","2018/11/05","2018/11/01","https://www.amazon.com/dp/B07K3XM61V","https://keepa.com/#!product/1-B07K3XM61V","Electronics","GPS Trackers","Electronics › GPS, Finders & Accessories › GPS Trackers","Wireless","wireless_display_on_website","","0793052173074","","793052173074","","","","0","","","LOCATION_TRACKER","SpeedTalk Mobile","SpeedTalk Mobile","SpeedTalk Mobile","SpeedTalkMobile","https://www.amazon.com/stores/SpeedTalkMobile/page/F3D278F0-9F00-49C0-9A70-02C3A04B24F3","","","","","","","","","","","Plastic","gps-trackers","","","","","","","","","","","","","","","3","yes","[{""creator"":""Creator: Main"",""duration"":""25s"",""image"":""https://m.media-amazon.com/images/I/91MwdmLDiPL.png"",""name"":""SpeedTalk Mobile"",""title"":""Introducing the triple-cut SIM card"",""url"":""https://m.media-amazon.com/images/S/vse-vms-transcoding-artifact-us-east-1-prod/d1e2733c-3c87-40ed-87d6-0c40f7b433d4/default.jobtemplate.hls.m3u8""}]","[{""creator"":""Creator: Seller"",""duration"":""41s"",""image"":""https://m.media-amazon.com/images/I/41NFdbC+dZL.jpg"",""name"":""SpeedTalk Mobile"",""title"":""SpeedTalk Mobile GPS Tracker Plan Sim Card"",""url"":""https://m.media-amazon.com/images/S/vse-vms-transcoding-artifact-us-east-1-prod/c3a7044f-5170-460d-9d4d-419802fb1d76/default.jobtemplate.hls.m3u8""},{""creator"":""Creator: Seller"",""duration"":""25s"",""image"":""https://m.media-amazon.com/images/I/61czzquGXUL.png"",""name"":""SpeedTalk Mobile"",""title"":""How to set the APN settings on your GPS tracker?"",""url"":""https://m.media-amazon.com/images/S/vse-vms-transcoding-artifact-us-east-1-prod/c621f761-1f1b-4d30-bfb8-0d495ca2a43d/default.jobtemplate.hls.m3u8""}]","no","no","","11","12.7","8.6","0.1","23","1","14","8.5","5.6","0.3","","SIM Card","","","","","no","no","","no","no","no","no","","","no","-","","","","","","","",""
"1","1","1","1","0 %","0 %","0 %","0 %","","","","","","","","","SpeedTalk-Mobile-Hotspot-Internet-Contract","","B081DCSLWT","","no","no","no","yes","no","no","no","yes","no","yes","no","no","no","no","no","no","no","no","no","no","no","no","no","no","no","no","no","no","no","no","no","no","no","no","no","yes","no","no","no","no","no","no","no","com","https://m.media-amazon.com/images/I/617bUz917SL.jpg;https://m.media-amazon.com/images/I/61t+M35v4tL.jpg;https://m.media-amazon.com/images/I/71SnmBCWISL.jpg;https://m.media-amazon.com/images/I/71Wu0NkD25L.jpg;https://m.media-amazon.com/images/I/71f98w+szFL.jpg;https://m.media-amazon.com/images/I/61V872UrOzL.jpg;https://m.media-amazon.com/images/I/615VN75jZVL.jpg;https://m.media-amazon.com/images/I/81vf3Sk9niL.jpg","","8","SpeedTalk Mobile Hotspot Internet Data SIM Card for 4G WiFi MiFi Modem Router USB Sticks Laptops Tablet | 30 Days No Contract 3 in 1 Simcard - Standard Micro Nano | USA & International Roaming (3GB)","","","Budget-Friendly 30-Day Plan: Includes 3GB of 5G/4G/LTE data for 30 days of dependable service. A great choice for staying connected!","𝐓𝐑𝐈𝐏𝐋𝐄‐𝐂𝐔𝐓 𝐒𝐈𝐌 𝐂𝐀𝐑𝐃: Compatible with any IoT devices such as but not limited to Android, Apple, or Windows unlocked devices, MiFi, LTE Router or Hotspot. The SIM card can be used as a standard-sized SIM, a Micro-sized SIM or a Nano-sized SIM.","𝐂𝐎𝐀𝐒𝐓‐𝐓𝐎‐𝐂𝐎𝐀𝐒𝐓 𝐂𝐎𝐕𝐄𝐑𝐀𝐆𝐄: SpeedTalk Mobile offers 5G/4G/LTE/ CAT-M connective technology with nationwide USA coverage and free roaming in Canada and Mexico when traveling. 2G/3G available in some areas. Check coverage at STKMap. International roaming available upon request.","EASY ACTIVATION: Valid credit card is needed at activation, No contracts, Cancel anytime. Speedtalk Mobile offers its services through subscription plans. You can also call us for assistance 7 days a week LIVE CUSTOMER SUPPORT when you call our toll-free number.","𝐂𝐔𝐒𝐓𝐎𝐌𝐄𝐑 𝐒𝐔𝐏𝐏𝐎𝐑𝐓: We have live representatives available 7 days a week to assist you via phone, email or chat.","","","","","","171613","209433","122093","242348","364800","-19 %","-45 %","-41 %","18 %","428,152","71 %","599765","47216","603432","6","14","3","27","23","28","Cell Phones & Accessories","wireless_display_on_website","# 385 | Top 3% | SIM Cards","","","","27","27","27","26","","","","","-","2025/12/02 11:44","2026/05/22 11:04","2026/05/07 22:28","10.00","","10.00","10.00","10.00","13.87","0 %","0 %","0 %","0 %","$ 0.00","0 %","10.00","10.00","20.00","","0 %","IN_STOCK","","-","","SpeedTalk Mobile (98%) / A13X3GVNM9G7YR","","0 %","0 %","0 %","0 %","100 %","100 %","100 %","91 %","1","1","1","1","-","-","4.67","8","8","8","yes","no","-","","no","no","no","yes","1","0","0","0","0","0","0","0","","","","","","","","","","","","","","","","100 %","1","1","no Amazon offer exists","","10.00","10.00","10.00","10.00","13.87","0 %","0 %","0 %","0 %","$ 0.00","0 %","10.00","10.00","27.99","0 %","","10.00","10.00","10.00","13.91","","","","","","","","10.00","20.00","","-","3.44","15 %","1.50","","","","","","","","","","","","","16.79","20.00","","-","","","","","","","","","","","","","","","","","","","","","","","","","","","","","","","no","","","","","","","","","","","","","","5.81","15.95","100 %","","","","","","","","","","","","","5.81","15.48","","","","","","","","","","","","","8.81","10.21","","","","","","","","","","","","","","","","","","","","","","","","","","","","","","","","","","","","","","","","","5.81","15.48","","","","","","","","","","","","","","","","","","","","","","","","","","","","","20.00","20.00","20.00","20.00","20.00","0 %","0 %","0 %","0 %","$ 0.00","0 %","20.00","16.79","27.99","","","","","","","","","","","","","","","","","","","","","","","","","","","","","","","","","","","","","","","","","","","1","1","1","1","1","1","0 %","0 %","0 %","0 %","1","","","","","","","","","","","","","","","","","","","","","","","","","","","","2019/11/15","2019/11/13","https://www.amazon.com/dp/B081DCSLWT","https://keepa.com/#!product/1-B081DCSLWT","Cell Phones & Accessories","SIM Cards","Cell Phones & Accessories › SIM Cards & Prepaid Minutes › SIM Cards","Wireless","wireless_display_on_website","","","","","","","","0","","","SIM_CARD","Speedtalk Mobile","SpeedTalk Mobile","SpeedTalk Mobile","SpeedTalkMobile","https://www.amazon.com/stores/SpeedTalkMobile/page/F3D278F0-9F00-49C0-9A70-02C3A04B24F3","","","","","1","Count","","","","","","cell-phone-sim-cards","","","","","","","","","","1","","","","","3","yes","[{""creator"":""Creator: Main"",""duration"":""32s"",""image"":""https://m.media-amazon.com/images/I/815KGYcYwML.png"",""name"":""SpeedTalk Mobile"",""title"":""SpeedTalk Mobile | Data Pland"",""url"":""https://m.media-amazon.com/images/S/vse-vms-transcoding-artifact-us-east-1-prod/a9eb1f02-fbc2-494f-9232-f27f438d99b9/default.jobtemplate.hls.m3u8""}]","[{""creator"":""Creator: Seller"",""duration"":""25s"",""image"":""https://m.media-amazon.com/images/I/91MwdmLDiPL.png"",""name"":""SpeedTalk Mobile"",""title"":""Introducing the triple-cut SIM card"",""url"":""https://m.media-amazon.com/images/S/vse-vms-transcoding-artifact-us-east-1-prod/d1e2733c-3c87-40ed-87d6-0c40f7b433d4/default.jobtemplate.hls.m3u8""},{""creator"":""Creator: Seller"",""duration"":""41s"",""image"":""https://m.media-amazon.com/images/I/41NFdbC+dZL.jpg"",""name"":""SpeedTalk Mobile"",""title"":""SpeedTalk Mobile Data Plan Sim Card Hotspots, WiFi, & MiFi"",""url"":""https://m.media-amazon.com/images/S/vse-vms-transcoding-artifact-us-east-1-prod/c3ee2e36-d104-45cc-bf79-bd6c501a7c90/default.jobtemplate.hls.m3u8""}]","yes","no","[{""fromManufacturer"":false,""module"":[{""image"":[""https://m.media-amazon.com/images/S/aplus-media-library-service-media/87e8e21b-7368-4de2-b105-8c53d5d6939c.png""],""imageAltText"":[""Data SIM Cards Banner - 2""],""text"":[""This Data plan is great choice when you need data service on your device. With our Three in One Triple Cut SIM Card, stay online and connected. Devices from Trackers, Asset Trackers, Alarm Systems, Mobile Hot Spots, IOT Cameras, Smartwatches, Car Trackers, GPS Devices and more are compatible with our SIM Cards. Running out of Data? You can add more balance through your account. SpeedTalk offers its services through subscription plans which auto-renew every 30 days. Service begins as soon as you activate your service. You'll be charged the rate stated at the time of purchase, every month, until you cancel. There are no Contracts, No Hidden Fees and No Credit Checks."",""To activate please visit us at ActivateSpeedTalk."",""Enjoy using our 5G / 4G LTE service across the US. Check Coverage at STKMap."",""Cancellations can be made any time by contacting customer support."",""A valid credit card is required to cover overages in case you exceed the applicable Voice, SMS and Data limits.""]},{""image"":[""https://m.media-amazon.com/images/S/aplus-media-library-service-media/8f06cad6-aecf-4075-860d-c6b50cb753ec.png"",""https://m.media-amazon.com/images/S/aplus-media-library-service-media/fd36b3f8-5f9a-47cb-a6da-d3867b9007da.png"",""https://m.media-amazon.com/images/S/aplus-media-library-service-media/4f2bdc74-f4f8-4b15-9307-99074f65b9d1.png"",""https://m.media-amazon.com/images/S/aplus-media-library-service-media/a28c3e1f-426e-43c4-991c-4ae934602b37.png""],""imageAltText"":[""No Contracts"",""SIM"",""5G/ 4G"",""Customer Support""],""text"":[""All The Flexibility You Need"",""Choose the plan that fits your needs best."",""With Speedtalk Mobile, there are:"",""- No Contracts"",""- Hidden Fees"",""- No Activation Fees"",""At the end of the month, you have the flexibility to choose a new plan to fit your Data needs."",""Compatible With Many Devices"",""With the multiple data consuming products in the market, we have done our best to make our SIM Cards compatible with a majority of those devices. Bring your own device (BYOD) and choose the SIM Size that fits it best with our Three in One Triple Cut SIM."",""Nationwide Coverage"",""Coast-to-coast wireless coverage. Forget about loading issues or slow data speeds. We use a nationwide 5G / 4G LTE Network to ensure you stay connected."",""Live Customer Support"",""Live support is ready to help you. Our team is available to help you with activation, set up, APN settings, and more. Contact them via Live Call, Live Chat, or email."",""Our representatives are available 7 days a week, 365 days a year. 4:30 AM - 8:30 PM (PDT)""]},{""text"":[""FREQUENTLY ASKED QUESTIONS;"",""Question:"",""Will your service work with my Device?"",""Answer:"",""For our service to work with your device make sure your device is a 4G device and check our coverage map for coverage in your area. Our plans are compatible with all 4G LTE devices. Please Note: 2G & 3G services might not be available in all areas due to carrier Decommissioning/ shutdown of these frequencies, SpeedTalk Mobile recommends using 4G or newer devices for better service."",""Question:"",""Where do I get a SIM card?"",""Answer:"",""The only way you can get a SIM card from Speedtalk is by purchasing a plan from us."",""Question:"",""What happens after I purchased a plan from Speedtalk?"",""Answer:"",""We will ship you a SIM card with activation instructions. Once you receive our SpeedTalk SIM card you can activate it with a new number (activation instructions provided on the SIM card kit) the new number will be assigned to that SIM card (the plan cycle will start from the time you first activate it) and you can start using it on your device."",""Question:"",""Can I cancel at any time?"",""Answer:"",""Yes. SpeedTalk Mobile is a subscription-based service that puts your plan's control in your hands. In addition to giving you the flexibility you need, we stand by our No Credit Check /No Contract wireless service policy. You will be able to cancel at any time by submitting a disconnect request to our support team online."",""Question:"",""What happens if I go over my data?"",""Answer:""]}]}]","21","12","8.8","0.2","9","1","14","8.5","5.6","0.3","","","","","","","no","no","","no","no","no","no","","","no","-","","","","","","","",""
"1","1","1","1","0 %","0 %","0 %","0 %","","","","","","","","","SpeedTalk-Business-Anti-Theft-Security-Monitoring","","B09VQKNCS9","","no","no","no","yes","no","no","no","yes","no","yes","no","no","no","no","no","no","no","no","no","no","no","no","no","no","no","no","no","no","no","no","no","no","no","no","no","yes","no","no","no","no","no","no","no","com","https://m.media-amazon.com/images/I/61u4xitN+sL.jpg;https://m.media-amazon.com/images/I/71RtRr-292S.jpg;https://m.media-amazon.com/images/I/81bYE7NWCtL.jpg;https://m.media-amazon.com/images/I/81cNX3ZS30L.jpg;https://m.media-amazon.com/images/I/71f98w+szFL.jpg;https://m.media-amazon.com/images/I/615LFqmIqwL.jpg;https://m.media-amazon.com/images/I/71Lf1bNfH3L.jpg","","7","SpeedTalk Alarm SIM Card for GSM Business Office Home Burglar Anti-Theft Security System & Monitoring | 3 in 1 Simcard Standard Micro Nano | No Contract 30 Days Wireless Service ($7.50 Alarm SIM Kit)","Majority of Home/Business Security Systems today uses cellular technology to remotely communicate with these system and devices.
if the Alarm System was set-up to report activity via text messaging then users will be notified via text messages. Another example, every time the system is Arm/DisArm, a text or voice call is transmitted remotely depending on how the system was set-up.
Our Service will work within the United States.
Check Coverage at our website STKMap
To activate please visit us at ActivateSpeedTalk . No Contract / No Credit Check /No Activation fee. A new number is auto generated upon activation of service. Easy activation. SIM is TRI-CUT, Standard SIM, Micro SIM and Nano SIM. Just punch out the size you need for your wireless device. Nationwide fast 4G LTE service on GSM Network.

NOTE: After SIM activation, it might take up to 24-hours for the GPRS and data settings to sync and update with your device. Make sure you turned on the power in your device, in a good reception area.
SpeedTalk Mobile offers its services through subscription plans which auto-renew every 30 days. Plan begins as soon as you activate your SIM card. Plans will auto-renew at the rate stated at the time of purchase, every month, until you cancel. Easy cancellations can be made any time through our website or by contacting customer support. A valid credit card is required at the time of activation.","","375 Minutes Talk OR 375 Texts OR 375 MB Data. Triple cut SIM card to fit any device. Can be used as a standard-sized SIM, a Micro-sized SIM or a Nano-sized SIM card.","30-Day wireless service. Alarm SIM is designed for users that need a minimal amount of airtime each month/year. Receive alerts from your wireless GSM home/Business security alarm system for a Low Cost Plan of $7.50","Supports majority of 2G 3G 4G 5G LTE GSM Alarm Systems.","EASY ACTIVATION: Valid credit card is needed at activation, No contracts, Cancel anytime. Speedtalk Mobile offers its services through subscription plans. You can also call us for assistance 7 days a week LIVE CUSTOMER SUPPORT when you call our toll-free number.","Our Service will work within the United States. Please check STKMap to view your network coverage.","","","","","","","","","","","","","","","","","","","","0","0","3","1","0","0","","","# 4,925 | Top 14% | Home Security Systems","","","","1","1","1","1","","","","","-","2026/02/20 12:42","2026/05/22 16:16","2025/12/02 11:44","7.50","","7.50","7.50","7.50","7.38","0 %","0 %","0 %","0 %","$ 0.00","0 %","7.50","6.00","7.50","","0 %","IN_STOCK","","-","","SpeedTalk Mobile (98%) / A13X3GVNM9G7YR","","0 %","0 %","0 %","0 %","100 %","100 %","97 %","98 %","1","1","1","1","-","-","0.41","8","8","70","yes","no","-","","no","no","no","yes","1","0","0","0","0","0","0","0","","","","","","","","","","","","","","","","100 %","1","1","no Amazon offer exists","","7.50","7.50","7.50","7.50","7.38","0 %","0 %","0 %","0 %","$ 0.00","0 %","7.50","6.00","7.50","0 %","","7.50","7.50","7.50","7.05","","","","","","","","6.00","7.50","","-","2.52","15.07 %","1.13","","","","","","","","","","","","","7.50","7.50","","-","","","","","","","","","","","","","","","","","","","","","","","","","","","","","","","no","","","","","","","","","","","","","","","","100 %","","","","","","","","","","","","","","","","","","","","","","","","","","","","","","","","","","","","","","","","","","","","","","","","","","","","","","","","","","","","","","","","","","","","","","","","","","","","","","","","","","","","","","","","","","","","","","","","","","","7.50","7.50","7.50","7.50","7.50","0 %","0 %","0 %","0 %","$ 0.00","0 %","7.50","7.50","7.50","","","","","","","","","","","","","","","","","","","","","","","","","","","","","","","","","","","","","","","","","","","1","1","1","1","1","1","0 %","0 %","0 %","0 %","1","","","","","","","","","","","","","","","","","","","","","","","","","","","","2022/06/13","2016/06/10","https://www.amazon.com/dp/B09VQKNCS9","https://keepa.com/#!product/1-B09VQKNCS9","Electronics","Home Security Systems","Electronics › Security & Surveillance › Home Security Systems","Wireless","wireless_display_on_website","","0850028221617","","850028221617","9216","","","0","","","SIM_CARD","SpeedTalk Mobile","SpeedTalk Mobile","SpeedTalk Mobile","SpeedTalkMobile","https://www.amazon.com/stores/SpeedTalkMobile/page/F3D278F0-9F00-49C0-9A70-02C3A04B24F3","9216","","","","","","","","","$7.50 Alarm SIM Kit","","home-security-systems","","","","","","","","","","1","","","","","1","yes","[{""creator"":""Creator: Main"",""duration"":""41s"",""image"":""https://m.media-amazon.com/images/I/41D3oP7BD7L.jpg"",""name"":""SpeedTalk Mobile"",""title"":""SpeedTalk Mobile Security System Alarm Plans Sim Card"",""url"":""https://m.media-amazon.com/images/S/vse-vms-transcoding-artifact-us-east-1-prod/ba25708c-7f42-40e6-be89-402115bd1f20/default.jobtemplate.hls.m3u8""}]","","no","no","","105","11.9","8.8","1","41","0","65","8.9","12.1","0.6","","","","","","","no","no","","no","no","no","no","","","no","-","","","","","","","",""
"1","1","1","1","0 %","0 %","0 %","0 %","","","","","","","","","SpeedTalk-Mobile-Phones-Cellphones-Prepaid","","B0CPTK9YK4","SpeedTalk Mobile SIM Card Kit for Smart Phones & Cellphones | $5 Monthly Plan - 250 SMS Texts OR 250 Minutes OR 250 MB 5G 4G LTE Data | 3-in-1 Standard Micro Nano Size","no","no","no","yes","no","no","no","yes","no","yes","no","no","no","no","no","no","no","no","no","no","no","no","no","no","no","no","no","no","no","no","no","no","no","no","no","yes","no","no","no","no","no","no","no","com","https://m.media-amazon.com/images/I/71yO5YA7JcL.jpg;https://m.media-amazon.com/images/I/71RtRr-292S.jpg;https://m.media-amazon.com/images/I/61Y-cxQ64mL.jpg;https://m.media-amazon.com/images/I/71f98w+szFL.jpg;https://m.media-amazon.com/images/I/81cNX3ZS30L.jpg;https://m.media-amazon.com/images/I/71vooBnwmmL.jpg;https://m.media-amazon.com/images/I/71Lf1bNfH3L.jpg","","7","SpeedTalk Mobile SIM Card Kit for Smart Phones & Cellphones | $10 Prepaid Plan - 500 SMS Texts OR 500 Minutes OR 500 MB 5G 4G LTE Data | 3-in-1 Standard Micro Nano size | 60 Days USA Wireless Coverage","","","AFFORDABLE & REFILLABLE PHONE SIM CARD PLAN: Experience true affordability with SpeedTalk Mobile's prepaid Low-Cost Subscription Plan. For only $10, includes 500 units. Each unit can be used in any combination of Talk/Text/Data at 2 Cents per Text (SMS), 2 Cents per Minute (Talk), 2 Cents per MB of 5G 4G LTE Data (inclusive of MMS) for a 60-day period. This plan will automatically renew with the same plan once all allotted credits have been used up. No Contracts and No Credit Checks.","EASY ACTIVATION: Valid credit card is needed at activation. No contracts. Cancel anytime. SpeedTalk Mobile offers its services through subscription plans. 3 EASY steps. You can also call us for assistance 7 days a week with LIVE CUSTOMER SUPPORT when you call our toll-free number.","VERSATILE COMPATIBILITY: With 'Bring Your Own Phone, you can utilize any compatible cell phone on the SpeedTalk Mobile network. Our SIM card works with all unlocked 5G 4G LTE compatible phones, be it iPhones, Androids (Samsung Galaxy, Google Pixel), LG, Windows, or non-smartphones. It's a Triple Cut SIM Card, available in three sizes (Mini/Micro/Nano), ensuring compatibility with various devices. Simply pop out the size that fits your device and insert it.","KEEP YOUR PHONE NUMBER: Stay connected with your current contacts without breaking the bank. You have the choice to keep your current phone number or obtain a new one.","TOP-TIER NATIONWIDE COVERAGE: Say goodbye to dropped calls, slow data, and loading delays. SpeedTalk Mobile delivers expansive 5G 4G LTE coverage across the nation, encompassing Hawaii, Puerto Rico, and the US Virgin Islands, all on the largest and fastest network. For detailed network ranges, refer to the SpeedTalk Mobile Coverage Map.","","","","","","69963","113019","73680","104987","109089","20 %","3 %","5 %","38 %","6,184","8 %","76147","33361","607676","4","12","3.4","21","40","81","Cell Phones & Accessories","wireless_display_on_website","# 163 | Top 1.73% | SIM Cards","","","","20","20","19","17","0 %","-5 %","-5 %","-5 %","1","2026/02/09 16:40","2026/05/27 05:24","2026/05/24 20:46","10.00","","10.00","10.00","10.00","10.00","0 %","0 %","0 %","0 %","$ 0.00","0 %","10.00","10.00","10.00","3","0 %","IN_STOCK","","-","","SpeedTalk Mobile (98%) / A13X3GVNM9G7YR","","0 %","0 %","0 %","0 %","100 %","100 %","100 %","100 %","1","1","1","1","-","-","-","8","8","8","yes","no","-","","no","no","no","yes","1","0","0","0","0","0","0","0","","","","","","","","","","","","","","","","100 %","1","1","no Amazon offer exists","","10.00","10.00","10.00","10.00","10.00","0 %","0 %","0 %","0 %","$ 0.00","0 %","10.00","10.00","10.00","0 %","10.00","10.00","10.00","10.00","10.00","0 %","0 %","0 %","0 %","$ 0.00","0 %","10.00","10.00","10.00","3","SpeedTalk Mobile (98%) / A13X3GVNM9G7YR","3.86","15 %","1.50","","","","","","","","","","","","","","","","-","","","","","","","","","","","","","","","","","","","","","","","","","","","","","","","no","","","","","","","","","","","","","","","","100 %","","","","","","","","","","","","","","","","","","","","","","","","","","","","","","","","","","","","","","","","","","","","","","","","","","","","","","","","","","","","","","","","","","","","","","","","","","","","","","","","","","","","","","","","","","","","","","","","","","","10.00","10.00","10.00","10.00","10.00","0 %","0 %","0 %","0 %","$ 0.00","0 %","10.00","10.00","10.00","","","","","","","","","","","","","","","","","","","","","","","","","","","","","","","","","","","","","","","","","","","1","1","1","1","1","1","0 %","0 %","0 %","0 %","1","","","","","","","","","","","","","","","","","","","","","","","","","","","","2023/12/17","2023/10/27","https://www.amazon.com/dp/B0CPTK9YK4?psc=1","https://keepa.com/#!product/1-B0CPTK9YK4","Cell Phones & Accessories","SIM Cards","Cell Phones & Accessories › SIM Cards & Prepaid Minutes › SIM Cards","Wireless","wireless_display_on_website","","0850043471615","","850043471615","","B0DKLC4VPC","B07MGJBRTQ,B0CPTK9YK4","2","","","SIM_CARD","SpeedTalk Mobile","SpeedTalk Mobile","SpeedTalk Mobile","SpeedTalkMobile","https://www.amazon.com/stores/SpeedTalkMobile/page/F3D278F0-9F00-49C0-9A70-02C3A04B24F3","$10 Mobile SIM Plan","Model: $10 Mobile SIM Plan;","","","","","","","","","","cell-phone-sim-cards","","","","","","","","","","0","","","","","5","yes","[{""creator"":""Creator: Main"",""duration"":""29s"",""image"":""https://m.media-amazon.com/images/I/716x8Jn4zdL.jpg"",""name"":""SpeedTalk Mobile"",""title"":""SpeedTalk Mobile | Phones"",""url"":""https://m.media-amazon.com/images/S/vse-vms-transcoding-artifact-us-east-1-prod/4ee7f3ee-ddda-43bc-8ab0-342a8c6b316b/default.jobtemplate.hls.m3u8""}]","[{""creator"":""Creator: Seller"",""duration"":""123s"",""image"":""https://m.media-amazon.com/images/I/617MlXX145L.png"",""name"":""SpeedTalk Mobile"",""title"":""How to insert your SIM Card?"",""url"":""https://m.media-amazon.com/images/S/vse-vms-transcoding-artifact-us-east-1-prod/v2/b3da0dc2-0ad0-5ff7-bd22-ff68cc96ef37/ShortForm-Generic-480p-16-9-1409173089793-rpcbe5.mp4""},{""creator"":""Creator: Seller"",""duration"":""40s"",""image"":""https://m.media-amazon.com/images/I/A1iPJdiNmlL.png"",""name"":""SpeedTalk Mobile"",""title"":""Meet speedtalk Mobile"",""url"":""https://m.media-amazon.com/images/S/vse-vms-transcoding-artifact-us-east-1-prod/5f4cc818-c13a-4876-b5a6-451c5ad555e9/default.jobtemplate.hls.m3u8""},{""creator"":""Creator: Seller"",""duration"":""51s"",""image"":""https://m.media-amazon.com/images/I/419coq6GzML.jpg"",""name"":""SpeedTalk Mobile"",""title"":""SpeedTalk Mobile 5G 4G LTE"",""url"":""https://m.media-amazon.com/images/S/vse-vms-transcoding-artifact-us-east-1-prod/6e998fd1-c990-44a9-9413-cbba65e243ec/default.jobtemplate.hls.m3u8""},{""creator"":""Creator: Seller"",""duration"":""25s"",""image"":""https://m.media-amazon.com/images/I/91MwdmLDiPL.png"",""name"":""SpeedTalk Mobile"",""title"":""Introducing the triple-cut SIM card"",""url"":""https://m.media-amazon.com/images/S/vse-vms-transcoding-artifact-us-east-1-prod/d1e2733c-3c87-40ed-87d6-0c40f7b433d4/default.jobtemplate.hls.m3u8""}]","yes","no","[{""fromManufacturer"":false,""module"":[{""image"":[""https://m.media-amazon.com/images/S/aplus-media-library-service-media/016e2e33-7ed4-4ea5-80fa-8ed48f00c5a0.jpg""],""imageAltText"":[""Pay As You Go Plan""],""text"":[""This prepaid SIM Card can be used to ACTIVATE any unlocked 5G 4G GSM Phones including iPhones, Androids, Samsung Galaxy, Google Pixel, LG, & more""]},{""image"":[""https://m.media-amazon.com/images/S/aplus-media-library-service-media/dcba9b77-9831-4d12-87ec-5823fbc1ad93.png""],""imageAltText"":[""Prepaid SIM Card Cellphone Smartphone simcard kit SpeedTalk Mobile Talk Text Data T-Mobile Wireless""]},{""image"":[""https://m.media-amazon.com/images/S/aplus-media-library-service-media/4d30cca7-82bb-4daf-aaa3-8c82e7218a4d.png""],""imageAltText"":[""Stay Connected With Speedtalk Mobile""]},{""asin"":[""B07MGJBRTQ"",""B0CPTK9YK4"",""B0CPTJRWCJ""]},{""image"":[""https://m.media-amazon.com/images/S/aplus-media-library-service-media/cf86e123-d3e5-499e-9332-8e2f3429eb83.jpg""],""imageAltText"":[""tricut sim""],""text"":[""Use your own device- activate any T-Mobile phone, AT&T unlocked phone, Apple iPhone, Android, Windows, any compatible GSM cell phone or other compatible tablets"",""Ready to use. Activation Code included."",""Includes Units that ranges from 250 to 1250."",""Each unit can be used in any combination of Talk/Text/Data at 2 Cents per Texts (SMS), 2 Cents per Minute (Talk), 2 Cents per MB of 5G 4G LTE Data (inclusive of MMS) for a period of 30 to 60 days depending on the chosen plan."",""Nationwide fast 5G 4G LTE service on GSM Network"",""After SIM activation, it may take up to 24 hours for the GPRS and data settings to sync and update with your device. Make sure to turn on your device in an area with good reception."",""SpeedTalk Mobile offers its services through subscription plans which auto-renew every 30/60 days depending on the chosen service plan. Plan begins as soon as you activate your service. You’ll be charged the rate stated at the time of purchase, until you cancel."",""There is no contract, cancellations can be made any time by contacting customer support. A valid credit card is required to cover overages in case you exceed the applicable Voice, SMS and Data limits. To avoid overage charges, you should purchase the appropriate plan for your anticipated needs."",""Our prepaid SIM card can be used with any unlocked 5G/4G LTE GSM device such as but not limited to:"",""Apple iPhones"",""Samsung Galaxy Smart Phones"",""T-Mobile Phones"",""Android & iOS Cell Phones"",""Unlocked AT&T and Unlocked Verizon Phones (universal phone)"",""Unlocked GSM Smartphones: Huawei, ZTE, Nokia, Alcatel, TCL,RCA, LG, HTC"",""Unlocked GSM Cellphones : Google Pixel, Nexus, Motorola, One Plus"",""Feature Phones, Flip Phones and Any Universal GSM Cellular Phones.""]}]}]","387","15.5","8.6","2.9","82","1","14","8.5","5.6","0.3","","","","","","","no","no","","no","no","no","no","","","no","-","","","","","","","",""
"1","1","1","1","0 %","0 %","0 %","0 %","","","","","","","","","SpeedTalk-Business-Anti-Theft-Security-Monitoring","","B09VR6MGXX","","no","no","no","yes","no","no","no","yes","no","yes","no","no","no","no","no","no","no","no","no","no","no","no","no","no","no","no","no","no","no","no","no","no","no","no","no","yes","no","no","no","no","no","no","no","com","https://m.media-amazon.com/images/I/61B+HPripOL.jpg;https://m.media-amazon.com/images/I/71f0KBzoWnL.jpg;https://m.media-amazon.com/images/I/71RtRr-292S.jpg;https://m.media-amazon.com/images/I/81bYE7NWCtL.jpg;https://m.media-amazon.com/images/I/71f98w+szFL.jpg;https://m.media-amazon.com/images/I/81cNX3ZS30L.jpg;https://m.media-amazon.com/images/I/71Lf1bNfH3L.jpg","","7","SpeedTalk Alarm SIM Card for GSM Business Office Home Burglar Anti-Theft Security System & Monitoring | 3 in 1 Simcard - Standard Micro Nano | No Contract 30 Days Wireless Service ($5 Alarm SIM Kit)","Majority of Home/Business Security Systems today use cellular technology to remotely communicate with these systems and devices.

if the Alarm System was set-up to report activity via text messaging then users will be notified via text messages. Another example, every time the system is Arm/DisArm, a text or voice call is transmitted remotely depending on how the system was set-up.

Our Service will work within the United States.

Check Coverage at our website STKMap

To activate please visit us at ActivateSpeedTalk. No Contract / No Credit Check /No Activation fee. A new number is auto generated upon activation of service. Easy activation. SIM is TRI-CUT, Standard SIM, Micro SIM and Nano SIM. Just punch out the size you need for your wireless device. Nationwide fast 4G LTE service on GSM Network.

NOTE: After SIM activation, it might take up to 24-hours for the GPRS and data settings to sync and update with your device. Make sure you turn on the power in your device, in a good reception area.

SpeedTalk offers its services through subscription plans which auto-renew every 30 days. Service begins as soon as you activate your service. You’ll be charged the rate stated at the time of purchase, every month, until you cancel. There is No Contract, Cancellations can be made any time by contacting customer support. A valid credit card is required to cover overages in case you exceed the applicable Voice, SMS and Data limits. To avoid overage charges, you should purchase the appropriate plan for your anticipated needs.","","250 Minutes Call or 250 SMS Texts or 250 MB Data. Triple cut SIM card to fit any device. Can be used as a standard-sized SIM, a Micro-sized SIM or a Nano-sized SIM card.","30 Days wireless service. Alarm SIM is designed for users that need a minimal amount of airtime each month/year. Receive alerts from your wireless GSM home/Business security alarm system for a Low Cost Plan of $5.00.","Supports majority of 2G 3G 4G 5G LTE GSM Alarm Systems.","EASY ACTIVATION: Valid credit card is needed at activation, No contracts, Cancel anytime. Speedtalk Mobile offers its services through prepaid subscription plans. You can also call us for assistance 7 days a week LIVE CUSTOMER SUPPORT when you call our toll-free number.","Our Service will work within the United States. Please check STKMap to view your network coverage.","","","","","","","","","","","","","","","","","","618547","618547","0","0","1","2","0","0","","","# 1,613 | Top 6% | Home Security Systems","","","","2","2","2","1","","","","","-","2026/02/09 09:06","2026/05/23 04:08","2025/12/02 11:44","5.00","","5.00","5.00","5.00","5.00","0 %","0 %","0 %","0 %","$ 0.00","0 %","5.00","5.00","5.00","","0 %","IN_STOCK","","-","","SpeedTalk Mobile (98%) / A13X3GVNM9G7YR","","0 %","0 %","0 %","0 %","100 %","100 %","97 %","94 %","1","1","1","1","-","-","-","8","8","8","yes","no","-","","no","no","no","yes","1","0","0","0","0","0","0","0","","","","","","","","","","","","","","","","100 %","1","1","no Amazon offer exists","","5.00","5.00","5.00","5.00","5.00","0 %","0 %","0 %","0 %","$ 0.00","0 %","5.00","5.00","5.00","0 %","","5.00","5.00","5.00","5.00","","","","","","","","5.00","5.00","","-","2.52","15 %","0.75","","","","","","","","","","","","","5.00","5.00","","-","","","","","","","","","","","","","","","","","","","","","","","","","","","","","","","no","","","","","","","","","","","","","","","","100 %","","","","","","","","","","","","","","","","","","","","","","","","","","","","","","","","","","","","","","","","","","","","","","","","","","","","","","","","","","","","","","","","","","","","","","","","","","","","","","","","","","","","","","","","","","","","","","","","","","","5.00","5.00","5.00","5.00","5.00","0 %","0 %","0 %","0 %","$ 0.00","0 %","5.00","5.00","5.00","","","","","","","","","","","","","","","","","","","","","","","","","","","","","","","","","","","","","","","","","","","1","1","1","1","1","1","0 %","0 %","0 %","0 %","1","","","","","","","","","","","","","","","","","","","","","","","","","","","","2022/03/20","2016/06/10","https://www.amazon.com/dp/B09VR6MGXX","https://keepa.com/#!product/1-B09VR6MGXX","Electronics","Home Security Systems","Electronics › Security & Surveillance › Home Security Systems","Wireless","wireless_display_on_website","","0850028221600","","850028221600","9216","","","0","","","SIM_CARD","SpeedTalk Mobile","SpeedTalk Mobile","SpeedTalk Mobile","SpeedTalkMobile","https://www.amazon.com/stores/SpeedTalkMobile/page/F3D278F0-9F00-49C0-9A70-02C3A04B24F3","9216","","","","","","","","","$5 Alarm SIM Kit","","home-security-systems","","","","","","","","","","1","","","","","2","yes","[{""creator"":""Creator: Main"",""duration"":""25s"",""image"":""https://m.media-amazon.com/images/I/91MwdmLDiPL.png"",""name"":""SpeedTalk Mobile"",""title"":""Introducing the triple-cut SIM card"",""url"":""https://m.media-amazon.com/images/S/vse-vms-transcoding-artifact-us-east-1-prod/d1e2733c-3c87-40ed-87d6-0c40f7b433d4/default.jobtemplate.hls.m3u8""}]","[{""creator"":""Creator: Seller"",""duration"":""41s"",""image"":""https://m.media-amazon.com/images/I/41D3oP7BD7L.jpg"",""name"":""SpeedTalk Mobile"",""title"":""SpeedTalk Mobile Security System Alarm Plans Sim Card"",""url"":""https://m.media-amazon.com/images/S/vse-vms-transcoding-artifact-us-east-1-prod/ba25708c-7f42-40e6-be89-402115bd1f20/default.jobtemplate.hls.m3u8""}]","no","no","","8","10.2","7.6","0.1","14","0","65","8.9","12.1","0.6","","","","","","","no","no","","no","no","no","no","","","no","-","","","","","","","",""
"1","1","1","1","0 %","0 %","0 %","0 %","","","","","","","","","SpeedTalk-Mobile-SIM-Card-Kit","","B09R8Y33WV","SpeedTalk Mobile SIM Card Unlimited Text 500 Minutes Talk 1 GB Data for 5G 4G LTE Apple iPhone Android Smart Phones | 3 in 1 Prepaid Simcard | No Contract Cellphone Plan","no","no","no","no","no","no","no","no","no","no","no","no","no","no","no","no","no","no","no","no","no","no","no","no","no","no","no","no","no","no","no","no","no","no","no","yes","no","no","no","no","no","no","no","com","https://m.media-amazon.com/images/I/71gZvrcCqrL.jpg;https://m.media-amazon.com/images/I/71N4rYNRzuL.jpg;https://m.media-amazon.com/images/I/71fPFUIeNGL.jpg;https://m.media-amazon.com/images/I/71Wv4gAWmRL.jpg;https://m.media-amazon.com/images/I/71aFLnxg1PL.jpg;https://m.media-amazon.com/images/I/71eBk-vO3ZL.jpg;https://m.media-amazon.com/images/I/61ZySbkxyFL.jpg;https://m.media-amazon.com/images/I/61b9fGjiSxL.jpg;https://m.media-amazon.com/images/I/61UfCmOMG8L.jpg","","9","SpeedTalk Mobile SIM Card Kit - Unlimited Data, Talk & Text, 11 GB of Full Speed 5G 4G LTE - 30 Days Smart Phone Plan Service | USA Coverage","","","Unlimited Data, Talk & Text on a 5G 4G LTE network. First 11GB at full speed then Unlimited Data for 30 days. $22 monthly","3 in 1 SIM CARD KIT (Mini/Micro/Nano). SIM card can be used to activate any unlocked 5G 4G GSM compatible phone including iPhones, Androids and non-smartphones.","You have the option to port-in (keep) your existing phone number or get a new one at no extra charge.","EASY ACTIVATION: Valid credit card is needed at activation, No contracts, Cancel anytime. Speedtalk Mobile offers its services through subscription plans. You can also call us for assistance 7 days a week LIVE CUSTOMER SUPPORT when you call our toll-free number.","4G 5G LTE NATIONWIDE COVERAGE including Hawaii, Puerto Rico, and US Virgin Islands (does not include Alaska) on the largest and fastest network. Check Coverage at STKMap.","","","","","","100423","121505","124277","128184","113217","35 %","24 %","19 %","17 %","27,291","21 %","127714","12484","292115","4","13","3.8","14","32","88","Cell Phones & Accessories","wireless_display_on_website","# 231 | Top 3% | SIM Cards","","","","14","26","412","631","","","","","2","2026/03/21 04:40","2026/05/13 14:08","2026/04/11 16:22","22.00","","22.00","20.89","21.32","21.28","0 %","0 %","0 %","-5 %","$ 0.00","0 %","22.00","16.50","22.00","","0 %","IN_STOCK","","-","","SpeedTalk Mobile (98%) / A13X3GVNM9G7YR","","0 %","0 %","0 %","0 %","100 %","100 %","99 %","99 %","1","1","1","1","-","1.91","1.63","8","8","78","yes","no","-","","no","no","no","yes","1","0","0","0","0","0","0","0","","","","","","","","","","","","","","","","100 %","1","1","no Amazon offer exists","","22.00","22.00","20.89","21.34","21.30","0 %","0 %","0 %","-5 %","$ 0.00","0 %","22.00","16.50","22.00","0 %","","22.00","20.89","21.34","21.29","","","","","","","","16.50","22.00","","-","3.44","15 %","3.30","","","","","","","","","","","","","22.00","22.00","","-","","","","","","","","","","","","","","","","","","","","","","","","","","","","","","","no","","","","","","","","","","","","","","","","100 %","","","","","","","","","","","","","","","","","","","","","","","","","","","","","","","","","","","","","","","","","","","","","","","","","","","","","","","","","","","","","","","","","","","","","","","","","","","","","","","","","","","","","","","","","","","","","","","","","","","22.00","22.00","22.00","22.00","22.00","0 %","0 %","0 %","0 %","$ 0.00","0 %","22.00","22.00","22.00","","","","","","","","","","","","","","","","","","","","","","","","","","","","","","","","","","","","","","","","","","","1","1","1","1","1","1","0 %","0 %","0 %","0 %","1","","","","","","","","","","","","","","","","","","","","","","","","","","","","2022/02/15","2020/08/11","https://www.amazon.com/dp/B09R8Y33WV?psc=1","https://keepa.com/#!product/1-B09R8Y33WV","Cell Phones & Accessories","SIM Cards","Cell Phones & Accessories › SIM Cards & Prepaid Minutes › SIM Cards","Wireless","wireless_display_on_website","","0850028221259","","850028221259","","B0FM5Z7TH3","B075QNH2HP,B09R8Y33WV,B09GT671CV","3","","","SIM_CARD","Speedtalk Mobile","SpeedTalk Mobile","SpeedTalk Mobile","SpeedTalkMobile","https://www.amazon.com/stores/SpeedTalkMobile/page/F3D278F0-9F00-49C0-9A70-02C3A04B24F3","$22.00 Plan","Model: $22.00 Plan;","","","","","","","","","","cell-phone-sim-cards","","","","","","","","","","0","","","","","4","yes","[{""creator"":""Creator: Main"",""duration"":""29s"",""image"":""https://m.media-amazon.com/images/I/716x8Jn4zdL.jpg"",""name"":""SpeedTalk Mobile"",""title"":""SpeedTalk Mobile | Phones"",""url"":""https://m.media-amazon.com/images/S/vse-vms-transcoding-artifact-us-east-1-prod/4ee7f3ee-ddda-43bc-8ab0-342a8c6b316b/default.jobtemplate.hls.m3u8""}]","[{""creator"":""Creator: Seller"",""duration"":""40s"",""image"":""https://m.media-amazon.com/images/I/A1iPJdiNmlL.png"",""name"":""SpeedTalk Mobile"",""title"":""Meet speedtalk Mobile"",""url"":""https://m.media-amazon.com/images/S/vse-vms-transcoding-artifact-us-east-1-prod/5f4cc818-c13a-4876-b5a6-451c5ad555e9/default.jobtemplate.hls.m3u8""},{""creator"":""Creator: Seller"",""duration"":""41s"",""image"":""https://m.media-amazon.com/images/I/41NFdbC+dZL.jpg"",""name"":""SpeedTalk Mobile"",""title"":""SpeedTalk Mobile Sim Card Starter Kit"",""url"":""https://m.media-amazon.com/images/S/vse-vms-transcoding-artifact-us-east-1-prod/1a5e2bfb-777d-4b5d-ab54-96b15d2bc9fb/default.jobtemplate.hls.m3u8""},{""creator"":""Creator: Seller"",""duration"":""25s"",""image"":""https://m.media-amazon.com/images/I/91MwdmLDiPL.png"",""name"":""SpeedTalk Mobile"",""title"":""Introducing the triple-cut SIM card"",""url"":""https://m.media-amazon.com/images/S/vse-vms-transcoding-artifact-us-east-1-prod/d1e2733c-3c87-40ed-87d6-0c40f7b433d4/default.jobtemplate.hls.m3u8""}]","yes","no","[{""fromManufacturer"":false,""module"":[{""image"":[""https://m.media-amazon.com/images/S/aplus-media-library-service-media/f2b555f1-417c-49c8-9306-f4c98097aba9.png""],""imageAltText"":[""Smartphone Banner""],""text"":[""Speedtalk Mobile carries Smartwatch SIMs. Smart Phone SIMs, Tracker SIMS, Alarm System SIMS and more! No Contract, No Credit Check, No Hassle.""]},{""image"":[""https://m.media-amazon.com/images/S/aplus-media-library-service-media/90dd77e9-1e05-4493-8f16-40fe90e88f9d.png""],""imageAltText"":[""22 TVP Banner""]},{""text"":[""Speedtalk Features"",""Free SIM Card Included"",""- With the purchase of your first month of service, get a free SIM card for your device."",""BYOD, Bring Your Own Device"",""- Our SIM cards are compatible with Apple, Samsung, Windows, Nokia, Motorola, Unlocked ATT, Unlocked T Mobile, and more devices."",""Quick & Simple Set Up"",""- Simple Activation, install the SIM card, then dial, or text away!"",""Live Customer Assistance"",""- We are here to help you throughout your activation process. We have Live representatives ready to offer support through calls, chat, or email."",""Triple Cut SIM Kit"",""- Three In One SIM (fits any device). Standard SIM, Micro SIM and Nano SIM. Just punch out the size you need for your wireless device."",""Port Your Existing Number"",""- You have the option to port-in (keep) your existing phone number or get a new one at no extra charge."",""Nationwide Coverage"",""- Our 5G / 4G LTE service will work within the UNITED STATES. Roaming is available for Canada and Mexico upon request.""]},{""asin"":[""B07G9P5ZBW"",""B0CLX2QN4Q"",""B09R8Y33WV"",""B09GT671CV""]},{""image"":[""https://m.media-amazon.com/images/S/aplus-media-library-service-media/8d36ad9e-cba9-4f9a-8b11-e60966c4649a.png""],""imageAltText"":[""SpeedTalk Mobile Support""]},{""text"":[""Customer Assistance"",""Our support team is available 7 days a week, 365 days a year. 4:30 AM - 8:30 PM (PDT)."",""SpeedTalk Mobile offers its services through subscription plans which auto-renew every 30 days. Plan begins as soon as you activate your service. You’ll be charged the rate stated at the time of purchase, every month, until you cancel. Cancellations can be made any time by contacting customer assistance. A valid credit card is required to cover overages in case you exceed the applicable data limit.""]},{""text"":[""Customer Assistance"",""Our support team is available 7 days a week, 365 days a year. 4:30 AM - 8:30 PM (PDT)."",""SpeedTalk Mobile offers its services through subscription plans which auto-renew every 30 days. Plan begins as soon as you activate your service. You’ll be charged the rate stated at the time of purchase, every month, until you cancel. Cancellations can be made any time by contacting customer assistance. A valid credit card is required to cover overages in case you exceed the applicable data limit.""]}]}]","63","11.9","8.8","0.6","12","0","14","8.5","5.6","0.3","","","","","","","no","no","","no","no","no","no","","","no","-","","","","","","","",""
"1","1","1","1","0 %","0 %","0 %","0 %","","","","","","","","","SpeedTalk-Mobile-Cellular-Phones-Cellphones","","B0BSG5WDRF","SpeedTalk Mobile Prepaid SIM Card 5G 4G LTE Data – 3-in-1 SIM for Unlocked Phones – No Contract – 30 Day Prepaid Cell Phone Plan USA","no","no","no","yes","no","no","no","yes","no","yes","no","no","no","no","no","no","no","no","no","no","no","no","no","no","no","no","no","no","no","no","no","no","no","no","no","yes","no","no","no","no","no","no","no","com","https://m.media-amazon.com/images/I/61XLvxTd-7L.jpg;https://m.media-amazon.com/images/I/61Y-cxQ64mL.jpg;https://m.media-amazon.com/images/I/611zZCZHTjL.jpg;https://m.media-amazon.com/images/I/61kbqvnZWaL.jpg;https://m.media-amazon.com/images/I/71f98w+szFL.jpg;https://m.media-amazon.com/images/I/71I6MIuQYOL.jpg;https://m.media-amazon.com/images/I/61CSMNnxISL.jpg","","7","SpeedTalk Prepaid Cell Phone Plan – Unlimited Talk & Text + 13 GB High-Speed Data – SIM Card for Unlocked Smartphones – No Contract – 5G/4G LTE Nationwide Coverage – 30 Day Wireless Service","Why pay more for the same cell phone service as the big-name providers? At Speedtalk Mobile we offer the same excellent coverage for half the price! The best part is we don’t lock you into contracts. Pay only for what you need and save. You can keep your current phone number and your current smartphone. Activate any 5G, 4G, LTE T-Mobile phone, AT&T unlocked phone, Apple iPhone, Samsung Galaxy Smartphones, Android Cellphones, or other compatible 5G 4G LTE phones.
Enjoy Unlimited Talk & Text + 13GB of 5G 4G LTE then Unlimited Data at 2G speed for 30 days.
Triple Cut 3 in 1 SIM (fits any device). Standard SIM, Micro SIM and Nano SIM. Just punch out the size you need for your wireless device. Check Coverage at STKMap Activate via ActivateSpeedTalk Purchase additional credits (Cash Cards) directly at RefillSpeedtalk

After SIM activation, it may take up to 24 hours for the GPRS and data settings to sync and update with your device. Make sure to turn on your device in an area with good reception

SpeedTalk Mobile offers its services through subscription plans which auto-renew every 30 days. Plan begins as soon as you activate your SIM card. Plans will auto-renew at the rate stated at the time of purchase, every month, until you cancel. Easy cancellations can be made any time through our website or by contacting customer support. A valid credit card is required at the time of activation.","","✅ MAXIMUM VALUE – UNLIMITED CALLS, TEXTS & 13GB DATA Enjoy unlimited calls and texts, plus 13 GB of blazing-fast 5G 4G LTE data with this prepaid cell phone plan. Great for streaming, browsing, and staying connected. Perfect for families, remote workers, or anyone looking for prepaid phone plans with more data.","📱 FITS ANY UNLOCKED DEVICE – JUST INSERT & GO Use this universal SIM card with any unlocked phone including iPhones, Androids, Pixels, and Samsung Galaxy. Comes in 3 sizes (standard/micro/nano) to fit any phone. An ideal simcard for phone or cell phone card.","📞 PORT YOUR NUMBER OR GET A NEW ONE Keep your existing number or start fresh. This phone SIM card gives you full control with flexible cellphone plans and seamless portability. Works great with USA phones and prepaid phone cards.","🌎 PREMIUM NETWORK – NATIONWIDE 5G 4G LTE COVERAGE Enjoy high-speed data and top-quality cell phone service throughout the U.S., including Hawaii and Puerto Rico. Stay connected anywhere with our sim cards for cell phones on the fastest networks.","🔧 NO HASSLE ACTIVATION – CANCEL ANYTIME Easy online setup with no contracts or commitments. Activate using a credit card and start calling instantly. Support available 7 days a week. Great for anyone looking for phone plans, chip for phone, or prepaid cell service that adapts to their needs.","","","","","","155805","236213","236049","211518","179306","-29 %","-23 %","34 %","34 %","93,692","38 %","249497","24930","1005803","2","5","3.4","77","14","36","Cell Phones & Accessories","wireless_display_on_website","# 350 | Top 6% | SIM Cards","","","","77","77","77","83","","","","","-","2025/10/24 17:06","2026/05/21 11:58","2026/05/02 20:10","26.00","","26.00","26.00","26.00","25.60","0 %","0 %","0 %","0 %","$ 0.00","0 %","26.00","19.50","26.00","","0 %","IN_STOCK","","-","","SpeedTalk Mobile (98%) / A13X3GVNM9G7YR","","0 %","0 %","0 %","0 %","100 %","100 %","100 %","99 %","1","1","1","1","-","-","1.39","8","8","70","yes","no","-","","no","no","no","yes","1","0","0","0","0","0","0","0","","","","","","","","","","","","","","","","100 %","1","1","no Amazon offer exists","","26.00","26.00","26.00","26.00","25.64","0 %","0 %","0 %","0 %","$ 0.00","0 %","26.00","19.50","26.00","0 %","","26.00","26.00","26.00","25.57","","","","","","","","19.50","26.00","","-","3.44","15 %","3.90","","","","","","","","","","","","","","","","-","","","","","","","","","","","","","","","","","","","","","","","","","","","","","","","no","","","","","","","","","","","","","","","","100 %","","","","","","","","","","","","","","","","","","","","","","","","","","","","","","","","","","","","","","","","","","","","","","","","","","","","","","","","","","","","","","","","","","","","","","","","","","","","","","","","","","","","","","","","","","","","","","","","","","","22.00","22.00","22.00","22.00","22.00","0 %","0 %","0 %","0 %","$ 0.00","0 %","22.00","22.00","22.00","","","","","","","","","","","","","","","","","","","","","","","","","","","","","","","","","","","","","","","","","","","1","1","1","1","1","1","0 %","0 %","0 %","0 %","1","","","","","","","","","","","","","","","","","","","","","","","","","","","","2023/02/09","2018/08/10","https://www.amazon.com/dp/B0BSG5WDRF?psc=1","https://keepa.com/#!product/1-B0BSG5WDRF","Cell Phones & Accessories","SIM Cards","Cell Phones & Accessories › SIM Cards & Prepaid Minutes › SIM Cards","Wireless","wireless_display_on_website","","0850043471363","","850043471363","","B0FRWXKZNW","B08J6P5PXF,B0BSMXZJ51,B0BSG613T2,B0BSG5WDRF","4","","","SIM_CARD","SpeedTalk Mobile","SpeedTalk Mobile","SpeedTalk Mobile","SpeedTalkMobile","https://www.amazon.com/stores/SpeedTalkMobile/page/F3D278F0-9F00-49C0-9A70-02C3A04B24F3","$26 Phone SIM Kit","Model: $26 Phone SIM Kit;","","","","","","","","","","cell-phone-sim-cards","","","","","","","","","","1","","","","","3","yes","[{""creator"":""Creator: Main"",""duration"":""29s"",""image"":""https://m.media-amazon.com/images/I/716x8Jn4zdL.jpg"",""name"":""SpeedTalk Mobile"",""title"":""SpeedTalk Mobile | Phones"",""url"":""https://m.media-amazon.com/images/S/vse-vms-transcoding-artifact-us-east-1-prod/4ee7f3ee-ddda-43bc-8ab0-342a8c6b316b/default.jobtemplate.hls.m3u8""}]","[{""creator"":""Creator: Seller"",""duration"":""40s"",""image"":""https://m.media-amazon.com/images/I/A1iPJdiNmlL.png"",""name"":""SpeedTalk Mobile"",""title"":""Meet speedtalk Mobile"",""url"":""https://m.media-amazon.com/images/S/vse-vms-transcoding-artifact-us-east-1-prod/5f4cc818-c13a-4876-b5a6-451c5ad555e9/default.jobtemplate.hls.m3u8""},{""creator"":""Creator: Seller"",""duration"":""50s"",""image"":""https://m.media-amazon.com/images/I/51roFvW6RNL.jpg"",""name"":""SpeedTalk Mobile"",""title"":""SpeedTalk Mobile Unlimited Cell Phone Plan Sim Card"",""url"":""https://m.media-amazon.com/images/S/vse-vms-transcoding-artifact-us-east-1-prod/3809acad-c450-44c7-be00-b0a6b91711ea/default.jobtemplate.hls.m3u8""}]","no","no","","21","12","8.8","0.2","12","0","14","8.5","5.6","0.3","","","","","","","no","no","","no","no","no","no","","","no","-","","","","","","","",""
"1","1","1","1","0 %","0 %","0 %","0 %","","","","","","","","","SpeedTalk-Mobile-Smart-Phones-Cellphones","","B0CPTJRWCJ","","no","no","no","yes","no","no","no","yes","no","yes","no","no","no","no","no","no","no","no","no","no","no","no","no","no","no","no","no","no","no","no","no","no","no","no","no","yes","no","no","no","no","no","no","no","com","https://m.media-amazon.com/images/I/71-yjX4uYnL.jpg;https://m.media-amazon.com/images/I/71RtRr-292S.jpg;https://m.media-amazon.com/images/I/61Y-cxQ64mL.jpg;https://m.media-amazon.com/images/I/71f98w+szFL.jpg;https://m.media-amazon.com/images/I/81cNX3ZS30L.jpg;https://m.media-amazon.com/images/I/61x8Lo00jbL.jpg;https://m.media-amazon.com/images/I/71Lf1bNfH3L.jpg","","7","SpeedTalk Mobile SIM Card Kit for Smart Phones & Cellphones | $25 Plan - 1250 SMS Texts OR 1250 Minutes OR 1250 MB 5G 4G LTE Data | 3-in-1 Standard Micro Nano Size | 60 Days USA Wireless Coverage","","","AFFORDABLE & REFILLABLE PHONE SIM CARD PLAN: Experience true affordability with SpeedTalk Mobile's prepaid Low-Cost Subscription Plan. For only $25, includes 1250 units. Each unit can be used in any combination of Talk/Text/Data at 2 Cents per Text (SMS), 2 Cents per Minute (Talk), 2 Cents per MB of 5G 4G LTE Data (inclusive of MMS) for a 60-day period. This plan will automatically renew with the same plan once all allotted credits have been used up. No Contracts and No Credit Checks.","EASY ACTIVATION: Valid credit card is needed at activation. No contracts. Cancel anytime. SpeedTalk Mobile offers its services through subscription plans. 3 EASY steps. You can also call us for assistance 7 days a week with LIVE CUSTOMER SUPPORT when you call our toll-free number.","VERSATILE COMPATIBILITY: With 'Bring Your Own Phone, you can utilize any compatible cell phone on the SpeedTalk Mobile network. Our SIM card works with all unlocked 5G 4G LTE compatible phones, be it iPhones, Androids (Samsung Galaxy, Google Pixel), LG, Windows, or non-smartphones. It's a Triple Cut SIM Card, available in three sizes (Mini/Micro/Nano), ensuring compatibility with various devices. Simply pop out the size that fits your device and insert it.","KEEP YOUR PHONE NUMBER: Stay connected with your current contacts without breaking the bank. You have the choice to keep your current phone number or obtain a new one.","TOP-TIER NATIONWIDE COVERAGE: Say goodbye to dropped calls, slow data, and loading delays. SpeedTalk Mobile delivers expansive 5G 4G LTE coverage across the nation, encompassing Hawaii, Puerto Rico, and the US Virgin Islands, all on the largest and fastest network. For detailed network ranges, refer to the SpeedTalk Mobile Coverage Map.","","","","","","738372","722496","763738","659134","601895","0 %","2 %","3 %","-2 %","-234,520","-47 %","503852","80211","1152025","0","0","","","0","4","Cell Phones & Accessories","wireless_display_on_website","# 1,242 | Top 13% | SIM Cards","","","","","","","","","","","","-","2024/06/15 23:08","2026/05/27 00:58","2026/02/01 02:48","25.00","","25.00","25.00","25.00","25.00","0 %","0 %","0 %","0 %","$ 0.00","0 %","25.00","25.00","25.00","3","0 %","IN_STOCK","","-","","SpeedTalk Mobile (98%) / A13X3GVNM9G7YR","","0 %","0 %","0 %","0 %","100 %","100 %","100 %","100 %","1","1","1","1","-","-","-","8","8","8","yes","no","-","","no","no","no","no","1","0","0","0","0","0","0","0","","","","","","","","","","","","","","","","100 %","1","1","no Amazon offer exists","","25.00","25.00","25.00","25.00","25.00","0 %","0 %","0 %","0 %","$ 0.00","0 %","25.00","25.00","25.00","0 %","","25.00","25.00","25.00","25.00","","","","","","","","25.00","25.00","","-","3.44","15 %","3.75","","","","","","","","","","","","","","","3","-","","","","","","","","","","","","","","","","","","","","","","","","","","","","","","","no","","","","","","","","","","","","","","","","100 %","","","","","","","","","","","","","","","","","","","","","","","","","","","","","","","","","","","","","","","","","","","","","","","","","","","","","","","","","","","","","","","","","","","","","","","","","","","","","","","","","","","","","","","","","","","","","","","","","","","25.00","25.00","25.00","25.00","25.00","0 %","0 %","0 %","0 %","$ 0.00","0 %","25.00","10.00","25.00","","","","","","","","","","","","","","","","","","","","","","","","","","","","","","","","","","","","","","","","","","","1","1","1","1","1","1","0 %","0 %","0 %","0 %","1","","","","","","","","","","","","","","","","","","","","","","","","","","","","2023/12/17","2023/10/27","https://www.amazon.com/dp/B0CPTJRWCJ","https://keepa.com/#!product/1-B0CPTJRWCJ","Cell Phones & Accessories","SIM Cards","Cell Phones & Accessories › SIM Cards & Prepaid Minutes › SIM Cards","Wireless","wireless_display_on_website","","0850043471622","","850043471622","","","","0","","","SIM_CARD","SpeedTalk Mobile","SpeedTalk Mobile","SpeedTalk Mobile","SpeedTalkMobile","https://www.amazon.com/stores/SpeedTalkMobile/page/F3D278F0-9F00-49C0-9A70-02C3A04B24F3","","","","","","","","","","","","cell-phone-sim-cards","","","","","","","","","","0","","","","","4","yes","[{""creator"":""Creator: Main"",""duration"":""29s"",""image"":""https://m.media-amazon.com/images/I/716x8Jn4zdL.jpg"",""name"":""SpeedTalk Mobile"",""title"":""SpeedTalk Mobile | Phones"",""url"":""https://m.media-amazon.com/images/S/vse-vms-transcoding-artifact-us-east-1-prod/4ee7f3ee-ddda-43bc-8ab0-342a8c6b316b/default.jobtemplate.hls.m3u8""}]","[{""creator"":""Creator: Seller"",""duration"":""25s"",""image"":""https://m.media-amazon.com/images/I/91MwdmLDiPL.png"",""name"":""SpeedTalk Mobile"",""title"":""Introducing the triple-cut SIM card"",""url"":""https://m.media-amazon.com/images/S/vse-vms-transcoding-artifact-us-east-1-prod/d1e2733c-3c87-40ed-87d6-0c40f7b433d4/default.jobtemplate.hls.m3u8""},{""creator"":""Creator: Seller"",""duration"":""51s"",""image"":""https://m.media-amazon.com/images/I/419coq6GzML.jpg"",""name"":""SpeedTalk Mobile"",""title"":""SpeedTalk Mobile 5G 4G LTE"",""url"":""https://m.media-amazon.com/images/S/vse-vms-transcoding-artifact-us-east-1-prod/6e998fd1-c990-44a9-9413-cbba65e243ec/default.jobtemplate.hls.m3u8""},{""creator"":""Creator: Seller"",""duration"":""40s"",""image"":""https://m.media-amazon.com/images/I/A1iPJdiNmlL.png"",""name"":""SpeedTalk Mobile"",""title"":""Meet speedtalk Mobile"",""url"":""https://m.media-amazon.com/images/S/vse-vms-transcoding-artifact-us-east-1-prod/5f4cc818-c13a-4876-b5a6-451c5ad555e9/default.jobtemplate.hls.m3u8""}]","yes","no","[{""fromManufacturer"":false,""module"":[{""image"":[""https://m.media-amazon.com/images/S/aplus-media-library-service-media/016e2e33-7ed4-4ea5-80fa-8ed48f00c5a0.jpg""],""imageAltText"":[""Pay As You Go Plan""],""text"":[""This prepaid SIM Card can be used to ACTIVATE any unlocked 5G 4G GSM Phones including iPhones, Androids, Samsung Galaxy, Google Pixel, LG, & more""]},{""image"":[""https://m.media-amazon.com/images/S/aplus-media-library-service-media/dcba9b77-9831-4d12-87ec-5823fbc1ad93.png""],""imageAltText"":[""Prepaid SIM Card Cellphone Smartphone simcard kit SpeedTalk Mobile Talk Text Data T-Mobile Wireless""]},{""image"":[""https://m.media-amazon.com/images/S/aplus-media-library-service-media/4d30cca7-82bb-4daf-aaa3-8c82e7218a4d.png""],""imageAltText"":[""Stay Connected With Speedtalk Mobile""]},{""asin"":[""B07MGJBRTQ"",""B0CPTK9YK4"",""B0CPTJRWCJ""]},{""image"":[""https://m.media-amazon.com/images/S/aplus-media-library-service-media/cf86e123-d3e5-499e-9332-8e2f3429eb83.jpg""],""imageAltText"":[""tricut sim""],""text"":[""Use your own device- activate any T-Mobile phone, AT&T unlocked phone, Apple iPhone, Android, Windows, any compatible GSM cell phone or other compatible tablets"",""Ready to use. Activation Code included."",""Includes Units that ranges from 250 to 1250."",""Each unit can be used in any combination of Talk/Text/Data at 2 Cents per Texts (SMS), 2 Cents per Minute (Talk), 2 Cents per MB of 5G 4G LTE Data (inclusive of MMS) for a period of 30 to 60 days depending on the chosen plan."",""Nationwide fast 5G 4G LTE service on GSM Network"",""After SIM activation, it may take up to 24 hours for the GPRS and data settings to sync and update with your device. Make sure to turn on your device in an area with good reception."",""SpeedTalk Mobile offers its services through subscription plans which auto-renew every 30/60 days depending on the chosen service plan. Plan begins as soon as you activate your service. You’ll be charged the rate stated at the time of purchase, until you cancel."",""There is no contract, cancellations can be made any time by contacting customer support. A valid credit card is required to cover overages in case you exceed the applicable Voice, SMS and Data limits. To avoid overage charges, you should purchase the appropriate plan for your anticipated needs."",""Our prepaid SIM card can be used with any unlocked 5G/4G LTE GSM device such as but not limited to:"",""Apple iPhones"",""Samsung Galaxy Smart Phones"",""T-Mobile Phones"",""Android & iOS Cell Phones"",""Unlocked AT&T and Unlocked Verizon Phones (universal phone)"",""Unlocked GSM Smartphones: Huawei, ZTE, Nokia, Alcatel, TCL,RCA, LG, HTC"",""Unlocked GSM Cellphones : Google Pixel, Nexus, Motorola, One Plus"",""Feature Phones, Flip Phones and Any Universal GSM Cellular Phones.""]}]}]","195","15.8","8.8","1.4","32","","14","8.5","5.6","0.3","","","","","","","no","no","","no","no","no","no","","","no","-","","","","","","","",""
"1","1","1","1","0 %","0 %","0 %","0 %","","","","","","","","","SpeedTalk-Mobile-Smart-Watch-Card","","B07D5L4ZCD","","no","no","no","yes","no","no","no","yes","no","yes","no","no","no","no","no","no","no","no","no","no","no","no","no","no","no","no","no","no","no","no","no","no","no","no","no","yes","no","no","no","no","no","no","no","com","https://m.media-amazon.com/images/I/712XESxNcVL.jpg;https://m.media-amazon.com/images/I/61UugdYgf4L.jpg;https://m.media-amazon.com/images/I/71PXPputJ8L.jpg;https://m.media-amazon.com/images/I/71s+arbFFrL.jpg;https://m.media-amazon.com/images/I/71f98w+szFL.jpg;https://m.media-amazon.com/images/I/510Kv+EzjKL.jpg;https://m.media-amazon.com/images/I/61xLKQqVUqL.jpg","","7","Smart Watch SIM Card - Compatible with 2G 3G 4G LTE GSM Smartwatches and Wearables - 1 Year Service","SpeedTalk Mobile is one of the leading providers of cellular technology. We provide a variety of flexible wireless plans to meet your needs. SpeedTalk is compatible with majority of 4G 5G LTE GSM Smart watches and Wearables.
A Smart Watch is a convenient device on your wrist that work like smartphones. Often standalone or paired with a smartphone.
Standalone smart watches work independently and require a GSM SIM card for cellular connection.
SpeedTalk Mobile’s GSM SIM card enable smart watches and wearables to run apps, receive notification, send and receive text, make and receive phone calls, and tracking capabilities for kids/pet/car GPS trackers. 50 Minutes & 100 SMS & 100MB Data are included in this plan every month for 12 months. Check Coverage map at STKMap. To activate please visit us at ActivateSpeedTalk.

After SIM activation, it may take up to 24 hours for the GPRS and data settings to sync and update with your device. Make sure to turn on your device in an area with good reception.

Easy cancellation can be made any time through our website or by contacting customer support. A valid credit card is required at the time of activation to cover overages in case you exceed the applicable Voice, SMS and Data limits.","","50 Minutes & 100 SMS & 100MB are included in this plan every month for 12 months; SIM & Plan is compatible with any 4G 5G LTE GSM Smartwatches and Wearables.","U.S.A. Phone Number Included: Get your own U.S. number at activation. Choose a number from your ZIP code, or get one auto assigned to you. Powered by secure U.S.-based company and servers to keep your data protected.","No Activation Fee. No Contract. No Credit Check.","Punch out the 3-in-1 ready to use SIM card. Standard SIM, Micro SIM and Nano SIM.","Our service will work within the United States Only. Roaming is not supported in this plan. Check Coverage at STKMap.","","","","","","411554","285419","381809","335705","300131","-1 %","-2 %","-8 %","-44 %","13,470","3 %","425024","52916","470880","0","4","3.3","68","5","15","Cell Phones & Accessories","wireless_display_on_website","# 850 | Top 8% | SIM Cards","","","","68","68","68","68","","","","","-","2025/07/05 03:36","2026/05/09 04:40","2026/05/09 04:40","60.00","","60.00","60.00","60.00","60.00","0 %","0 %","0 %","0 %","$ 0.00","0 %","60.00","38.39","63.99","","0 %","IN_STOCK","","-","","SpeedTalk Mobile (98%) / A13X3GVNM9G7YR","","0 %","0 %","0 %","0 %","100 %","100 %","100 %","100 %","1","1","1","1","-","-","-","8","8","8","yes","no","-","","no","no","no","yes","1","0","0","0","0","0","0","0","","","","","","","","","","","","","","","","100 %","1","1","no Amazon offer exists","","60.00","60.00","60.00","60.00","60.00","0 %","0 %","0 %","0 %","$ 0.00","0 %","60.00","38.39","63.99","0 %","","60.00","60.00","60.00","60.00","","","","","","","","38.39","63.99","","-","3.71","15 %","9.00","","","","","","","","","","","","","63.99","65.01","","-","","","","","","","","","","","","","","","","","","","","","","","","","","","","","","","no","","","","","","","","","","","","","","35.42","55.20","100 %","","","","","","","","","","","","","37.72","37.72","","","","","","","","","","","","","35.42","55.20","","","","","","","","","","","","","","","","","","","","","","","","","","","","","","","","","","","","","","","","","35.42","55.20","","","","","","","","","","","","","","","","","","","","","","","","","","","","","60.00","60.00","60.00","60.00","60.00","0 %","0 %","0 %","0 %","$ 0.00","0 %","60.00","60.00","63.99","","","","","","","","","","","","","","","","","","","","","","","","","","","","","","","","","","","","","","","","","","","1","1","1","1","1","1","0 %","0 %","0 %","0 %","1","","","","","","","","","","","","","","","","","","","","","","","","","","","","2018/05/29","2018/05/18","https://www.amazon.com/dp/B07D5L4ZCD","https://keepa.com/#!product/1-B07D5L4ZCD","Cell Phones & Accessories","SIM Cards","Cell Phones & Accessories › SIM Cards & Prepaid Minutes › SIM Cards","Wireless","wireless_display_on_website","","0793052171476","","793052171476","","","","0","","","SIM_CARD","SpeedTalk Mobile","SpeedTalk Mobile","SpeedTalk Mobile","SpeedTalkMobile","https://www.amazon.com/stores/SpeedTalkMobile/page/F3D278F0-9F00-49C0-9A70-02C3A04B24F3","","","","","1","Count","","","","Modern","","cell-phone-sim-cards","","","","","","","","","","","","","","","3","yes","[{""creator"":""Creator: Main"",""duration"":""35s"",""image"":""https://m.media-amazon.com/images/I/B1dDkjshcjL.png"",""name"":""SpeedTalk Mobile"",""title"":""SpeedTalk Mobile | Smart Watch"",""url"":""https://m.media-amazon.com/images/S/vse-vms-transcoding-artifact-us-east-1-prod/4d551d9f-2934-4f2a-8ef0-434276bc28e3/default.jobtemplate.hls.m3u8""}]","[{""creator"":""Creator: Seller"",""duration"":""25s"",""image"":""https://m.media-amazon.com/images/I/91MwdmLDiPL.png"",""name"":""SpeedTalk Mobile"",""title"":""Introducing the triple-cut SIM card"",""url"":""https://m.media-amazon.com/images/S/vse-vms-transcoding-artifact-us-east-1-prod/d1e2733c-3c87-40ed-87d6-0c40f7b433d4/default.jobtemplate.hls.m3u8""},{""creator"":""Creator: Seller"",""duration"":""51s"",""image"":""https://m.media-amazon.com/images/I/51IrTXbLVZL.jpg"",""name"":""SpeedTalk Mobile"",""title"":""SpeedTalk Mobile Smart Watch Sim Card"",""url"":""https://m.media-amazon.com/images/S/vse-vms-transcoding-artifact-us-east-1-prod/cc02cd9e-416c-4d34-9940-4dba26951b1c/default.jobtemplate.hls.m3u8""}]","no","no","","32","11.9","8.9","0.3","14","1","14","8.5","5.6","0.3","","","","","","","no","no","","no","no","no","no","","","no","-","","","","","","","",""
"1","1","1","1","0 %","0 %","0 %","0 %","","","","","","","","","24GB-Internet-Hotspots-Security-Monitoring","","B0CSH284FY","SpeedTalk Data Only SIM Card Prepaid USA Coverage","no","no","no","yes","no","no","no","yes","no","yes","no","no","no","no","no","no","no","no","no","no","no","no","no","no","no","no","no","no","no","no","no","no","no","no","no","yes","no","no","no","no","no","no","no","com","https://m.media-amazon.com/images/I/61vCPTjgNkL.jpg;https://m.media-amazon.com/images/I/61ylPPj2MtL.jpg;https://m.media-amazon.com/images/I/71yE0rvtIzL.jpg;https://m.media-amazon.com/images/I/71f98w+szFL.jpg;https://m.media-amazon.com/images/I/71HPjurkTRL.jpg;https://m.media-amazon.com/images/I/61zQM9GtYOL.jpg","","6","SpeedTalk 24GB Data SIM Card – 360 Days | Prepaid 5G/4G LTE for USA | Data-Only SIM for Hotspots, Routers, Security Systems, GPS, Tablets, IoT & Remote Monitoring","","","24GB DATA FOR 360 DAYS – Get 24GB of high-speed 5G/4G LTE data valid for a full 360 days. Perfect for heavy-duty IoT use, remote monitoring, GPS trackers, surveillance systems, business routers, and smart sensors.","WORKS WITH MANY DEVICES – Triple-cut SIM fits Standard, Micro, and Nano slots. Use with tablets, modems, LTE routers, mobile hotspots, and other devices that need reliable data. Track your data usage and manage your plan online.","NATIONWIDE COVERAGE IN USA – Enjoy stable and fast connectivity across major U.S. networks. Great for rural areas, off-grid setups, multi-camera installations, and always-on data use.","EASY ONE-TIME SETUP – Activate once and stay connected for a year with no contracts or monthly renewals. Insert the SIM, activate online, and start using. A valid credit card is required for activation. Cancel anytime.","DATA-ONLY PLAN FOR IOT/M2M – No voice or text service. Designed for secure data transfer between smart devices like GPS systems, solar panel monitors, wildlife cameras, and industrial IoT. Get help 7 days a week from our multilingual support team via email, phone, or live chat.","","","","","","11806","14038","14963","23661","45714","3 %","12 %","21 %","16 %","30,363","72 %","42169","10154","322508","14","27","3.5","215","64","122","Cell Phones & Accessories","wireless_display_on_website","# 24 | Top 0.29% | SIM Cards","","","","213","204","162","96","","","","","-","2026/02/12 00:48","2026/05/23 11:36","2026/05/13 10:00","89.00","","89.00","89.00","89.00","91.52","0 %","0 %","0 %","0 %","$ 0.00","0 %","89.00","89.00","119.00","","0 %","IN_STOCK","","-","","SpeedTalk Mobile (98%) / A13X3GVNM9G7YR","","0 %","0 %","0 %","0 %","100 %","100 %","99 %","100 %","1","1","1","1","-","-","7.37","8","8","60","yes","no","-","","no","no","no","yes","1","0","0","0","0","0","0","0","","","","","","","","","","","","","","","","100 %","1","1","no Amazon offer exists","","89.00","89.00","89.00","89.00","91.54","0 %","0 %","0 %","0 %","$ 0.00","0 %","89.00","89.00","119.00","0 %","","89.00","89.00","89.00","92.44","","","","","","","","89.00","119.00","","-","3.71","15 %","13.35","","","","","","","","","","","","","","","","-","","","","","","","","","","","","","","","","","","","","","","","","","","","","","","","no","","","","","","","","","","","","","","","","100 %","","","","","","","","","","","","","","","","","","","","","","","","","","","","","","","","","","","","","","","","","","","","","","","","","","","","","","","","","","","","","","","","","","","","","","","","","","","","","","","","","","","","","","","","","","","","","","","","","","","119.00","119.00","119.00","119.00","119.00","0 %","0 %","0 %","0 %","$ 0.00","0 %","119.00","119.00","119.00","","","","","","","","","","","","","","","","","","","","","","","","","","","","","","","","","","","","","","","","","","","1","1","1","1","1","1","0 %","0 %","0 %","0 %","1","","","","","","","","","","","","","","","","","","","","","","","","","","","","2024/01/19","2024/01/17","https://www.amazon.com/dp/B0CSH284FY?psc=1","https://keepa.com/#!product/1-B0CSH284FY","Cell Phones & Accessories","SIM Cards","Cell Phones & Accessories › SIM Cards & Prepaid Minutes › SIM Cards","Wireless","wireless_display_on_website","","0850043471714","","850043471714","","B0FMRLGP8C","B084DD3HB3,B0CSHRP6SX,B0CSVBRFCH,B0CSH7VXK6,B0CSH284FY","5","","","SIM_CARD","Speedtalk Mobile","SpeedTalk Mobile","SpeedTalk Mobile","SpeedTalkMobile","https://www.amazon.com/stores/SpeedTalkMobile/page/F3D278F0-9F00-49C0-9A70-02C3A04B24F3","24 GB Data | 360 Days","Model: 24 GB Data | 360 Days;","","","","","","","","","","cell-phone-sim-cards","","","","","","","","","","1","","","","","3","yes","[{""creator"":""Creator: Main"",""duration"":""32s"",""image"":""https://m.media-amazon.com/images/I/815KGYcYwML.png"",""name"":""SpeedTalk Mobile"",""title"":""SpeedTalk Mobile | Data Pland"",""url"":""https://m.media-amazon.com/images/S/vse-vms-transcoding-artifact-us-east-1-prod/a9eb1f02-fbc2-494f-9232-f27f438d99b9/default.jobtemplate.hls.m3u8""}]","[{""creator"":""Creator: Seller"",""duration"":""25s"",""image"":""https://m.media-amazon.com/images/I/91MwdmLDiPL.png"",""name"":""SpeedTalk Mobile"",""title"":""Introducing the triple-cut SIM card"",""url"":""https://m.media-amazon.com/images/S/vse-vms-transcoding-artifact-us-east-1-prod/d1e2733c-3c87-40ed-87d6-0c40f7b433d4/default.jobtemplate.hls.m3u8""},{""creator"":""Creator: Seller"",""duration"":""51s"",""image"":""https://m.media-amazon.com/images/I/419coq6GzML.jpg"",""name"":""SpeedTalk Mobile"",""title"":""SpeedTalk Mobile 5G 4G LTE"",""url"":""https://m.media-amazon.com/images/S/vse-vms-transcoding-artifact-us-east-1-prod/6e998fd1-c990-44a9-9413-cbba65e243ec/default.jobtemplate.hls.m3u8""}]","yes","no","[{""fromManufacturer"":false,""module"":[{""image"":[""https://m.media-amazon.com/images/S/aplus-media-library-service-media/5dd670f2-9666-4438-b988-b5c820714a9d.png""],""imageAltText"":[""IoT M2M Data SIM Card Kit Internet Wifi gps tracker smartwatch alarm router modem wifi hotspot""],""text"":[""This Data plan is great choice when you need internet service on your device. With our 3 in 1 Triple Cut SIM Card, stay online and connected. IoT & M2M Devices like Trackers, Asset Trackers, Alarm Systems, Mobile Hot Spots, IOT Cameras, Smartwatches, Car Trackers, GPS Devices and more are compatible with our SIM Cards."",""Running out of Data? You can add more balance through your account. Enjoy using our 5G / 4G LTE service across the US. Check Coverage at STKMap."",""Cancellations can be made any time by contacting technical support team.""]},{""image"":[""https://m.media-amazon.com/images/S/aplus-media-library-service-media/8b2d4722-96bd-4515-bad7-95bdeae05e72.png""],""imageAltText"":[""24 GB""]},{""image"":[""https://m.media-amazon.com/images/S/aplus-media-library-service-media/d1e0ab17-bc89-4d61-9ec1-efd13f4c282d.png""],""imageAltText"":[""prepaid iot data sim card gps tracker smartwatch alarm camera cctv obd tablet laptop router hotspot""],""text"":[""Compatible With Many IoT & M2M Devices"",""With the multiple data consuming products in the market, we have done our best to make our SIM Cards compatible with a majority of those devices. Bring your own device (BYOD) and choose the SIM Size that fits it best with our Three in One Triple Cut SIM."",""Nationwide Coverage"",""Coast-to-coast wireless coverage. Forget about loading issues or slow data speeds. We use a nationwide 5G / 4G LTE Network to ensure you stay connected."",""EASY ACTIVATION: Valid credit card is needed at activation, No contracts, Cancel anytime. SpeedTalk Mobile offers its services through subscription plans which auto-renew every service plan cycle. Plan begins as soon as you activate your service. You’ll be charged the rate stated at the time of purchase, every plan period, until you cancel. Cancellations can be made any time by contacting technical support team. A valid credit card is required to cover overages in case you exceed the applicable data limit."",""Live support is ready to help you. Our team is available to help you with activation, set up, APN settings, and more. Contact them via Call, Chat, or email."",""Our representatives are available 7 days a week, 365 days a year. 4:30 AM - 8:30 PM (PDT)""]},{""image"":[""https://m.media-amazon.com/images/S/aplus-media-library-service-media/fb20ad9a-192c-424f-b82d-10867813ba15.png"",""https://m.media-amazon.com/images/S/aplus-media-library-service-media/c1545feb-a21f-4a69-ae1d-af35113012fd.png"",""https://m.media-amazon.com/images/S/aplus-media-library-service-media/98b4bed0-d934-4fdc-b320-d90ec9904bfb.png""],""imageAltText"":[""Purchase Speedtalk"",""Ship"",""Activate""],""text"":[""PURCHASE"",""Obtain our versatile 3-in-1 SIM card, featuring standard, micro, and nano sizes for seamless compatibility."",""This SIM card is suitable for use in any unlocked device"",""SHIP"",""Anticipate the arrival of your express shipment from Amazon."",""Delivery time ranges from 2 to 4 days based on the details in your Amazon account."",""PUNCH & ACTIVATE"",""Please visit ACTIVATESPEEDTALK to proceed."",""Activate your SIM card by following the provided instructions."",""Insert the activated SIM card into your device."",""Configure the Access Point Name (APN) settings (refer to your device manual for guidelines)."",""Select a data plan that best suits your needs.""]},{""image"":[""https://m.media-amazon.com/images/S/aplus-media-library-service-media/5c100757-32bf-4e88-9701-2b20d8d9e499.png""],""imageAltText"":[""ioT M2M unlimited prepaid data sim card internet wifi hot spot mifi tablet ipad tracker smartwatch""],""text"":[""Set Up APN on your IoT & M2M Device""]},{""asin"":[""B0CSHRP6SX"",""B0CSVBRFCH"",""B0CSH7VXK6"",""B0CSH284FY""]}]}]","54","12.1","8.9","0.5","18","","14","8.5","5.6","0.3","3","","","","","","no","no","","no","no","no","no","","","no","-","","","","","","","",""
"1","1","1","1","0 %","0 %","0 %","0 %","","","","","","","","","SpeedTalk-Mobile-Cellular-Phones-Cellphones","","B0BSMXZJ51","SpeedTalk Mobile Prepaid SIM Card 5G 4G LTE Data – 3-in-1 SIM for Unlocked Phones – No Contract – 30 Day Prepaid Cell Phone Plan USA","no","no","no","no","no","no","no","no","no","yes","no","no","no","no","no","no","no","no","no","no","no","no","no","no","no","no","no","no","no","no","no","no","no","no","no","yes","no","no","no","no","no","no","no","com","https://m.media-amazon.com/images/I/617zLqwkLRL.jpg;https://m.media-amazon.com/images/I/61Y-cxQ64mL.jpg;https://m.media-amazon.com/images/I/71vooBnwmmL.jpg;https://m.media-amazon.com/images/I/61kbqvnZWaL.jpg;https://m.media-amazon.com/images/I/71f98w+szFL.jpg;https://m.media-amazon.com/images/I/71I6MIuQYOL.jpg;https://m.media-amazon.com/images/I/61CSMNnxISL.jpg","","7","SpeedTalk Prepaid SIM Phone Plan – Talk Text Data - 5G 4G LTE Data – SIM Card for Unlocked Cell Phones & Smartphones – Bring Your Own Phone – 30 Day USA Wireless Service Universal SIM Card","Why pay more for the same cell phone service as the big-name providers? At Speedtalk Mobile we offer the same excellent coverage for half the price! The best part is we don’t lock you into contracts. Pay only for what you need and save. You can keep your current phone number and your current smartphone. Activate any 5G, 4G, LTE T-Mobile phone, AT&T unlocked phone, Apple iPhone, Samsung Galaxy Smartphones, Android Cellphones, or other compatible 5G 4G LTE phones.
Enjoy Unlimited Texts + 500 Minutes Talk + 500 MB Data for 30 days.
Triple Cut 3 in 1 SIM (fits any device). Standard SIM, Micro SIM and Nano SIM. Just punch out the size you need for your wireless device. Check Coverage at STKMap Activate via ActivateSpeedTalk

SpeedTalk Mobile offers its services through subscription plans which auto-renew every 30 days. Plan begins as soon as you activate your SIM card. Plans will auto-renew at the rate stated at the time of purchase, every month, until you cancel. Easy cancellations can be made any time through our website or by contacting customer support. A valid credit card is required at the time of activation.","","✅ PREPAID CELL PLAN WITH FLEXIBLE USAGE Enjoy a prepaid phone plan with 1 GB of 5G 4G LTE data, 500 talk minutes, and 500 text messages per month. Ideal cell phone plan for travelers, seniors, kids, or light data users. Works perfectly with most prepaid cell phone plans and cell phone cards.","📱 UNIVERSAL SIM CARD – COMPATIBLE WITH ALL UNLOCKED PHONES This triple-cut SIM card (nano/micro/standard) works with any unlocked phone, including iPhones, Androids, Samsung Galaxy, Pixel, LG, and more. A great option for those looking for a prepaid SIM card, chip for phone, or sim card mobile with no contract.","🔁 KEEP YOUR NUMBER OR GET A NEW ONE You can port-in your current number or get a new one. Flexible phone sim card with simple activation and no commitment. A smart choice for cell phone services that fit your needs.","🌐 RELIABLE COVERAGE ACROSS THE USA Enjoy nationwide 5G 4G LTE coverage, including Hawaii, Puerto Rico, and US Virgin Islands. Experience stable cellphone plans without dropped calls or buffering—perfect for reliable connectivity anywhere in the U.S.","⚙️ QUICK SETUP – CANCEL ANYTIME Activate online in minutes with a valid credit card. No contracts, cancel anytime. Our live customer support is available 7 days a week. Great for anyone needing a SIM card with number, USA phone setup, or prepaid phone card.","","","","","","155805","235209","239900","210391","179244","-23 %","-12 %","35 %","34 %","93,711","38 %","249516","24930","802801","2","5","3.4","77","13","38","Cell Phones & Accessories","wireless_display_on_website","# 350 | Top 6% | SIM Cards","","","","77","77","77","83","","","","","-","2026/04/01 23:46","2026/05/26 22:16","2026/04/01 07:48","11.00","","11.00","10.98","10.99","10.14","0 %","0 %","0 %","0 %","$ 0.00","0 %","11.00","6.75","11.00","3","0 %","IN_STOCK","","-","","SpeedTalk Mobile (98%) / A13X3GVNM9G7YR","","0 %","0 %","0 %","0 %","100 %","100 %","100 %","100 %","1","1","1","1","-","0.24","1.33","8","61","71","yes","no","-","","no","no","no","yes","1","0","0","0","0","0","0","0","","","","","","","","","","","","","","","","100 %","1","1","no Amazon offer exists","","11.00","11.00","10.98","10.99","10.15","0 %","0 %","0 %","0 %","$ 0.00","0 %","11.00","6.75","11.00","0 %","","11.00","11.00","11.00","10.11","","","","","","","","6.75","11.00","3","-","3.44","15 %","1.65","","","","","","","","","","","","","","","","-","","","","","","","","","","","","","","","","","","","","","","","","","","","","","","","no","","","","","","","","","","","","","","","","100 %","","","","","","","","","","","","","","","","","","","","","","","","","","","","","","","","","","","","","","","","","","","","","","","","","","","","","","","","","","","","","","","","","","","","","","","","","","","","","","","","","","","","","","","","","","","","","","","","","","","9.00","9.00","9.00","9.00","9.00","0 %","0 %","0 %","0 %","$ 0.00","0 %","9.00","9.00","9.00","","","","","","","","","","","","","","","","","","","","","","","","","","","","","","","","","","","","","","","","","","","1","1","1","1","1","1","0 %","0 %","0 %","0 %","1","","","","","","","","","","","","","","","","","","","","","","","","","","","","2023/05/24","2018/08/10","https://www.amazon.com/dp/B0BSMXZJ51?psc=1","https://keepa.com/#!product/1-B0BSMXZJ51","Cell Phones & Accessories","SIM Cards","Cell Phones & Accessories › SIM Cards & Prepaid Minutes › SIM Cards","Wireless","wireless_display_on_website","","0850043471387","","850043471387","","B0FRWXKZNW","B08J6P5PXF,B0BSMXZJ51,B0BSG613T2,B0BSG5WDRF","4","","","SIM_CARD","SpeedTalk Mobile","SpeedTalk Mobile","SpeedTalk Mobile","SpeedTalkMobile","https://www.amazon.com/stores/SpeedTalkMobile/page/F3D278F0-9F00-49C0-9A70-02C3A04B24F3","$9 Phone SIM Kit","Model: $9 Phone SIM Kit;","","","","","","","","","","cell-phone-sim-cards","","","","","","","","","","1","","","","","4","yes","[{""creator"":""Creator: Main"",""duration"":""29s"",""image"":""https://m.media-amazon.com/images/I/716x8Jn4zdL.jpg"",""name"":""SpeedTalk Mobile"",""title"":""SpeedTalk Mobile | Phones"",""url"":""https://m.media-amazon.com/images/S/vse-vms-transcoding-artifact-us-east-1-prod/4ee7f3ee-ddda-43bc-8ab0-342a8c6b316b/default.jobtemplate.hls.m3u8""}]","[{""creator"":""Creator: Seller"",""duration"":""40s"",""image"":""https://m.media-amazon.com/images/I/A1iPJdiNmlL.png"",""name"":""SpeedTalk Mobile"",""title"":""Meet speedtalk Mobile"",""url"":""https://m.media-amazon.com/images/S/vse-vms-transcoding-artifact-us-east-1-prod/5f4cc818-c13a-4876-b5a6-451c5ad555e9/default.jobtemplate.hls.m3u8""},{""creator"":""Creator: Seller"",""duration"":""25s"",""image"":""https://m.media-amazon.com/images/I/91MwdmLDiPL.png"",""name"":""SpeedTalk Mobile"",""title"":""Introducing the triple-cut SIM card"",""url"":""https://m.media-amazon.com/images/S/vse-vms-transcoding-artifact-us-east-1-prod/d1e2733c-3c87-40ed-87d6-0c40f7b433d4/default.jobtemplate.hls.m3u8""},{""creator"":""Creator: Seller"",""duration"":""51s"",""image"":""https://m.media-amazon.com/images/I/419coq6GzML.jpg"",""name"":""SpeedTalk Mobile"",""title"":""SpeedTalk Mobile 5G 4G LTE"",""url"":""https://m.media-amazon.com/images/S/vse-vms-transcoding-artifact-us-east-1-prod/6e998fd1-c990-44a9-9413-cbba65e243ec/default.jobtemplate.hls.m3u8""}]","no","no","","21","12.1","8.8","0.2","12","0","14","8.5","5.6","0.3","","","","","","","no","no","","no","no","no","no","","","no","-","","","","","","","",""
"1","1","1","1","0 %","0 %","0 %","0 %","","","","","","","","","SpeedTalk-Mobile-SIM-Phone-Kit","","B09VWB1Y11","","no","no","no","yes","no","no","no","yes","no","yes","no","no","no","no","no","no","no","no","no","no","no","no","no","no","no","no","no","no","no","no","no","no","no","no","no","yes","no","no","no","no","no","no","no","com","https://m.media-amazon.com/images/I/718La5wEDNL.jpg;https://m.media-amazon.com/images/I/71Fy5mjB3NL.jpg;https://m.media-amazon.com/images/I/61tbIbiVxcL.jpg;https://m.media-amazon.com/images/I/71f98w+szFL.jpg;https://m.media-amazon.com/images/I/71cK96ZWn3L.jpg;https://m.media-amazon.com/images/I/61ZySbkxyFL.jpg;https://m.media-amazon.com/images/I/71LdC5+UaKL.jpg;https://m.media-amazon.com/images/I/814RXRcnWCL.jpg","","8","SpeedTalk Mobile Preloaded SIM Card for iOS Android 5G 4G LTE Smart Phones | Unlimited Data Talk & Text for 30 Days | 3 in 1 Simcard Standard Micro Nano | No Contract US Coverage ($26 Phone SIM Kit)","Speedtalk Mobile's best selling plan. Activate any 4G 5G T-Mobile phone, AT&T unlocked phone, Apple iPhone Cellphones, Samsung Galaxy Smart Phones, Android smartphones, or other compatible 4G phones. Ready to use. Activation Code included.
Enjoy Unlimited Talk & Text + 6GB of 5G 4G LTE then Unlimited Data at 2G speed for 30 days.
Triple Cut 3 in 1 SIM (fits any device). Standard SIM, Micro SIM and Nano SIM. Just punch out the size you need for your wireless device. Check Coverage at STKMap Activate via ActivateSpeedTalk Purchase additional credits (Cash Cards) directly at RefillSpeedtalk

After SIM activation, it may take up to 24 hours for the GPRS and data settings to sync and update with your device. Make sure to turn on your device in an area with good reception

SpeedTalk Mobile offers its services through subscription plans which auto-renew every 30 days. Plan begins as soon as you activate your SIM card. Plans will auto-renew at the rate stated at the time of purchase, every month, until you cancel. Easy cancellations can be made any time through our website or by contacting customer support. A valid credit card is required at the time of activation.","","Unlimited Data, Talk & Text on a 5G 4G LTE network. First 6GB at full speed then Unlimited Data for 30 days. $26 monthly","HOW DOES IT WORK: The SIM Kit includes a 3-in-1 SIM card (standard, micro, and nano sizes) to fit all SIM Devices and supports eSIM activation on Apple, Google, Samsung devices(please see device chart in this listing). Activation is required to begin SpeedTalk Mobile service.","UNIVERSAL COMPATIBILITY: Bring your own phone allows you to use any compatible cell phone on the SpeedTalk Mobile network. The SIM Card can be used to ACTIVATE ANY UNLOCKED 5G 4G GSM COMPATIBLE PHONE including iPhones, Androids Samsung Galaxy, Google Pixel, LG, Windows, and non-smartphones. Our Sim Card is designed in 3 different sizes (MINI/MICRO/NANO) to ensure that you can use it with a variety of devices. Just punch out the size that fits your device and insert it.","KEEP YOUR PHONE NUMBER: Stay connected with your current contacts without breaking the bank. You have the choice to keep your current phone number or obtain a new one.","TOP-TIER NATIONWIDE COVERAGE: Say goodbye to dropped calls, slow data, and loading delays. SpeedTalk Mobile delivers expansive 5G 4G LTE coverage across the nation, encompassing Hawaii, Puerto Rico, and the US Virgin Islands, all on the largest and fastest network. For detailed network ranges, refer to the SpeedTalk Mobile Coverage Map.","","","","","","907272","885730","902955","854994","731631","0 %","0 %","0 %","-2 %","-104,309","-13 %","802963","108179","1529253","0","0","","","0","1","Cell Phones & Accessories","wireless_display_on_website","# 1,392 | Top 14% | SIM Cards","","","","","","","11","","","","","-","2026/02/14 14:36","2026/05/23 04:12","2026/05/09 09:54","26.00","","26.00","26.00","26.00","25.33","0 %","0 %","0 %","0 %","$ 0.00","0 %","26.00","20.80","26.00","","0 %","IN_STOCK","","-","","SpeedTalk Mobile (98%) / A13X3GVNM9G7YR","","0 %","0 %","0 %","0 %","100 %","100 %","100 %","100 %","1","1","1","1","-","-","1.74","8","8","61","yes","no","-","","no","no","no","yes","1","0","0","0","0","0","0","0","","","","","","","","","","","","","","","","100 %","1","1","no Amazon offer exists","","26.00","26.00","26.00","26.00","25.34","0 %","0 %","0 %","0 %","$ 0.00","0 %","26.00","20.80","26.00","0 %","","26.00","26.00","26.00","25.48","","","","","","","","20.80","26.00","","-","3.57","15 %","3.90","","","","26.00","26.00","","","","","","","","26.00","26.00","","-","","","","","","","","","","","","","","","","","","","","","","","","","","","","","","","no","","","","","","","","","","","","","","","","100 %","","","","","","","","","","","","","","","","","","","","","","","","","","","","","","","","","","","","","","","","","","","","","","","","","","","","","","","","","","","","","","","","","","","","","","","","","","","","","","","","","","","","","","","","","","","","","","","","","","","22.00","22.00","22.00","22.00","22.00","0 %","0 %","0 %","0 %","$ 0.00","0 %","22.00","22.00","22.00","","","","","","","","","","","","","","","","","","","","","","","","","","","","","","","","","","","","","","","","","","","1","1","1","1","1","2","0 %","0 %","0 %","0 %","1","","","","","","","","","","","","","","","","","","","","","","","","","","","","2022/06/08","2018/08/08","https://www.amazon.com/dp/B09VWB1Y11","https://keepa.com/#!product/1-B09VWB1Y11","Cell Phones & Accessories","SIM Cards","Cell Phones & Accessories › SIM Cards & Prepaid Minutes › SIM Cards","Wireless","wireless_display_on_website","","0850028221563","","850028221563","$26 Phone SIM Kit","","","0","","","SIM_CARD","SpeedTalk Mobile","SpeedTalk Mobile","SpeedTalk Mobile","SpeedTalkMobile","https://www.amazon.com/stores/SpeedTalkMobile/page/F3D278F0-9F00-49C0-9A70-02C3A04B24F3","$26 Phone SIM Kit","","","","","","","","","","","cell-phone-sim-cards","","","","","","","","","","1","","","","","3","yes","[{""creator"":""Creator: Main"",""duration"":""29s"",""image"":""https://m.media-amazon.com/images/I/716x8Jn4zdL.jpg"",""name"":""SpeedTalk Mobile"",""title"":""SpeedTalk Mobile | Phones"",""url"":""https://m.media-amazon.com/images/S/vse-vms-transcoding-artifact-us-east-1-prod/4ee7f3ee-ddda-43bc-8ab0-342a8c6b316b/default.jobtemplate.hls.m3u8""}]","[{""creator"":""Creator: Seller"",""duration"":""40s"",""image"":""https://m.media-amazon.com/images/I/A1iPJdiNmlL.png"",""name"":""SpeedTalk Mobile"",""title"":""Meet speedtalk Mobile"",""url"":""https://m.media-amazon.com/images/S/vse-vms-transcoding-artifact-us-east-1-prod/5f4cc818-c13a-4876-b5a6-451c5ad555e9/default.jobtemplate.hls.m3u8""},{""creator"":""Creator: Seller"",""duration"":""50s"",""image"":""https://m.media-amazon.com/images/I/51roFvW6RNL.jpg"",""name"":""SpeedTalk Mobile"",""title"":""SpeedTalk Mobile Unlimited Cell Phone Plans Sim Card"",""url"":""https://m.media-amazon.com/images/S/vse-vms-transcoding-artifact-us-east-1-prod/a3b10bb2-46a2-408a-b034-a9a5f45bb220/default.jobtemplate.hls.m3u8""}]","no","no","","108","13.6","8.8","0.9","141","0","61","8.9","11.4","0.6","","","","","","","no","no","","no","no","no","no","","","no","-","","","","","","","",""
"1","1","1","1","0 %","0 %","0 %","0 %","","","","","","","","","Data-Unlimited-Mins-Voice-Text","","B08162PVN2","","no","no","no","yes","no","no","no","yes","no","yes","no","no","no","no","no","no","no","no","no","no","no","no","no","no","no","no","no","no","no","no","no","no","no","no","no","yes","no","no","no","yes","no","no","no","com","https://m.media-amazon.com/images/I/71Y+5coheaL.jpg;https://m.media-amazon.com/images/I/61xEUcrajKL.jpg;https://m.media-amazon.com/images/I/71vEY+0INpL.jpg;https://m.media-amazon.com/images/I/712XUZM-UlL.jpg;https://m.media-amazon.com/images/I/71f98w+szFL.jpg;https://m.media-amazon.com/images/I/5174Kl5v65L.jpg;https://m.media-amazon.com/images/I/61d+6DxJ61L.jpg","","7","SpeedTalk Mobile $35 Preloaded Smart Phone SIM Card Kit | Unlimited MInutes Call & SMS Text + 10GB of 5G/4G LTE Then Unlimited Data at 2G Speed | 30 Days Wireless Cellphone Service Plan | USA Coverage","","","","","","","","","","","","","817484","787193","813681","746829","677886","0 %","0 %","0 %","-4 %","-127,321","-18 %","690163","55415","1502524","0","0","3.6","15","0","2","Cell Phones & Accessories","wireless_display_on_website","# 1,329 | Top 14% | SIM Cards","","","","15","15","15","15","","","","","-","2026/02/16 22:04","2026/05/09 09:50","2026/05/09 09:50","35.00","","35.00","35.00","35.00","35.00","0 %","0 %","0 %","0 %","$ 0.00","0 %","35.00","19.50","35.00","","0 %","In Stock","","-","","SpeedTalk Mobile (98%) / A13X3GVNM9G7YR","","0 %","0 %","0 %","0 %","100 %","100 %","100 %","100 %","1","1","1","1","-","-","-","8","8","8","yes","no","-","","no","no","no","yes","1","0","0","0","0","0","0","0","","","","","","","","","","","","","","","","100 %","1","1","no Amazon offer exists","","35.00","35.00","35.00","35.00","35.00","0 %","0 %","0 %","0 %","$ 0.00","0 %","35.00","14.00","38.99","0 %","","35.00","35.00","35.00","35.00","","","","","","","","19.50","35.00","","-","3.86","15 %","5.25","","","","","","","","","","","","","14.00","35.00","","-","","","","","","","","","","","","","","","","","","","","","","","","","","","","","","","no","","","","","","","","","","","","","","12.48","18.53","100 %","","","","","","","","","","","","","16.12","17.04","","","","","","","","","","","","","12.84","12.84","","","","","","","","","","","","","","","","","","","","","","","","","","","","","","","","","","","","","","","","","12.84","17.04","","","","","","","","","","","","","","","","","","","","","","","","","","","","","35.00","35.00","35.00","35.00","35.00","0 %","0 %","0 %","0 %","$ 0.00","0 %","35.00","19.50","38.99","","","","","","","","","","","","","","","","","","","","0 %","0 %","0 %","0 %","$ 0.00","0 %","","","","","","","","","","","","","","","","","","1","1","1","1","1","1","0 %","0 %","0 %","0 %","1","","","","","","","","","","","","","","","","","","","","","","","","","","","","2019/11/16","2019/11/08","https://www.amazon.com/dp/B08162PVN2","https://keepa.com/#!product/1-B08162PVN2","Cell Phones & Accessories","SIM Cards","Cell Phones & Accessories › SIM Cards & Prepaid Minutes › SIM Cards","Wireless","wireless_display_on_website","","0616333217031","","616333217031","","","","0","","","SIM_CARD","SpeedTalk Mobile","SpeedTalk Mobile","SpeedTalk Mobile","SpeedTalkMobile","https://www.amazon.com/stores/SpeedTalkMobile/page/F3D278F0-9F00-49C0-9A70-02C3A04B24F3","","","","","","","","","","","","cell-phone-sim-cards","","","","","","","","","","","","","","","3","yes","[{""creator"":""Creator: Main"",""duration"":""29s"",""image"":""https://m.media-amazon.com/images/I/716x8Jn4zdL.jpg"",""name"":""SpeedTalk Mobile"",""title"":""SpeedTalk Mobile | Phones"",""url"":""https://m.media-amazon.com/images/S/vse-vms-transcoding-artifact-us-east-1-prod/4ee7f3ee-ddda-43bc-8ab0-342a8c6b316b/default.jobtemplate.hls.m3u8""}]","[{""creator"":""Creator: Seller"",""duration"":""50s"",""image"":""https://m.media-amazon.com/images/I/51roFvW6RNL.jpg"",""name"":""SpeedTalk Mobile"",""title"":""SpeedTalk Mobile Unlimited Cell Phone Plan Sim Card"",""url"":""https://m.media-amazon.com/images/S/vse-vms-transcoding-artifact-us-east-1-prod/3809acad-c450-44c7-be00-b0a6b91711ea/default.jobtemplate.hls.m3u8""},{""creator"":""Creator: Seller"",""duration"":""25s"",""image"":""https://m.media-amazon.com/images/I/91MwdmLDiPL.png"",""name"":""SpeedTalk Mobile"",""title"":""Introducing the triple-cut SIM card"",""url"":""https://m.media-amazon.com/images/S/vse-vms-transcoding-artifact-us-east-1-prod/d1e2733c-3c87-40ed-87d6-0c40f7b433d4/default.jobtemplate.hls.m3u8""}]","yes","no","[{""fromManufacturer"":false,""module"":[{""image"":[""https://m.media-amazon.com/images/S/aplus-media-library-service-media/f2b555f1-417c-49c8-9306-f4c98097aba9.png""],""imageAltText"":[""Smartphone Banner""],""text"":[""Speedtalk Mobile carries Smartwatch SIMs. Smart Phone SIMs, Tracker SIMS, Alarm System SIMS and more! No Contract, No Credit Check, No Hassle.""]},{""image"":[""https://m.media-amazon.com/images/S/aplus-media-library-service-media/ee79be2e-262f-43d0-9237-cdaff7322d43.png""],""imageAltText"":[""35 TVP""]},{""text"":[""Speedtalk Features"",""Free SIM Card Included"",""- With the purchase of your first month of service, get a free SIM card for your device."",""BYOD, Bring Your Own Device"",""- Our SIM cards are compatible with Apple, Samsung, Windows, Nokia, Motorola, Unlocked ATT, Unlocked T Mobile, and more devices."",""Quick & Simple Set Up"",""- Simple Activation, install the SIM card, then dial, or text away!"",""Live Customer Support"",""- We are here to help you throughout your activation process. We have Live representatives ready to offer support through live calls, live chat, or email."",""Triple Cut SIM Kit"",""- Three In One SIM (fits any device). Standard SIM, Micro SIM and Nano SIM. Just punch out the size you need for your wireless device."",""Port Your Existing Number"",""- You have the option to port-in (keep) your existing phone number or get a new one at no extra charge."",""Nationwide Coverage"",""- Our 5G / 4G LTE service will work within the UNITED STATES. Roaming is available for Canada and Mexico upon request.""]},{""asin"":[""B08FLXDH9Y"",""B08HW1L5TB"",""B09R8Y33WV"",""B08FM6YSGS""]},{""image"":[""https://m.media-amazon.com/images/S/aplus-media-library-service-media/66cb1df7-0010-4e46-896f-02ea83313bf5.png""],""imageAltText"":[""Coverage""]},{""image"":[""https://m.media-amazon.com/images/S/aplus-media-library-service-media/d43a3f3f-afbd-42d7-bd80-876914fceedc.png""],""imageAltText"":[""Manage your account Anytime and Anywhere with the speedtalk mobile App""],""text"":[""Our support team is available 7 days a week, 365 days a year. 4:30 AM - 8:30 PM (PDT)."",""SpeedTalk Mobile offers its services through subscription plans which auto-renew every 30 days. Plan begins as soon as you activate your service. You’ll be charged the rate stated at the time of purchase, every month, until you cancel. Cancellations can be made any time by contacting customer support. A valid credit card is required to cover overages in case you exceed the applicable data limit.""]}]}]","521","17.6","8.7","3.4","32","1","34","8.9","6.4","0.6","","","","","","","no","no","","no","no","no","no","","","no","-","","","","","","","",""
"1","1","1","1","0 %","0 %","0 %","0 %","","","","","","","","","SpeedTalk-Mobile-Unlimited-Phone-Plan","","B09GT671CV","SpeedTalk Mobile SIM Card Unlimited Text 500 Minutes Talk 1 GB Data for 5G 4G LTE Apple iPhone Android Smart Phones | 3 in 1 Prepaid Simcard | No Contract Cellphone Plan","no","no","no","no","no","no","no","no","no","no","no","no","no","no","no","no","no","no","no","no","no","no","no","no","no","no","no","no","no","no","no","no","no","no","no","yes","no","no","no","no","no","no","no","com","https://m.media-amazon.com/images/I/71MJR-6qrcL.jpg;https://m.media-amazon.com/images/I/71N4rYNRzuL.jpg;https://m.media-amazon.com/images/I/71fPFUIeNGL.jpg;https://m.media-amazon.com/images/I/71Wv4gAWmRL.jpg;https://m.media-amazon.com/images/I/71aFLnxg1PL.jpg;https://m.media-amazon.com/images/I/61UfCmOMG8L.jpg;https://m.media-amazon.com/images/I/71eBk-vO3ZL.jpg;https://m.media-amazon.com/images/I/61ZySbkxyFL.jpg;https://m.media-amazon.com/images/I/61b9fGjiSxL.jpg","","9","SpeedTalk Mobile Unlimited Call (Mins) & Text (SMS) & 15GB 5G 4G LTE Data Phone Plan- GSM SIM Card - 30 Days Nationwide Service - Three in One Triple Cut SIM","","","Unlimited Talk & Text + 15GB of High Speed Data. $30 monthly","Our SIM card can be used with unlocked 4G 5G Smartphone, Apple iPhone, Android phones, Samsung Galaxy, Google Pixel, LG, Windows, GSM devices such as but not limited to GSM Unlock Cellular Phones.","3-in-1 SIM CARD KIT(Mini/Micro/Nano). SIM card can be used to activate any unlocked, 5G 4G GSM compatible phone including iPhones, Androids and non-smartphones.","HOW DOES IT WORK: The SIM Kit includes a 3-in-1 SIM card (standard, micro, and nano sizes) to fit all SIM Devices and supports eSIM activation on Apple, Google, Samsung devices(please see device chart in this listing). Activation is required to begin SpeedTalk Mobile service.","eSIM : Bring your own unlocked phone, keep your current number (or get a new one) and activate online. Use the ICCID number on the SIM card delivered to you for both Physical SIM and eSIM activations. eSIm available on all iPhone 11 and newer, Google phones Pixel 2 or higher and Samsung.","EASY ACTIVATION: Valid credit card is needed at activation, No contracts, Cancel anytime. Speedtalk Mobile offers its services through prepaid subscription plans. You can also call us for assistance 7 days a week LIVE CUSTOMER SUPPORT when you call our toll-free number.","4G 5G LTE NATIONWIDE COVERAGE including Hawaii, Puerto Rico, and US Virgin Islands (does not include Alaska) on the largest and fastest network. Check Coverage at STKMap.","","","","100423","120545","120881","126256","112700","34 %","30 %","17 %","17 %","27,308","21 %","127731","12311","566898","3","16","3.9","7","30","108","Cell Phones & Accessories","wireless_display_on_website","# 231 | Top 3% | SIM Cards","","","","7","160","480","665","","","","","-","2026/04/23 03:02","2026/05/06 00:24","2026/05/06 00:24","30.00","","30.00","27.18","28.43","28.72","0 %","0 %","0 %","-10 %","$ 0.00","0 %","30.00","22.50","30.00","","0 %","IN_STOCK","","-","","SpeedTalk Mobile (98%) / A13X3GVNM9G7YR","","0 %","0 %","0 %","0 %","100 %","100 %","99 %","100 %","1","1","1","1","-","2.96","2.45","8","72","84","yes","no","-","","no","no","no","yes","1","0","0","0","0","0","0","0","","","","","","","","","","","","","","","","100 %","1","1","no Amazon offer exists","","30.00","30.00","26.45","28.23","28.62","0 %","0 %","0 %","-13 %","$ 0.00","0 %","30.00","22.50","30.00","0 %","","30.00","26.45","28.23","28.62","","","","","","","","22.50","30.00","","-","3.44","15 %","4.50","","","","","","","","","","","","","30.00","30.00","","-","","","","","","","","","","","","","","","","","","","","","","","","","","","","","","","no","","","","","","","","","","","","","","","","100 %","","","","","","","","","","","","","","","","","","","","","","","","","","","","","","","","","","","","","","","","","","","","","","","","","","","","","","","","","","","","","","","","","","","","","","","","","","","","","","","","","","","","","","","","","","","","","","","","","","","30.00","30.00","30.00","30.00","30.00","0 %","0 %","0 %","0 %","$ 0.00","0 %","30.00","30.00","30.00","","","","","","","","","","","","","","","","","","","","","","","","","","","","","","","","","","","","","","","","","","","1","1","1","1","1","1","0 %","0 %","0 %","0 %","1","","","","","","","","","","","","","","","","","","","","","","","","","","","","2021/09/22","2021/09/22","https://www.amazon.com/dp/B09GT671CV?psc=1","https://keepa.com/#!product/1-B09GT671CV","Cell Phones & Accessories","SIM Cards","Cell Phones & Accessories › SIM Cards & Prepaid Minutes › SIM Cards","Wireless","wireless_display_on_website","","0850028221143","","850028221143","","B0FM5Z7TH3","B075QNH2HP,B09R8Y33WV,B09GT671CV","3","","","SIM_CARD","Speedtalk Mobile","SpeedTalk Mobile","SpeedTalk Mobile","SpeedTalkMobile","https://www.amazon.com/stores/SpeedTalkMobile/page/F3D278F0-9F00-49C0-9A70-02C3A04B24F3","$30 Unli Talk & Txt + 15GB","Model: $30 Unli Talk & Txt + 15GB;","","","","","","","","","","cell-phone-sim-cards","","","","","","","","","","1","","","","","4","yes","[{""creator"":""Creator: Main"",""duration"":""29s"",""image"":""https://m.media-amazon.com/images/I/716x8Jn4zdL.jpg"",""name"":""SpeedTalk Mobile"",""title"":""SpeedTalk Mobile | Phones"",""url"":""https://m.media-amazon.com/images/S/vse-vms-transcoding-artifact-us-east-1-prod/4ee7f3ee-ddda-43bc-8ab0-342a8c6b316b/default.jobtemplate.hls.m3u8""}]","[{""creator"":""Creator: Seller"",""duration"":""40s"",""image"":""https://m.media-amazon.com/images/I/A1iPJdiNmlL.png"",""name"":""SpeedTalk Mobile"",""title"":""Meet speedtalk Mobile"",""url"":""https://m.media-amazon.com/images/S/vse-vms-transcoding-artifact-us-east-1-prod/5f4cc818-c13a-4876-b5a6-451c5ad555e9/default.jobtemplate.hls.m3u8""},{""creator"":""Creator: Seller"",""duration"":""25s"",""image"":""https://m.media-amazon.com/images/I/91MwdmLDiPL.png"",""name"":""SpeedTalk Mobile"",""title"":""Introducing the triple-cut SIM card"",""url"":""https://m.media-amazon.com/images/S/vse-vms-transcoding-artifact-us-east-1-prod/d1e2733c-3c87-40ed-87d6-0c40f7b433d4/default.jobtemplate.hls.m3u8""},{""creator"":""Creator: Seller"",""duration"":""50s"",""image"":""https://m.media-amazon.com/images/I/51roFvW6RNL.jpg"",""name"":""SpeedTalk Mobile"",""title"":""SpeedTalk Mobile Unlimited Cell Phone Plans Sim Card"",""url"":""https://m.media-amazon.com/images/S/vse-vms-transcoding-artifact-us-east-1-prod/bad92a16-a41f-441b-b9ec-3dd99cf09e4f/default.jobtemplate.hls.m3u8""}]","yes","no","[{""fromManufacturer"":false,""module"":[{""image"":[""https://m.media-amazon.com/images/S/aplus-media-library-service-media/f2b555f1-417c-49c8-9306-f4c98097aba9.png""],""imageAltText"":[""Smartphone Banner""],""text"":[""Speedtalk Mobile carries Prepaid Smartwatch SIMs. Smart Phone SIMs, Tracker SIMS, Alarm System SIMS and more! No Contract, No Credit Check, No Hassle.""]},{""asin"":[""B075QNH2HP"",""B0773WWM62"",""B09R8Y33WV"",""B09GT671CV""]},{""image"":[""https://m.media-amazon.com/images/S/aplus-media-library-service-media/721aefd1-1a39-472f-bf21-462348e1062a.png""],""imageAltText"":[""30 USD""]},{""text"":[""Speedtalk Features"",""Free SIM Card Included"",""- With the purchase of your first month of service, get a SIM card for your device."",""BYOD, Bring Your Own Device"",""- Our SIM cards are compatible with Apple, Samsung, Windows, Nokia, Motorola, Unlocked ATT, Unlocked T Mobile, and more devices."",""Quick & Simple Set Up"",""- Simple Activation, install the SIM card, then dial, or text away!"",""Costumer service"",""- We are here to help you throughout your activation process. We have Live representatives ready to offer support through calls, chat, or email."",""Triple Cut SIM Kit"",""- Three In One SIM (fits any device). Standard SIM, Micro SIM and Nano SIM. Just punch out the size you need for your wireless device."",""Port Your Existing Number"",""- You have the option to port-in (keep) your existing phone number or get a new one."",""Nationwide Coverage"",""- Our 5G / 4G LTE service will work within the UNITED STATES. Roaming is available for Canada and Mexico upon request.""]},{""image"":[""https://m.media-amazon.com/images/S/aplus-media-library-service-media/8d36ad9e-cba9-4f9a-8b11-e60966c4649a.png""],""imageAltText"":[""SpeedTalk Mobile Support""]},{""text"":[""Technical support"",""Our support team is available 7 days a week, 365 days a year. 4:30 AM - 8:30 PM (PDT)."",""SpeedTalk Mobile offers its services through subscription plans which auto-renew every 30 days. Plan begins as soon as you activate your service. You’ll be charged the rate stated at the time of purchase, every month, until you cancel. Cancellations can be made at any time through our technical team. A valid credit card is required to cover overages in case you exceed the applicable data limit.""]},{""text"":[""Technical support"",""Our support team is available 7 days a week, 365 days a year. 4:30 AM - 8:30 PM (PDT)."",""SpeedTalk Mobile offers its services through subscription plans which auto-renew every 30 days. Plan begins as soon as you activate your service. You’ll be charged the rate stated at the time of purchase, every month, until you cancel. Cancellations can be made at any time through our technical team. A valid credit card is required to cover overages in case you exceed the applicable data limit.""]}]}]","73","11.9","8.8","0.7","9","0","14","8.5","5.6","0.3","","","","","","","no","no","","no","no","no","no","","","no","-","","","","","","","",""
"3","3","3","3","0 %","0 %","0 %","0 %","","","","","","","","","Mobile-Nationwide-Tracking-Locators-Wireless","","B08SVFGMS4","","no","no","no","yes","no","no","no","yes","no","yes","no","no","no","no","no","no","no","no","no","no","no","no","no","no","no","no","no","no","no","no","no","no","no","no","no","yes","no","no","no","no","no","no","no","com","https://m.media-amazon.com/images/I/617908fBRcL.jpg;https://m.media-amazon.com/images/I/61kKjzVxU3L.jpg;https://m.media-amazon.com/images/I/61ni2CvvFuL.jpg;https://m.media-amazon.com/images/I/71ltgl8DhaL.jpg;https://m.media-amazon.com/images/I/71xNRYb-OyL.jpg;https://m.media-amazon.com/images/I/71Ov3q2pkCL.jpg;https://m.media-amazon.com/images/I/71PK2jXPwfL.jpg;https://m.media-amazon.com/images/I/61tAwJSnthL.jpg","","8","Prepaid 5G 4G LTE High Speed AT&T Network | 1GB Prepaid Data SIM and SMS Only | Security Cameras/Router/Mobile WiFi Hotspot/Watch/GPS Tracker IoT Devices | No Contract | Nationwide","","","Plan includes 200 SMS Text and 1GB of 4G LTE Data for 30-days.","U.S.A. Phone Number Included: Get your own U.S. number at activation. Choose a number from your ZIP code, or get one auto assigned to you. Powered by secure U.S.-based company and servers to keep your data protected.","EASY ACTIVATION: Valid credit card is needed at activation, No contracts, Cancel anytime. Jolt Mobile offers its services through subscription plans. You can also call us for assistance 7 days a week LIVE CUSTOMER SUPPORT when you call our toll-free number.","SIM & Plan supports majority of AT&T compatible 4G LTE GSM Trackers and other related devices.","3-in-1 SIM card that includes standard-sized SIM, a Micro-sized SIM or a Nano-sized SIM card to fit any device. Punch out the Size you need.","Jolt Mobile service will work within the UNITED STATES ONLY. Check Coverage at JOLTiotmap. We utilize AT&T Network. No Contract. Cancel anytime.","","","","","458863","374621","426144","382843","349638","0 %","-1 %","-8 %","-22 %","-75,414","-20 %","383449","44168","472918","0","1","3.2","6","1","3","Cell Phones & Accessories","wireless_display_on_website","# 907 | Top 9% | SIM Cards","","","","6","6","6","5","","","","","-","2026/02/15 19:04","2026/05/23 09:10","2026/05/09 10:10","9.50","","9.50","9.50","9.50","9.50","0 %","0 %","0 %","0 %","$ 0.00","0 %","9.50","4.75","9.50","","0 %","IN_STOCK","","-","","Padfender (0%) / A3899WBWPI5DF8","","0 %","0 %","0 %","0 %","53 %","77 %","87 %","91 %","2","2","3","3","-","-","-","8","8","8","yes","no","-","","no","no","no","yes","3","0","0","0","0","0","0","0","","","","","","","","","","","","","","","","100 %","1","1","no Amazon offer exists","","9.50","9.50","9.50","9.50","9.50","0 %","0 %","0 %","0 %","$ 0.00","0 %","9.50","4.75","9.50","0 %","","9.50","9.50","9.50","9.50","","","","","","","","4.75","9.50","","-","2.58","15.05 %","1.43","","","","","","","","","","","","","9.50","14.51","","-","","","","","","","","","","","","","7.60","7.60","","","","","","","","","","","","","","","","","no","","","","","","","","","","","","","","","","100 %","","","","","","","","","","","","","","","","","","","","","","","","","","","","","","","","","","","","","","","","","","","","","","","","","","","","","","","","","","","","","","","","","","","","","","","","","","","","","","","","","","","","","","","","","","","","","","","","","","","9.50","9.50","9.50","9.50","9.50","0 %","0 %","0 %","0 %","$ 0.00","0 %","9.50","9.50","9.50","","","","","","","","","","","","","","","","","","","","","","","","","","","","","","","","","","","","","","","","","","","3","3","3","3","3","2","0 %","0 %","0 %","0 %","3","","","","","","","","","","","","","","","","","","","","","","","","","","","","2021/01/15","2016/06/21","https://www.amazon.com/dp/B08SVFGMS4","https://keepa.com/#!product/1-B08SVFGMS4","Cell Phones & Accessories","SIM Cards","Cell Phones & Accessories › SIM Cards & Prepaid Minutes › SIM Cards","Wireless","wireless_display_on_website","","0850016079329","","850016079329","9216","","","0","","","SIM_CARD","SpeedTalk Mobile","SpeedTalk Mobile","SpeedTalk Mobile","SpeedTalkMobile","https://www.amazon.com/stores/SpeedTalkMobile/page/F3D278F0-9F00-49C0-9A70-02C3A04B24F3","","","","","","","","","","","","cell-phone-sim-cards","","","","","","","","","","","","","","","4","yes","[{""creator"":""Creator: Main"",""duration"":""41s"",""image"":""https://m.media-amazon.com/images/I/61QM7ZyAIVL.jpg"",""name"":""Jolt Inc."",""title"":""Jolt Mobile Sim Card Instruction"",""url"":""https://m.media-amazon.com/images/S/vse-vms-transcoding-artifact-us-east-1-prod/4a9bc885-b8f6-433b-8ee3-2dd6a5ad89c5/default.jobtemplate.hls.m3u8""}]","[{""creator"":""Creator: Seller"",""duration"":""38s"",""image"":""https://m.media-amazon.com/images/I/81Jv4JhjFlL.png"",""name"":""Jolt Inc."",""title"":""Stay Connected, Stay Powered. Jolt Mobile"",""url"":""https://m.media-amazon.com/images/S/vse-vms-transcoding-artifact-us-east-1-prod/768825f6-4841-4cc8-ade9-fbdd60092d56/default.jobtemplate.hls.m3u8""},{""creator"":""Creator: Seller"",""duration"":""41s"",""image"":""https://m.media-amazon.com/images/I/41NFdbC+dZL.jpg"",""name"":""SpeedTalk Mobile"",""title"":""SpeedTalk Mobile GPS Trackers Sim Card"",""url"":""https://m.media-amazon.com/images/S/vse-vms-transcoding-artifact-us-east-1-prod/70cb682b-4178-4065-a713-26512df32ae6/default.jobtemplate.hls.m3u8""},{""creator"":""Creator: Seller"",""duration"":""25s"",""image"":""https://m.media-amazon.com/images/I/91MwdmLDiPL.png"",""name"":""SpeedTalk Mobile"",""title"":""Introducing the triple-cut SIM card"",""url"":""https://m.media-amazon.com/images/S/vse-vms-transcoding-artifact-us-east-1-prod/d1e2733c-3c87-40ed-87d6-0c40f7b433d4/default.jobtemplate.hls.m3u8""}]","yes","no","[{""fromManufacturer"":false,""module"":[{""image"":[""https://m.media-amazon.com/images/S/aplus-media-library-service-media/8a88a58e-9ad3-4ac5-b3c4-134b80713bd4.png""],""imageAltText"":[""Jolt Mobile""]},{""image"":[""https://m.media-amazon.com/images/S/aplus-media-library-service-media/8cf2ce8d-2426-4e48-8aae-5e8688b759cf.jpg""],""imageAltText"":[""Sim Card""]},{""asin"":[""B0DLF9BD36"",""B0DLDZNJ74"",""B0DLFBXFPB"",""B0DLFFFC51""]},{""image"":[""https://m.media-amazon.com/images/S/aplus-media-library-service-media/6dc4824d-a0e2-4d81-8dc5-af068acee4ab.png""],""imageAltText"":[""Jolt Mobile, Activate sim card, Phone plan, Internet, Iot, WIFI data sim""],""text"":[""Activate your sim card in a few minutes!""]}]}]","149","12.1","8.8","1.4","82","0","14","8.5","5.6","0.3","57","","","","","","no","no","","no","no","no","no","","","no","-","","","","","","","",""
"1","1","1","1","0 %","0 %","0 %","0 %","","","","","","","","","Business-Office-Burglar-Monitoring-Security","","B07PFR85M5","","no","no","no","yes","no","no","no","yes","no","yes","no","no","no","no","no","no","no","no","no","no","no","no","no","no","no","no","no","no","no","no","no","no","no","no","no","yes","no","no","no","no","no","no","no","com","https://m.media-amazon.com/images/I/61HLa0PIN8L.jpg;https://m.media-amazon.com/images/I/71RtRr-292S.jpg;https://m.media-amazon.com/images/I/71xRTg11YES.jpg;https://m.media-amazon.com/images/I/81cNX3ZS30L.jpg;https://m.media-amazon.com/images/I/71f98w+szFL.jpg;https://m.media-amazon.com/images/I/71vooBnwmmL.jpg;https://m.media-amazon.com/images/I/61punaQfRvL.jpg","","7","SpeedTalk Mobile $7.50 Alarm SIM Card GSM Business Office Home Security Burglar Anti-theft Alarm System & Monitoring | 3 in 1 Simcard: Standard Micro Nano | No Contract | 30 Days Service | US Coverage","","","30-Day wireless service. Alarm SIM is designed for users that need a minimal amount of airtime each month/year. Receive alerts from your wireless GSM home/Business security alarm system for a Low Cost Plan of $7.50","375 Minutes Talk OR 375 Texts OR 375 MB Data. Triple cut SIM card to fit any device. Can be used as a standard-sized SIM, a Micro-sized SIM or a Nano-sized SIM card.","Supports majority of 2G 3G 4G 5G LTE GSM Alarm Systems. Compatible with Reolink, Bovasion, Sunba, Loosafe and other Cellular 4G LTE Solar Cameras. Many kinds of 4G Router Tracker & Other Unlocked GSM Devices. GPS Tracker for the Elderly, Children, Pets and Cars. IPAD MINI Series, IPAD AIR Series, IPAD PRO Series","EASY ACTIVATION: Valid credit card is needed at activation, No contracts, Cancel anytime. Speedtalk Mobile offers its services through subscription plans. You can also call us for assistance 7 days a week LIVE CUSTOMER SUPPORT when you call our toll-free number.","Our service will work within the United States. Check Coverage at STKMap.","","","","","","","","","","","","","","","","","","645461","2593853","0","0","3.1","9","0","0","","","# 4,859 | Top 14% | Home Security Systems","","","","9","9","9","9","","","","","-","2026/02/17 13:02","2026/04/14 06:20","2025/12/02 11:44","7.50","","7.50","7.50","7.50","7.50","0 %","0 %","0 %","0 %","$ 0.00","0 %","7.50","6.00","11.99","","0 %","Only 2 left in stock - order soon.","","-","","SpeedTalk Mobile (98%) / A13X3GVNM9G7YR","","0 %","0 %","0 %","0 %","100 %","100 %","100 %","99 %","1","1","1","1","-","-","-","8","8","8","yes","no","-","","no","no","no","yes","1","0","0","0","0","0","0","0","","","","","","","","","","","","","","","","100 %","1","1","no Amazon offer exists","","7.50","7.50","7.50","7.50","7.50","0 %","0 %","0 %","0 %","$ 0.00","0 %","7.50","6.00","11.99","0 %","","7.50","7.50","7.50","7.50","","","","","","","","6.00","11.99","","-","2.52","15.07 %","1.13","","","","","","","","","","","","","","","","-","","","","","","","","","","","","","","","","","","","","","","","","","","","","","","","no","","","","","","","","","","","","","","","","100 %","","","","","","","","","","","","","","","","","","","","","","","","","","","","","","","","","","","","","","","","","","","","","","","","","","","","","","","","","","","","","","","","","","","","","","","","","","","","","","","","","","","","","","","","","","","","","","","","","","","7.50","7.50","7.50","7.50","7.50","0 %","0 %","0 %","0 %","$ 0.00","0 %","7.50","7.50","11.99","","","","","","","","","","","","","","","","","","","","","","","","","","","","","","","","","","","","","","","","","","","1","1","1","1","1","1","0 %","0 %","0 %","0 %","1","","","","","","","","","","","","","","","","","","","","","","","","","","","","2019/04/04","2019/03/07","https://www.amazon.com/dp/B07PFR85M5","https://keepa.com/#!product/1-B07PFR85M5","Electronics","Home Security Systems","Electronics › Security & Surveillance › Home Security Systems","Wireless","wireless_display_on_website","","0793052173944","","793052173944","","","","0","","","SIM_CARD","SpeedTalk Mobile","SpeedTalk Mobile","SpeedTalk Mobile","SpeedTalkMobile","https://www.amazon.com/stores/SpeedTalkMobile/page/F3D278F0-9F00-49C0-9A70-02C3A04B24F3","","","Multicolor","","","","","","","","","home-security-systems","","","","","","","","","","","","","","","1","yes","[{""creator"":""Creator: Main"",""duration"":""41s"",""image"":""https://m.media-amazon.com/images/I/41D3oP7BD7L.jpg"",""name"":""SpeedTalk Mobile"",""title"":""SpeedTalk Mobile Security System Alarm Plan"",""url"":""https://m.media-amazon.com/images/S/vse-vms-transcoding-artifact-us-east-1-prod/93292e6b-c7c2-4a4b-8327-439765729777/default.jobtemplate.hls.m3u8""}]","","yes","no","[{""fromManufacturer"":false,""module"":[{""image"":[""https://m.media-amazon.com/images/S/aplus-media/sc/85585a0f-a672-4ae6-b909-b0a20c2ee830.jpg""],""imageAltText"":[""Main Banner""]},{""image"":[""https://m.media-amazon.com/images/S/aplus-media/sc/c328817c-08e8-49e9-8940-63c9949dd48c.jpg""],""imageAltText"":[""Alarm SIM""]},{""image"":[""https://m.media-amazon.com/images/S/aplus-media/sc/c29964b5-64f1-432a-ae00-a6d722f48c83.jpg""],""imageAltText"":[""No Contract""]},{""image"":[""https://m.media-amazon.com/images/S/aplus-media/sc/9d3beea0-246a-4016-8055-ec836326c220.jpg"",""https://m.media-amazon.com/images/S/aplus-media/sc/e712b1ca-73ed-4ca3-9c7d-9e55c9965abe.jpg"",""https://m.media-amazon.com/images/S/aplus-media/sc/e9975ecd-c8f9-4794-af4f-cb1f86270284.jpg"",""https://m.media-amazon.com/images/S/aplus-media/sc/4d47374f-a746-4512-af09-c40b7423b230.jpg""],""imageAltText"":[""Phone"",""Hand"",""SIM"",""Check""],""text"":[""Check Coverage"",""Check your physical location you use your device in our coverage map."",""Pick a Plan"",""Select from our available plans that best fit for your needs."",""SIM Card"",""Triple Cut SIM Card"",""Install SIM Card"",""Activate your AlarmSIM card, insert it, and turn on your device.""]},{""text"":[""1.)"",""No Contract / No Credit Check /No Activation fee."",""2.)"",""A new number is auto generated upon activation of service."",""3.)"",""Easy activation. SIM is TRI-CUT, Standard SIM, Micro SIM and Nano SIM. Just punch out the size you need for your wireless device."",""4.)"",""Nationwide lightning fast 5G 4G LTE service on GSM Network."",""5.)"",""Check Coverage at our website STKMap"",""6.)"",""To activate please visit us at ActivateSpeedTalk.""]},{""image"":[""https://m.media-amazon.com/images/S/aplus-media/sc/1e98869e-0344-4de9-9a59-7c3df616d79f.png""],""imageAltText"":[""Coverage""],""text"":[""Our service will only work within the United States. Roaming is not supported in our plans."",""Majority of Home/Business Security Systems today uses cellular technology to remotely communicate with these system and devices."",""if the Alarm System was set-up to report activity via text messaging then users will be notified via text messages. Another example, every time the system is Arm/DisArm, a text or voice call is transmitted remotely depending on how the system was set-up."",""NOTE: After SIM activation, it might take up to 24-hours for the GPRS and data settings to sync and update with your device. Make sure you turned on the power in your device, in a good reception area."",""SpeedTalk offers its services through subscription plans which auto-renew every 30 days. Service begins as soon as you activate your service. You’ll be charged the rate stated at the time of purchase, every month, until you cancel. There is No Contract, Cancellations can be made any time by contacting customer support. A valid credit card is required to cover overages in case you exceed the applicable Voice, SMS and Data limits. To avoid overage charges, you should purchase the appropriate plan for your anticipated needs.""]}]}]","117","12.1","8.8","1.1","9","0","14","8.5","5.6","0.3","","","","","","","no","no","","no","no","no","no","","","no","-","","","","","","","",""
"1","1","1","1","0 %","0 %","0 %","0 %","","","","","","","","","50-GSM-SIM-Card-Rollover","","B06XB4Q5HQ","","no","no","no","yes","no","no","no","yes","no","yes","no","no","no","no","no","no","no","no","no","no","no","no","no","no","no","no","no","no","no","no","no","no","no","no","no","yes","no","no","no","no","no","no","no","com","https://m.media-amazon.com/images/I/7129IIutXyL.jpg;https://m.media-amazon.com/images/I/61Y-cxQ64mL.jpg;https://m.media-amazon.com/images/I/51IUNAiWmvL.jpg;https://m.media-amazon.com/images/I/71f98w+szFL.jpg;https://m.media-amazon.com/images/I/61ZK+ddc76L.jpg;https://m.media-amazon.com/images/I/71Xb9kNVlXL.jpg;https://m.media-amazon.com/images/I/61lLa55KsNL.jpg","","7","SpeedTalk Mobile Preloaded $50 Prepaid GSM SIM Card Rollover 1250 Text (SMS) or Data (MB) 180-Day Wireless Service","","","Plan includes a total of 1250 units for 6 Months. Each unit can be used in any combination of 1250 (SMS) Text or 1250 MB Data. Compatible with any 2G 3G 4G 5G LTE GSM devices.","Our service will connect you to our SpeedTalk Network and will work in over 200 Countries including the United States Canada, Mexico and internationally.","EASY ACTIVATION: Valid credit card is needed at activation, No contracts, Cancel anytime. Speedtalk Mobile offers its services through subscription plans. You can also call us for assistance 7 days a week LIVE CUSTOMER SUPPORT when you call our toll-free number.","Our SIM cards are designed for use in All Trackers, IoT devices, tablets, PCs, watches, pet trackers, security cameras, trail and game cameras for hunting, 4G routers, GPS devices, car locators, M2M Devices and more. This SIM kit is pre-cut in 3 sizes to fit any device: Standard, Micro and Nano sizes.","Activate and manage your account with our Mobile App, available for iOS, Android and Desktop.","","","","","","815582","708927","704281","865915","902768","-1 %","-3 %","-16 %","-15 %","176,431","18 %","992013","51331","1538762","0","1","1","1","2","2","Cell Phones & Accessories","wireless_display_on_website","# 1,326 | Top 12% | SIM Cards","","","","1","1","1","1","","","","","-","2026/02/17 09:34","2026/05/09 10:00","2026/05/09 10:00","50.00","","50.00","50.00","50.00","50.00","0 %","0 %","0 %","0 %","$ 0.00","0 %","50.00","37.79","54.00","","0 %","In Stock","","-","","SpeedTalk Mobile (98%) / A13X3GVNM9G7YR","","0 %","0 %","0 %","0 %","100 %","100 %","100 %","99 %","1","1","1","1","-","-","-","8","8","8","yes","no","-","","no","no","no","yes","1","0","0","0","0","0","0","0","","","","","","","","","","","","","","","","100 %","1","1","no Amazon offer exists","","50.00","50.00","50.00","50.00","50.00","0 %","0 %","0 %","0 %","$ 0.00","0 %","50.00","32.39","54.00","0 %","","50.00","50.00","50.00","50.00","","","","","","","","37.79","54.00","","-","3.44","15 %","7.50","","","","","","","","","","","","","52.80","77.80","","-","","","","","","","","","","","","","","","","","","","","","","","","","","","","","","","no","","","","","","","","","","","","","","","","100 %","","","","","","","","","","","","","","","","","","","","","","","","","","","","","","","","","","","","","","","","","","","","","","","","","","","","","","","","","","","","","","","","","","","","","","","","","","","","","","","","","","","","","","","","","","","","","","","","","","","50.00","50.00","50.00","50.00","50.00","0 %","0 %","0 %","0 %","$ 0.00","0 %","50.00","50.00","54.00","","","","","","","","","","","","","","","","","","","","","","","","","","","","","","","","","","","","","","","","","","","1","1","1","1","1","1","0 %","0 %","0 %","0 %","1","","","","","","","","","","","","","","","","","","","","","","","","","","","","2017/03/09","2017/02/23","https://www.amazon.com/dp/B06XB4Q5HQ","https://keepa.com/#!product/1-B06XB4Q5HQ","Cell Phones & Accessories","SIM Cards","Cell Phones & Accessories › SIM Cards & Prepaid Minutes › SIM Cards","Wireless","wireless_display_on_website","","0793052170974","","793052170974","","","","0","","","SIM_CARD","SpeedTalk Mobile","SpeedTalk Mobile","SpeedTalk Mobile","SpeedTalkMobile","https://www.amazon.com/stores/SpeedTalkMobile/page/F3D278F0-9F00-49C0-9A70-02C3A04B24F3","","","","","","","","","","","","cell-phone-sim-cards","","","","","","","","","","","","","","","1","yes","[{""creator"":""Creator: Main"",""duration"":""50s"",""image"":""https://m.media-amazon.com/images/I/51roFvW6RNL.jpg"",""name"":""SpeedTalk Mobile"",""title"":""SpeedTalk Mobile Pre Paid Plans Sim Card"",""url"":""https://m.media-amazon.com/images/S/vse-vms-transcoding-artifact-us-east-1-prod/3a5803e1-5ff1-4163-9d5d-b65f66846bb4/default.jobtemplate.hls.m3u8""}]","","yes","no","[{""fromManufacturer"":false,""module"":[{""image"":[""https://m.media-amazon.com/images/S/aplus-media-library-service-media/39c63916-a38a-4fec-8bb6-1da73e848d08.jpg""],""imageAltText"":[""Main Banner""],""text"":[""Our Rollover plans are perfect for those who do not always use all of their Data l Text within their current cycle. With our Rollover Plans you can now choose how you want your units spent. Whether you choose between Data l Text or a combination of all three, you are in control.""]},{""image"":[""https://m.media-amazon.com/images/S/aplus-media-library-service-media/c88dd6e7-3ecd-4e37-bec5-1df4c34e8cb8.png""],""imageAltText"":[""Triple Cut""]},{""image"":[""https://m.media-amazon.com/images/S/aplus-media/sc/1e2b496a-cddc-4b44-9ed7-cd43a29de457.jpg""],""imageAltText"":[""How it Works""],""text"":[""Plan includes a total of 1250 UNITS for 180 days, You can keep (ROLLOVER) your remaining balance if you refill your account before the current plan expires. If you do not refill before the expiration date, your remaining balance will be removed from your account. We rollover for 12 refill balances, any previous balance will be removed."",""180 DAYS WIRELESS SERVICE"",""Each unit can be used for any combination of Text / Data"",""1250 TEXT (SMS) -OR-"",""1250 MB DATA"",""Activate via ActivateSpeedTalk""]},{""image"":[""https://m.media-amazon.com/images/S/aplus-media/sc/5d2a79a1-50dd-4f26-bf91-e8e026da56b8.jpg""],""imageAltText"":[""No Contract""]},{""image"":[""https://m.media-amazon.com/images/S/aplus-media-library-service-media/37bcfb71-5ee6-4ee7-b6d3-c33df97937d4.jpg""],""imageAltText"":[""Map""]}]}]","82","12.4","9.4","0.7","9","1","14","8.5","5.6","0.3","6","","","","","","no","no","","no","no","no","no","","","no","-","","","","","","","",""
"1","1","1","1","0 %","0 %","0 %","0 %","","","","","","","","","SpeedTalk-Mobile-Cellular-Phones-Cellphones","","B0BSG613T2","SpeedTalk Mobile Prepaid SIM Card 5G 4G LTE Data – 3-in-1 SIM for Unlocked Phones – No Contract – 30 Day Prepaid Cell Phone Plan USA","no","no","no","yes","no","no","no","yes","no","yes","no","no","no","no","no","no","no","no","no","no","no","no","no","no","no","no","no","no","no","no","no","no","no","no","no","yes","no","no","no","no","no","no","no","com","https://m.media-amazon.com/images/I/61QlOuhCuZL.jpg;https://m.media-amazon.com/images/I/61Y-cxQ64mL.jpg;https://m.media-amazon.com/images/I/71vooBnwmmL.jpg;https://m.media-amazon.com/images/I/61kbqvnZWaL.jpg;https://m.media-amazon.com/images/I/71f98w+szFL.jpg;https://m.media-amazon.com/images/I/71I6MIuQYOL.jpg;https://m.media-amazon.com/images/I/61CSMNnxISL.jpg","","7","SpeedTalk Prepaid Cell Phone Plan – Unlimited Talk & Text + High-Speed Data – Prepaid SIM Card for Unlocked Smartphones – No Contract – 5G/4G LTE Nationwide Coverage – 30 Day Wireless Service","Why pay more for the same cell phone service as the big-name providers? At Speedtalk Mobile we offer the same excellent coverage for half the price! The best part is we don’t lock you into contracts or include any extra fees. Pay only for what you need and save. You can keep your current phone number and your current smartphone. Activate any 5G, 4G, LTE T-Mobile phone, AT&T unlocked phone, Apple iPhone, Samsung Galaxy Smartphones, Android Cellphones, or other compatible 5G 4G LTE phones.
Enjoy Unlimited Talk & Text + 11GB of 5G 4G LTE then Unlimited Data at 2G speed for 30 days.
Triple Cut 3 in 1 SIM (fits any device). Standard SIM, Micro SIM and Nano SIM. Just punch out the size you need for your wireless device. Check Coverage at STKMap Activate via ActivateSpeedTalk Purchase additional credits (Cash Cards) directly at RefillSpeedtalk

After SIM activation, it may take up to 24 hours for the GPRS and data settings to sync and update with your device. Make sure to turn on your device in an area with good reception

SpeedTalk Mobile offers its services through subscription plans which auto-renew every 30 days. Plan begins as soon as you activate your SIM card. Plans will auto-renew at the rate stated at the time of purchase, every month, until you cancel. Easy cancellations can be made any time through our website or by contacting customer support. A valid credit card is required at the time of activation.","","✅ Top VALUE – UNLIMITED CALLS, TEXTS & 11 GB DATA Enjoy unlimited calls and texts, plus 11 GB of blazing-fast 5G 4G LTE data with this prepaid cell phone plan. Great for streaming, browsing, and staying connected. Perfect for families, remote workers, or anyone looking for prepaid phone plans with more data.","📱 FITS ANY UNLOCKED DEVICE – JUST INSERT & GO Use this universal SIM card with any unlocked phone including iPhones, Androids, Pixels, and Samsung Galaxy. Comes in 3 sizes (standard/micro/nano) to fit any phone. An ideal simcard for phone or cell phone card.","📞 PORT YOUR NUMBER OR GET A NEW ONE Keep your existing number or start fresh. This phone SIM card gives you full control with flexible cellphone plans and seamless portability. Works great with USA phones and prepaid phone cards.","🌎 PREMIUM NETWORK – NATIONWIDE 5G 4G LTE COVERAGE Enjoy high-speed data and top-quality cell phone service throughout the U.S., including Hawaii and Puerto Rico. Stay connected anywhere with our sim cards for cell phones on the fastest networks.","🔧 NO HASSLE ACTIVATION – CANCEL ANYTIME Easy online setup with no contracts or commitments. Activate using a credit card and start calling instantly. Support available 7 days a week. Great for anyone looking for phone plans, chip for phone, or prepaid cell service that adapts to their needs.","","","","","","155805","238117","255401","212450","176811","-49 %","20 %","39 %","35 %","93,171","37 %","248976","28937","887574","1","5","3.4","77","14","40","Cell Phones & Accessories","wireless_display_on_website","# 350 | Top 6% | SIM Cards","","","","77","77","77","83","","","","","-","2025/11/07 09:40","2026/05/16 15:36","2026/05/02 20:10","22.00","","22.00","22.00","22.00","20.77","0 %","0 %","0 %","0 %","$ 0.00","0 %","22.00","16.50","22.00","","0 %","IN_STOCK","","-","","SpeedTalk Mobile (98%) / A13X3GVNM9G7YR","","0 %","0 %","0 %","0 %","100 %","100 %","100 %","93 %","1","1","1","1","-","-","1.98","8","8","69","yes","no","-","","no","no","no","yes","1","0","0","0","0","0","0","0","","","","","","","","","","","","","","","","100 %","1","1","no Amazon offer exists","","22.00","22.00","22.00","22.00","20.79","0 %","0 %","0 %","0 %","$ 0.00","0 %","22.00","16.50","22.00","0 %","","22.00","22.00","22.00","20.96","","","","","","","","16.50","22.00","","-","3.44","15 %","3.30","","","","","","","","","","","","","","","","-","","","","","","","","","","","","","","","","","","","","","","","","","","","","","","","no","","","","","","","","","","","","","","","","100 %","","","","","","","","","","","","","","","","","","","","","","","","","","","","","","","","","","","","","","","","","","","","","","","","","","","","","","","","","","","","","","","","","","","","","","","","","","","","","","","","","","","","","","","","","","","","","","","","","","","22.00","22.00","22.00","22.00","22.00","0 %","0 %","0 %","0 %","$ 0.00","0 %","22.00","22.00","22.00","","","","","","","","","","","","","","","","","","","","","","","","","","","","","","","","","","","","","","","","","","","1","1","1","1","1","1","0 %","0 %","0 %","0 %","1","","","","","","","","","","","","","","","","","","","","","","","","","","","","2023/02/06","2018/08/10","https://www.amazon.com/dp/B0BSG613T2?psc=1","https://keepa.com/#!product/1-B0BSG613T2","Cell Phones & Accessories","SIM Cards","Cell Phones & Accessories › SIM Cards & Prepaid Minutes › SIM Cards","Wireless","wireless_display_on_website","","0850043471356","","850043471356","","B0FRWXKZNW","B08J6P5PXF,B0BSMXZJ51,B0BSG613T2,B0BSG5WDRF","4","","","SIM_CARD","SpeedTalk Mobile","SpeedTalk Mobile","SpeedTalk Mobile","SpeedTalkMobile","https://www.amazon.com/stores/SpeedTalkMobile/page/F3D278F0-9F00-49C0-9A70-02C3A04B24F3","$22 Phone SIM Kit","Model: $22 Phone SIM Kit;","","","","","","","","","","cell-phone-sim-cards","","","","","","","","","","1","","","","","4","yes","[{""creator"":""Creator: Main"",""duration"":""29s"",""image"":""https://m.media-amazon.com/images/I/716x8Jn4zdL.jpg"",""name"":""SpeedTalk Mobile"",""title"":""SpeedTalk Mobile | Phones"",""url"":""https://m.media-amazon.com/images/S/vse-vms-transcoding-artifact-us-east-1-prod/4ee7f3ee-ddda-43bc-8ab0-342a8c6b316b/default.jobtemplate.hls.m3u8""}]","[{""creator"":""Creator: Seller"",""duration"":""25s"",""image"":""https://m.media-amazon.com/images/I/91MwdmLDiPL.png"",""name"":""SpeedTalk Mobile"",""title"":""Introducing the triple-cut SIM card"",""url"":""https://m.media-amazon.com/images/S/vse-vms-transcoding-artifact-us-east-1-prod/d1e2733c-3c87-40ed-87d6-0c40f7b433d4/default.jobtemplate.hls.m3u8""},{""creator"":""Creator: Seller"",""duration"":""40s"",""image"":""https://m.media-amazon.com/images/I/A1iPJdiNmlL.png"",""name"":""SpeedTalk Mobile"",""title"":""Meet speedtalk Mobile"",""url"":""https://m.media-amazon.com/images/S/vse-vms-transcoding-artifact-us-east-1-prod/5f4cc818-c13a-4876-b5a6-451c5ad555e9/default.jobtemplate.hls.m3u8""},{""creator"":""Creator: Seller"",""duration"":""50s"",""image"":""https://m.media-amazon.com/images/I/51roFvW6RNL.jpg"",""name"":""SpeedTalk Mobile"",""title"":""SpeedTalk Mobile Unlimited Cell Phone Plan Sim Card"",""url"":""https://m.media-amazon.com/images/S/vse-vms-transcoding-artifact-us-east-1-prod/3809acad-c450-44c7-be00-b0a6b91711ea/default.jobtemplate.hls.m3u8""}]","no","no","","21","12","8.8","0.2","12","0","14","8.5","5.6","0.3","","","","","","","no","no","","no","no","no","no","","","no","-","","","","","","","",""
"1","1","1","1","0 %","0 %","0 %","0 %","","","","","","","","","SpeedTalk-Business-Anti-Theft-Security-Monitoring","","B09VQXMBBN","","no","no","no","yes","no","no","no","yes","no","yes","no","no","no","no","no","no","no","no","no","no","no","no","no","no","no","no","no","no","no","no","no","no","no","no","no","yes","no","no","no","no","no","no","no","com","https://m.media-amazon.com/images/I/616m+wdKNXL.jpg;https://m.media-amazon.com/images/I/71RtRr-292S.jpg;https://m.media-amazon.com/images/I/81bYE7NWCtL.jpg;https://m.media-amazon.com/images/I/81cNX3ZS30L.jpg;https://m.media-amazon.com/images/I/71f98w+szFL.jpg;https://m.media-amazon.com/images/I/615LFqmIqwL.jpg;https://m.media-amazon.com/images/I/71Lf1bNfH3L.jpg","","7","SpeedTalk Alarm SIM Card for GSM Business Office Home Burglar Anti-Theft Security System & Monitoring | 3 in 1 Simcard - Standard Micro Nano | No Contract 30 Days Wireless Service ($10 Alarm SIM Kit)","Majority of Home/Business Security Systems today uses cellular technology to remotely communicate with these system and devices.
if the Alarm System was set-up to report activity via text messaging then users will be notified via text messages. Another example, every time the system is Arm/DisArm, a text or voice call is transmitted remotely depending on how the system was set-up.
Our Service will work within the United States.
Check Coverage at our website STKMap
To activate please visit us at ActivateSpeedTalk . No Contract / No Credit Check /No Activation fee. A new number is auto generated upon activation of service. Easy activation. SIM is TRI-CUT, Standard SIM, Micro SIM and Nano SIM. Just punch out the size you need for your wireless device. Nationwide fast 4G LTE service on GSM Network.

NOTE: After SIM activation, it might take up to 24-hours for the GPRS and data settings to sync and update with your device. Make sure you turned on the power in your device, in a good reception area.
SpeedTalk offers its services through subscription plans which auto-renew every 30 days. Service begins as soon as you activate your service. You’ll be charged the rate stated at the time of purchase, every month, until you cancel. There is No Contract, Cancellations can be made any time by contacting customer support. A valid credit card is required to cover overages in case you exceed the applicable Voice, SMS and Data limits. To avoid overage charges, you should purchase the appropriate plan for your anticipated needs.","","Plan includes 500 units used in any combination of Talk/Text/Data (500 Mins or 500 Text or 500MB 4G LTE Data) for 30 days.","Our Alarm SIM is designed for users who need a minimal amount of airtime each month/year. Receive alerts from your wireless 2G 3G 4G 5G GSM security alarm system for a Low Cost Plan of $10.00 at nationwide 4G LTE Data.","Supports majority of 2G 3G 4G 5G LTE GSM Alarm Systems.","EASY ACTIVATION: Valid credit card is needed at activation. No contracts, Cancel anytime. Speedtalk Mobile offers its services through subscription plans. You can also call us for assistance 7 days a week LIVE CUSTOMER SUPPORT when you call our toll-free number.","Our Service will work within the United States. Please check STKMap to view your network coverage.","","","","","","","","","","","","","","","","","","","","0","0","5","1","0","0","","","# 4,362 | Top 13% | Home Security Systems","","","","1","1","1","1","","","","","-","2026/02/18 20:04","2026/05/17 17:48","2025/11/30 08:02","10.00","","10.00","10.00","10.00","10.00","0 %","0 %","0 %","0 %","$ 0.00","0 %","10.00","10.00","10.00","","0 %","IN_STOCK","","-","","SpeedTalk Mobile (98%) / A13X3GVNM9G7YR","","0 %","0 %","0 %","0 %","100 %","100 %","100 %","93 %","1","1","1","1","-","-","-","8","8","8","yes","no","-","","no","no","no","yes","1","0","0","0","0","0","0","0","","","","","","","","","","","","","","","","100 %","1","1","no Amazon offer exists","","10.00","10.00","10.00","10.00","10.00","0 %","0 %","0 %","0 %","$ 0.00","0 %","10.00","8.00","10.00","0 %","","10.00","10.00","10.00","9.99","","","","","","","","8.00","10.00","","-","3.44","15 %","1.50","","","","","","","","","","","","","","","","-","","","","8.00","8.00","","","","","","","","8.00","8.00","","","","","","","","","","","","","","","","","no","","","","","","","","","","","","","","","","100 %","","","","","","","","","","","","","","","","","","","","","","","","","","","","","","","","","","","","","","","","","","","","","","","","","","","","","","","","","","","","","","","","","","","","","","","","","","","","","","","","","","","","","","","","","","","","","","","","","","","10.00","10.00","10.00","10.00","10.00","0 %","0 %","0 %","0 %","$ 0.00","0 %","10.00","10.00","10.00","","","","","","","","","","","","","","","","","","","","","","","","","","","","","","","","","","","","","","","","","","","1","1","1","1","1","1","0 %","0 %","0 %","0 %","1","","","","","","","","","","","","","","","","","","","","","","","","","","","","2022/06/13","2016/06/10","https://www.amazon.com/dp/B09VQXMBBN","https://keepa.com/#!product/1-B09VQXMBBN","Electronics","Home Security Systems","Electronics › Security & Surveillance › Home Security Systems","Wireless","wireless_display_on_website","","0850028221624","","850028221624","9216","","","0","","","SIM_CARD","SpeedTalk Mobile","SpeedTalk Mobile","SpeedTalk Mobile","SpeedTalkMobile","https://www.amazon.com/stores/SpeedTalkMobile/page/F3D278F0-9F00-49C0-9A70-02C3A04B24F3","9216","","","","","","","","","$10 Alarm SIM Kit","","home-security-systems","","","","","","","","","","1","","","","","2","yes","[{""creator"":""Creator: Main"",""duration"":""25s"",""image"":""https://m.media-amazon.com/images/I/91MwdmLDiPL.png"",""name"":""SpeedTalk Mobile"",""title"":""Introducing the triple-cut SIM card"",""url"":""https://m.media-amazon.com/images/S/vse-vms-transcoding-artifact-us-east-1-prod/d1e2733c-3c87-40ed-87d6-0c40f7b433d4/default.jobtemplate.hls.m3u8""}]","[{""creator"":""Creator: Seller"",""duration"":""41s"",""image"":""https://m.media-amazon.com/images/I/41D3oP7BD7L.jpg"",""name"":""SpeedTalk Mobile"",""title"":""SpeedTalk Mobile Security System Alarm Plans Sim Card"",""url"":""https://m.media-amazon.com/images/S/vse-vms-transcoding-artifact-us-east-1-prod/ba25708c-7f42-40e6-be89-402115bd1f20/default.jobtemplate.hls.m3u8""}]","no","no","","41","17.8","7.6","0.3","23","0","65","8.9","12.1","0.6","","","","","","","no","no","","no","no","no","no","","","no","-","","","","","","","",""
"1","1","1","1","0 %","0 %","0 %","0 %","","","","","","","","","SpeedTalk-Business-Anti-Theft-Security-Monitoring","","B09VQW94J7","","no","no","no","yes","no","no","no","yes","no","yes","no","no","no","no","no","no","no","no","no","no","no","no","no","no","no","no","no","no","no","no","no","no","no","no","no","yes","no","no","no","no","no","no","no","com","https://m.media-amazon.com/images/I/614BgY9b0WL.jpg;https://m.media-amazon.com/images/I/71RtRr-292S.jpg;https://m.media-amazon.com/images/I/81bYE7NWCtL.jpg;https://m.media-amazon.com/images/I/81cNX3ZS30L.jpg;https://m.media-amazon.com/images/I/71f98w+szFL.jpg;https://m.media-amazon.com/images/I/615LFqmIqwL.jpg;https://m.media-amazon.com/images/I/71W1l7fIF7L.jpg;https://m.media-amazon.com/images/I/71Lf1bNfH3L.jpg","","8","SpeedTalk Alarm SIM Card for GSM Business Office Home Burglar Anti-Theft Security System & Monitoring | 3 in 1 Simcard - Standard Micro Nano | No Contract 1 Year Wireless Service ($100 Alarm SIM Kit)","Majority of Home/Business Security Systems today uses cellular technology to remotely communicate with these system and devices.
if the Alarm System was set-up to report activity via text messaging then users will be notified via text messages. Another example, every time the system is Arm/DisArm, a text or voice call is transmitted remotely depending on how the system was set-up.
Our Service will work within the United States.
Check Coverage at our website STKMap
To activate please visit us at ActivateSpeedTalk . No Contract / No Credit Check /No Activation fee. A new number is auto generated upon activation of service. Easy activation. SIM is TRI-CUT, Standard SIM, Micro SIM and Nano SIM. Just punch out the size you need for your wireless device. Nationwide fast 4G LTE service on GSM Network.

NOTE: After SIM activation, it might take up to 24-hours for the GPRS and data settings to sync and update with your device. Make sure you turned on the power in your device, in a good reception area.
SpeedTalk offers its services through subscription plans which auto-renew every 30 days. Service begins as soon as you activate your service. You’ll be charged the rate stated at the time of purchase, every month, until you cancel. There is No Contract, Cancellations can be made any time by contacting customer support. A valid credit card is required to cover overages in case you exceed the applicable Voice, SMS and Data limits. To avoid overage charges, you should purchase the appropriate plan for your anticipated needs.","","1 Year Wireless Service at 2 Cents/Minute VOICE, UNLIMITED TEXT, 2 Cents/MB Nationwide 2G 3G & 4G LTE Data. That's 5000 units used in any combination of talk/data and unlimited text","Alarm SIM is designed for users that need a minimal amount of airtime each month/year. Receive alerts from your wireless GSM home/business security alarm system for $100.00 for 1 year.","Supports majority of 2G 3G 4G 5G LTE GSM Alarm Systems.","EASY ACTIVATION online in as little as 3 steps. You can also call us for assistance. 24/7 LIVE CUSTOMER SUPPORT when you call our toll-free number. No Activation Fee. No Credit Check. No Contract.","Our Service will work within the United States. Please check STKMap to view your network coverage.","","","","","","","","","","","","","","","","","","629740","639401","0","0","3","1","0","0","","","# 5,230 | Top 12% | Home Security Systems","","","","1","1","1","1","","","","","-","2026/02/19 08:40","2026/05/18 03:14","2025/12/02 11:44","100.00","","100.00","100.00","100.00","100.00","0 %","0 %","0 %","0 %","$ 0.00","0 %","100.00","100.00","100.00","","0 %","IN_STOCK","","-","","SpeedTalk Mobile (98%) / A13X3GVNM9G7YR","","0 %","0 %","0 %","0 %","100 %","100 %","100 %","100 %","1","1","1","1","-","-","-","8","8","7","yes","no","-","","no","no","no","yes","1","0","0","0","0","0","0","0","","","","","","","","","","","","","","","","100 %","1","1","no Amazon offer exists","","100.00","100.00","100.00","100.00","100.00","0 %","0 %","0 %","0 %","$ 0.00","0 %","100.00","100.00","100.00","0 %","","100.00","100.00","100.00","100.00","","","","","","","","100.00","100.00","","-","3.71","15 %","15.00","","","","","","","","","","","","","100.00","100.00","","-","","","","","","","","","","","","","","","","","","","","","","","","","","","","","","","no","","","","","","","","","","","","","","","","100 %","","","","","","","","","","","","","","","","","","","","","","","","","","","","","","","","","","","","","","","","","","","","","","","","","","","","","","","","","","","","","","","","","","","","","","","","","","","","","","","","","","","","","","","","","","","","","","","","","","","100.00","100.00","100.00","100.00","100.00","0 %","0 %","0 %","0 %","$ 0.00","0 %","100.00","100.00","100.00","","","","","","","","","","","","","","","","","","","","","","","","","","","","","","","","","","","","","","","","","","","1","1","1","1","1","1","0 %","0 %","0 %","0 %","1","","","","","","","","","","","","","","","","","","","","","","","","","","","","2022/03/20","2016/06/10","https://www.amazon.com/dp/B09VQW94J7","https://keepa.com/#!product/1-B09VQW94J7","Electronics","Home Security Systems","Electronics › Security & Surveillance › Home Security Systems","Wireless","wireless_display_on_website","","0850028221648","","850028221648","9216","","","0","","","SIM_CARD","SpeedTalk Mobile","SpeedTalk Mobile","SpeedTalk Mobile","SpeedTalkMobile","https://www.amazon.com/stores/SpeedTalkMobile/page/F3D278F0-9F00-49C0-9A70-02C3A04B24F3","9216","","","","","","","","","$100 Alarm SIM Kit","","home-security-systems","","","","","","","","","","1","","","","","1","yes","[{""creator"":""Creator: Main"",""duration"":""41s"",""image"":""https://m.media-amazon.com/images/I/41D3oP7BD7L.jpg"",""name"":""SpeedTalk Mobile"",""title"":""SpeedTalk Mobile Security System Alarm Plans Sim Card"",""url"":""https://m.media-amazon.com/images/S/vse-vms-transcoding-artifact-us-east-1-prod/ba25708c-7f42-40e6-be89-402115bd1f20/default.jobtemplate.hls.m3u8""}]","","no","no","","63","11.9","8.8","0.6","11","0","65","8.9","12.1","0.6","","","","","","","no","no","","no","no","no","no","","","no","-","","","","","","","",""
"2","2","2","2","0 %","0 %","0 %","0 %","","","","","","","","","Jolt-Mobile-Nationwide-smartwatch-GB","","B0DLFBXFPB","Jolt Mobile – Starter kit Data SIM Card for Camera, GPS trackers, Routers, Tablet & IoT Devices - 3 in 1 Sim Kit, Stardard Standard, Micro & Nano SIM, Prepaid sim Card","no","no","no","yes","no","no","no","yes","no","yes","no","no","no","no","no","no","no","no","no","no","no","no","no","no","no","no","no","no","no","no","no","no","no","no","no","yes","no","no","no","no","no","no","no","com","https://m.media-amazon.com/images/I/71qqY9tzEaL.jpg;https://m.media-amazon.com/images/I/61PBgH3HGTL.jpg;https://m.media-amazon.com/images/I/61RmUsHUcrL.jpg;https://m.media-amazon.com/images/I/71ltgl8DhaL.jpg;https://m.media-amazon.com/images/I/71bFmoIb+9L.jpg;https://m.media-amazon.com/images/I/6161PTSe5kL.jpg;https://m.media-amazon.com/images/I/717fH4XJNTL.jpg;https://m.media-amazon.com/images/I/71+jgDaHaNL.jpg","","8","Jolt Mobile Prepaid Data SIM Card, High Speed, 5G 4G LTE, Nationwide AT&T Network, Data Plan only, Internet Service, No Contract. for GPS, Hotspot, Smartwatch, Tablets, Cameras, IoT, Wi-Fi (6 GB)","","","Reliable nationwide coverage: Stay connected across the U.S. with high-speed 5G and 4G LTE on AT&T’s network.","Easy activation: Insert the SIM, visit our website, and register securely with a valid credit card. Activate your SIM in just minutes.","Compatible with all devices: Works with hotspots, tablets, routers, cameras and more. Includes a 3-in-1 SIM card (Standard, Micro, and Nano).","No hidden fees: Transparent rates with no surprises.","No forced contracts: Enjoy flexible plans with no long-term commitments.","365-day support: Customer service available year-round for assistance or questions.","Flexible plans for everyone: Choose from a variety of options to fit your usage and needs.","","","","22523","37775","38341","41498","90637","-3 %","10 %","41 %","40 %","58,468","72 %","80991","16547","768584","11","32","3.1","35","76","106","Cell Phones & Accessories","wireless_display_on_website","# 47 | Top 0.83% | SIM Cards","","","","32","34","33","23","","","","","15","2026/02/13 02:00","2026/05/25 00:06","2026/05/09 13:32","24.00","","24.00","24.00","24.00","23.98","0 %","0 %","0 %","0 %","$ 0.00","0 %","24.00","19.20","49.00","","0 %","IN_STOCK","","-","","Jolt Inc. (60%) / A2GVLKVYBV9IFX","","0 %","0 %","0 %","0 %","100 %","100 %","99 %","81 %","1","1","1","2","-","-","2.59","8","8","8","yes","no","-","","no","no","no","yes","2","0","0","0","0","0","0","0","","","","","","","","","","","","","","","","100 %","1","1","no Amazon offer exists","","24.00","24.00","24.00","24.00","23.98","0 %","0 %","0 %","0 %","$ 0.00","0 %","24.00","19.20","49.00","0 %","","24.00","24.00","24.00","23.97","","","","","","","","19.20","49.00","","-","3.44","15 %","3.60","","","","","","","","","","","","","","","","-","","","","","","","","","","","","","","","","","","","","","","","","","","","","","","","no","","","","","","","","","","","","","","","","100 %","","","","","","","","","","","","","","","","","","","","","","","","","","","","","","","","","","","","","","","","","","","","","","","","","","","","","","","","","","","","","","","","","","","","","","","","","","","","","","","","","","","","","","","","","","","","","","","","","","","29.00","29.00","29.00","29.00","29.00","0 %","0 %","0 %","0 %","$ 0.00","0 %","29.00","29.00","49.00","","","","","","","","","","","","","","","","","","","","","","","","","","","","","","","","","","","","","","","","","","","2","2","2","2","2","2","0 %","0 %","0 %","0 %","2","","","","","","","","","","","","","","","","","","","","","","","","","","","","2024/11/21","2024/10/30","https://www.amazon.com/dp/B0DLFBXFPB?psc=1","https://keepa.com/#!product/1-B0DLFBXFPB","Cell Phones & Accessories","SIM Cards","Cell Phones & Accessories › SIM Cards & Prepaid Minutes › SIM Cards","Wireless","wireless_display_on_website","","0850069694050","","850069694050","","B0GWFMD7FY","B0FSC34WNW,B0FSB9FBB3,B0FSBVJ95B,B0DLFBXFPB,B0D1DHSYV6,B0DLDZNJ74,B0CYS9WLDB","7","","","SIM_CARD","Joltmobile","Jolt Mobile","Jolt Mobile","JoltMobile","https://www.amazon.com/stores/JoltMobile/page/219724D3-6B30-4327-930A-3076C2AFF8E1","6 GB - High Speed Plan","SetName: 6 GB for 90 Days;","","","1","Count","","","","","","cell-phone-sim-cards","","","","","","","","","","1","","","","","5","yes","[{""creator"":""Creator: Main"",""duration"":""44s"",""image"":""https://m.media-amazon.com/images/I/71K0JGFm6VL.png"",""name"":""Jolt Inc."",""title"":""Introducing Jolt Mobile"",""url"":""https://m.media-amazon.com/images/S/vse-vms-transcoding-artifact-us-east-1-prod/a29f6b64-80ed-4e06-bf1f-b0d8e9559794/default.jobtemplate.hls.m3u8""}]","[{""creator"":""Creator: Seller"",""duration"":""37s"",""image"":""https://m.media-amazon.com/images/I/51bdThOk23L.jpg"",""name"":""Jolt Inc."",""title"":""Real 5G Data"",""url"":""https://m.media-amazon.com/images/S/vse-vms-transcoding-artifact-us-east-1-prod/772ed042-eb64-46e2-9037-c6ebcbc02fef/default.jobtemplate.hls.m3u8""},{""creator"":""Creator: Seller"",""duration"":""41s"",""image"":""https://m.media-amazon.com/images/I/61QM7ZyAIVL.jpg"",""name"":""Jolt Inc."",""title"":""Jolt Mobile Sim Card Instruction"",""url"":""https://m.media-amazon.com/images/S/vse-vms-transcoding-artifact-us-east-1-prod/4a9bc885-b8f6-433b-8ee3-2dd6a5ad89c5/default.jobtemplate.hls.m3u8""},{""creator"":""Creator: Seller"",""duration"":""38s"",""image"":""https://m.media-amazon.com/images/I/41B7fx48KXL.jpg"",""name"":""Jolt Inc."",""title"":""Meet Jolt Mobile"",""url"":""https://m.media-amazon.com/images/S/vse-vms-transcoding-artifact-us-east-1-prod/4ea4d849-920e-4263-b6cd-0c4d99afe958/default.jobtemplate.hls.m3u8""},{""creator"":""Creator: Seller"",""duration"":""23s"",""image"":""https://m.media-amazon.com/images/I/B1givMhnc7L.png"",""name"":""Jolt Inc."",""title"":""Jolt Mobile Routers and hotspots plans"",""url"":""https://m.media-amazon.com/images/S/vse-vms-transcoding-artifact-us-east-1-prod/117358e2-e34e-475c-9c3e-d516ecd55d08/default.jobtemplate.hls.m3u8""}]","yes","no","[{""fromManufacturer"":false,""module"":[{""asin"":[""B0DLF9BD36"",""B0DLFFFC51"",""B0FSBVJ95B"",""B0DLFBXFPB"",""B0D1DHSYV6""]},{""image"":[""https://m.media-amazon.com/images/S/aplus-media-library-service-media/8cf2ce8d-2426-4e48-8aae-5e8688b759cf.jpg""],""imageAltText"":[""prepaid 4g lte sim card, prepaid data sim card""]},{""image"":[""https://m.media-amazon.com/images/S/aplus-media-library-service-media/ace7b8dd-923f-49c0-930d-ba4bbb8b6a85.png""],""imageAltText"":[""prepaid nano sim card data only, prepaid nano sim card for ipad""]},{""image"":[""https://m.media-amazon.com/images/S/aplus-media-library-service-media/88a402c8-7ed8-47a6-97a5-884f3e6446c1.png""],""imageAltText"":[""prepaid sim card unlimited data, prepaid wifi hotspot at&amp;amp;t card""]},{""image"":[""https://m.media-amazon.com/images/S/aplus-media-library-service-media/dce6256f-7e1f-47ea-828f-a90775e3e935.png""],""imageAltText"":[""sim card, sim card digital camera, sim card for camera""]}]}]","75","12","8.9","0.7","9","","","","","","","","","","","","no","no","","no","no","no","no","","","no","-","","","","","50","2025/06/10","50","2025/06/10"
"","","","","","","","","","","","","","","","","SpeedTalk-Mobile-Cellular-Phones-Cellphones","","B0BSN3BCS5","","no","no","no","no","no","no","no","no","no","no","no","no","no","no","no","no","no","no","no","no","no","no","no","no","no","no","no","no","no","no","no","no","no","no","no","no","no","no","no","no","no","no","no","com","https://m.media-amazon.com/images/I/712zImLGhsL.jpg;https://m.media-amazon.com/images/I/61Y-cxQ64mL.jpg;https://m.media-amazon.com/images/I/71vooBnwmmL.jpg;https://m.media-amazon.com/images/I/61kbqvnZWaL.jpg;https://m.media-amazon.com/images/I/71I6MIuQYOL.jpg;https://m.media-amazon.com/images/I/71wggRsAHcL.jpg;https://m.media-amazon.com/images/I/61CSMNnxISL.jpg","","7","SpeedTalk Prepaid SIM Phone Plan – Talk Text Data - 5G 4G LTE Data – SIM Card for Unlocked Cell Phones & Smartphones – Bring Your Own Phone – 30 Day USA $18 - Unlimited Talk & Texts + 9 GB","","","𝟑𝟎 𝐃𝐀𝐘 𝐏𝐋𝐀𝐍 𝐎𝐍𝐋𝐘 $𝟏𝟖: Subscribe and Save with Unlimited Talk & Unlimited Texts & Unlimited Data for 30 days. First 9 GB data at high speed then unlimited data for 30 days. No credit checks, No contracts.","𝐊𝐄𝐄𝐏 𝐘𝐎𝐔𝐑 𝐍𝐔𝐌𝐁?𝐑: You have the option to keep your own phone & port-in (keep) your existing phone number or get a new one.","𝐎𝐍𝐄 𝐒𝐈𝐙𝐄 𝐅𝐈𝐓𝐒 𝐀𝐋𝐋: Triple Cut 3-in-1 SIM CARD (Standard/Micro/Nano) can be used to activate any unlocked 5G 4G LTE GSM compatible phone including iPhones, Androids, Google and non-smartphones.","EASY ACTIVATION: Valid credit card is needed at activation, No contracts, Cancel anytime. Speedtalk Mobile offers its services through subscription plans. You can also call us for assistance 7 days a week LIVE CUSTOMER SUPPORT when you call our toll-free number.","𝐂𝐎𝐀𝐒𝐓‐𝐓𝐎‐𝐂𝐎𝐀𝐒𝐓 𝐂𝐎𝐕𝐄𝐑𝐀𝐆𝐄: 5G | 4G | LTE coverage including Hawaii, Puerto Rico, and the US Virgin Islands (does not include Alaska) on the largest and fastest network. Check Coverage at STKMap.","","","","","","483886","482277","484681","406144","220858","1 %","1 %","0 %","0 %","-472,235","-99 %","11651","8113","950592","0","0","1.8","2","2","89","Cell Phones & Accessories","wireless_display_on_website","# 938 | Top 10% | SIM Cards","","","","2","2","700","1598","","","","","-","2025/11/17 11:12","2026/04/18 16:02","2026/02/18 15:48","","","","","","15.84","","","","","","","","12.60","18.00","","100 %","","","-","","-","","0 %","0 %","0 %","0 %","0 %","0 %","0 %","48 %","0","0","0","1","-","-","2.42","5","5","7","no","yes","-","","no","no","no","no","","","","","","","","","","","","","","","","","","","","","","","","100 %","1","1","no Amazon offer exists","","","","","","15.84","","","","","","","","12.60","18.00","100 %","","","","","16.13","","","","","","","","12.60","18.00","","-","3.44","15 %","-","","","","","","","","","","","","","","","","-","","","","","","","","","","","","","","","","","","","","","","","","","","","","7.42","15.09","","no","","","","","","","","","","","","","","6.45","16.04","100 %","","","","","","","","","","","","","7.42","16.04","","","","","","","","","","","","","","","","","","","","","","","","","","","","","","","","","","","","","","","","","","","","","","","","","","","","","","","7.42","16.04","","","","","","","","","","","","","","","","","","","","","","","","","","","","","","","","18.00","18.00","","","","","","","18.00","18.00","22.00","","","","","","","","","","","","","","","","","","","","","","","","","","","","","","","","","","","","","","","","","","","0","","","","","1","","","","","","","","","","","","","","","","","","","","","","","","","","","","","","","","","2023/01/26","2024/06/14","https://www.amazon.com/dp/B0BSN3BCS5","https://keepa.com/#!product/1-B0BSN3BCS5","Cell Phones & Accessories","SIM Cards","Cell Phones & Accessories › SIM Cards & Prepaid Minutes › SIM Cards","Wireless","wireless_display_on_website","","0850043471349","","850043471349","","","","0","","","SIM_CARD","SpeedTalk Mobile","SpeedTalk Mobile","SpeedTalk Mobile","SpeedTalkMobile","https://www.amazon.com/stores/SpeedTalkMobile/page/F3D278F0-9F00-49C0-9A70-02C3A04B24F3","$18 Phone SIM Kit","","","","","","","","","","","cell-phone-sim-cards","","","","","","","","","","1","","","","","4","yes","[{""creator"":""Creator: Main"",""duration"":""29s"",""image"":""https://m.media-amazon.com/images/I/716x8Jn4zdL.jpg"",""name"":""SpeedTalk Mobile"",""title"":""SpeedTalk Mobile | Phones"",""url"":""https://m.media-amazon.com/images/S/vse-vms-transcoding-artifact-us-east-1-prod/4ee7f3ee-ddda-43bc-8ab0-342a8c6b316b/default.jobtemplate.hls.m3u8""}]","[{""creator"":""Creator: Seller"",""duration"":""25s"",""image"":""https://m.media-amazon.com/images/I/91MwdmLDiPL.png"",""name"":""SpeedTalk Mobile"",""title"":""Introducing the triple-cut SIM card"",""url"":""https://m.media-amazon.com/images/S/vse-vms-transcoding-artifact-us-east-1-prod/d1e2733c-3c87-40ed-87d6-0c40f7b433d4/default.jobtemplate.hls.m3u8""},{""creator"":""Creator: Seller"",""duration"":""51s"",""image"":""https://m.media-amazon.com/images/I/419coq6GzML.jpg"",""name"":""SpeedTalk Mobile"",""title"":""SpeedTalk Mobile 5G 4G LTE"",""url"":""https://m.media-amazon.com/images/S/vse-vms-transcoding-artifact-us-east-1-prod/6e998fd1-c990-44a9-9413-cbba65e243ec/default.jobtemplate.hls.m3u8""},{""creator"":""Creator: Seller"",""duration"":""40s"",""image"":""https://m.media-amazon.com/images/I/A1iPJdiNmlL.png"",""name"":""SpeedTalk Mobile"",""title"":""Meet speedtalk Mobile"",""url"":""https://m.media-amazon.com/images/S/vse-vms-transcoding-artifact-us-east-1-prod/5f4cc818-c13a-4876-b5a6-451c5ad555e9/default.jobtemplate.hls.m3u8""}]","yes","no","[{""fromManufacturer"":false,""module"":[{""asin"":[""B0CLWYZ5ND"",""B0CLWYPQLQ"",""B0CLX4ZRR2"",""B0CLWSGD3V"",""B0CLX2QN4Q""]},{""image"":[""https://m.media-amazon.com/images/S/aplus-media-library-service-media/504e9f0b-21d3-4049-b9d7-bee3877de6fd.png""],""imageAltText"":[""premium wireless""],""text"":[""SpeedTalk Mobile Wireless Phone Plan, Unlimited Talk, Unlimited Text, Unlimited Data (first 9GB HIGH SPEED then 2G Data Speed) , 30 Days Service""]},{""image"":[""https://m.media-amazon.com/images/S/aplus-media-library-service-media/9ca78185-3b63-44fb-b316-5c1fd7baa38e.png""],""imageAltText"":[""cell phone sim cards &amp;amp; prepaid minutes pay as you go sim card prepaid sim card usa sim card prepaid""]},{""image"":[""https://m.media-amazon.com/images/S/aplus-media-library-service-media/c00723d6-62ca-49b4-a1c7-c49a5b25c8c2.jpg"",""https://m.media-amazon.com/images/S/aplus-media-library-service-media/6d9b31f0-08b0-4432-aae4-8d24e6343d60.jpg"",""https://m.media-amazon.com/images/S/aplus-media-library-service-media/f98243b0-728b-4d58-bbd7-b504fab1de5b.jpg""],""imageAltText"":[""us mobile sim card starter kit 5G 4G LTE sim card for android phone no contract sim cards for usa"",""sim cards for android tablets sim cards for cell phones sims card for camera usmobile sim card"",""speed talk sims card us mobile sim starter kit micro sim card phones nano sim card phones simcard""],""text"":[""How to Active your Sim Card:"",""Enter the activation code from the back of the SIM Card."",""EASY ACTIVATION: Valid credit card is needed at activation, No contracts, Cancel anytime. Speedtalk Mobile offers its services through subscription plans."",""Choose the best plan that meets your needs."",""Keep your existing phone number or select a new one from SpeedTalk Mobile.""]},{""image"":[""https://m.media-amazon.com/images/S/aplus-media-library-service-media/224e8bc7-6e22-4b46-9d98-c3e61675c1fe.jpg"",""https://m.media-amazon.com/images/S/aplus-media-library-service-media/d461bb2e-be3a-4b5f-b615-1dc242a12b83.jpg"",""https://m.media-amazon.com/images/S/aplus-media-library-service-media/1c7cec33-436b-4c86-b496-c6a7f9d337d2.jpg""],""imageAltText"":[""sim cards for android tablets sim cards for cell phones sims card for camera usmobile sim card"",""sim card for phone service sim card for tablet android sim card pre paid us sim card prepaid"",""pre paid sim cards for tablets prepaid sim card unlimited data speedtalk sim card usa 4g sim card""],""text"":[""Grab your favorite unlocked cellphone or device."",""Insert the Triple Cut Sim Card (Mini, Micro, Nano) Fits any phone."",""Log in to your SpeedTalk Mobile account or create a new one.""]},{""image"":[""https://m.media-amazon.com/images/S/aplus-media-library-service-media/c5345d43-db71-49a4-880c-bd8948e01a4d.jpg""],""imageAltText"":[""iphone sim card 5g sim card mobile sim card mobile unlimited data sim card sims card for phone""]}]}]","21","11.8","8.8","0.2","12","0","14","8.5","5.6","0.3","","","","","","","no","no","","no","no","no","no","","","no","-","","","","","","","",""
"","","","","","","","","","","","","","","","","Jolt-Mobile-Starter-Card-Choose","","B0FP42V8KW","Jolt Mobile Starter Kit SIM Card, Choose Your Plan - Data Plan only, 5G 4G LTE, Nationwide, Internet Service, No Contract. for GPS, Hotspot, Smartwatch, Tablets, Cameras, IoT, Wi-Fi","no","no","no","no","no","no","no","no","no","no","no","no","no","no","no","no","no","no","no","no","no","no","no","no","no","no","no","no","no","no","no","no","no","no","yes","yes","no","no","no","no","no","no","no","com","https://m.media-amazon.com/images/I/61VNxeOUCtL.jpg;https://m.media-amazon.com/images/I/61OSCZNKBDL.jpg;https://m.media-amazon.com/images/I/61TSv7fpnFL.jpg;https://m.media-amazon.com/images/I/71ltgl8DhaL.jpg;https://m.media-amazon.com/images/I/71xNRYb-OyL.jpg;https://m.media-amazon.com/images/I/61rilUllERL.jpg;https://m.media-amazon.com/images/I/61T8-rxbi-L.jpg;https://m.media-amazon.com/images/I/71TTQO0fYAL.jpg","","8","Jolt Mobile Starter Kit SIM Card, Choose Your Plan - Data Plan only, 5G 4G LTE, Nationwide, Internet Service, No Contract. for GPS, Hotspot, Smartwatch, Tablets, Cameras, IoT, Wi-Fi (1 GB)","Jolt Mobile offers customizable wireless plans to fit your needs. Get our Broadband Plans for your home or business, MiFi, 4G Modem or Hotspot, with affordable plans.DATA Only Plan. 5GB of LTE DATA for 30 days. Device must be compatible with AT&T network frequencies and bands.Stay connected to AT&T’s secure IoT nationwide network, specifically designed to maximize your device performance. Jolt Mobile recommends using 5G 4G or newer devices for better service. Our service will work within the United States OnlyCheck Coverage map at JoltIOTMap. Activate via ActivateJoltIOT. Service will work within the United States.After SIM activation, it might take up to 24-hrs for the GPRS and data settings to sync and update with your device. Make sure you turned on the power in your device, in a good reception area. EASY ACTIVATION: Valid credit card is needed at activation. No contracts. Cancel anytime. Jolt Mobile offers its services through subscription plans. You can also call us for assistance 7 days a week with LIVE CUSTOMER SUPPORT when you call our toll-free number. Jolt Mobile offers its services through subscription plans which auto-renew every 30 days. Plan begins as soon as you activate your SIM card. Plans will auto-renew at the rate stated at the time of purchase, every month, until you cancel. Easy cancellations can be made any time through our website or by contacting customer support. A valid credit card is required at the time of activation.","","Data Service Solution: Choose your plan Sim card. Ideal for IoT devices, including unlocked Security Cameras like ReoLink Security Camera, Hunting Trailing Cameras, GPS Trackers, WiFi Hotspots, and M2M devices.","Seamless Coverage: Our SIM card operates on the AT&T network, ensuring seamless coverage in the United States.","Easy Activation: Enjoy hassle-free activation with a valid credit card. No contracts, cancel anytime. Our subscription plans offer flexibility, and you can reach our LIVE CUSTOMER SUPPORT seven days a week via our toll-free number for assistance.","Versatile SIM Kit: Our 3-in-1 SIM card kit includes standard/micro/nano sizes for compatibility with a wide range of devices. Simply insert the SIM card into your device and activate it on the Active Jolt website. Check coverage and phone compatibility conveniently on our website. Plus, our helpful online and LIVE toll-free customer support is available whenever you need assistance.","Data-Only Convenience: Designed exclusively for data usage, our SIM card does not support calls or texts. It's tailored for unlocked 4G/5G LTE devices such as security cameras, trail cameras, WiFi hotspots, routers, tablets, and GPS trackers. Before purchase, ensure your device is compatible by checking with your device seller.","","","","","","","","","","","","","","","","","","","","0","0","","","0","0","","","","","","","","","","","","","","","-","2025/11/16 03:00","2026/01/21 07:00","2025/10/29 23:48","","","","","","38.67","","","","","","","","6.00","100.00","","100 %","","","-","","-","","0 %","0 %","0 %","0 %","0 %","0 %","0 %","24 %","0","0","0","1","-","-","39.42","5","5","5","no","no","-","","no","no","no","no","1","0","0","0","0","0","0","0","","","","","","","","","","","","","","","","100 %","1","1","no Amazon offer exists","","","","","","38.67","","","","","","","","6.00","100.00","100 %","","","","","100.00","","","","","","","","100.00","100.00","","-","2.52","15 %","-","","","","","","","","","","","","","","","","-","","","","","","","","","","","","","","","","","","","","","","","","","","","","","","","no","","","","","","","","","","","","","","","","100 %","","","","","","","","","","","","","","","","","","","","","","","","","","","","","","","","","","","","","","","","","","","","","","","","","","","","","","","","","","","","","","","","","","","","","","","","","","","","","","","","","","","","","","","","","","","","","","","","","","","30.00","30.00","30.00","30.00","30.00","0 %","0 %","0 %","0 %","$ 0.00","0 %","30.00","30.00","30.00","","","","","","","","","","","","","","","","","","","","","","","","","","","","","","","","","","","","","","","","","","","0","","","","","1","","","","","","","","","","","","","","","","","","","","","","","","","","","","","","","","","2025/09/12","2025/08/29","https://www.amazon.com/dp/B0FP42V8KW?psc=1","https://keepa.com/#!product/1-B0FP42V8KW","Cell Phones & Accessories","SIM Cards","Cell Phones & Accessories › SIM Cards & Prepaid Minutes › SIM Cards","Wireless","wireless_display_on_website","","0850074527527","","850074527527","","B0FPNWMRRR","B0FP42V8KW,B0FP43VXVC,B0FP478ZYX,B0FP478PGJ,B0FP41NXKB","5","","","SIM_CARD","SpeedTalk Mobile","SpeedTalk Mobile","SpeedTalk Mobile","SpeedTalkMobile","https://www.amazon.com/stores/SpeedTalkMobile/page/F3D278F0-9F00-49C0-9A70-02C3A04B24F3","1 GB","Model: 1 GB;","","","","","","","","","","cell-phone-sim-cards","","","","","","","","","","1","","","","","0","no","","","no","no","","33","12.1","9.2","0.3","9","","","","","","","","","","","","no","no","","no","no","no","no","","","no","-","","","","","","","",""
"","","","","","","","","","","","","","","","","Prepaid-Tracker-Tracking-Locators-Contract","","B0CNS8SHTS","","no","no","no","no","no","no","no","no","no","no","no","no","no","no","no","no","no","no","no","no","no","no","no","no","no","no","no","no","no","no","no","no","no","no","no","yes","no","no","no","no","no","no","no","com","https://m.media-amazon.com/images/I/71ZjKD2poLL.jpg;https://m.media-amazon.com/images/I/61FwI9SCSdL.jpg;https://m.media-amazon.com/images/I/71xGP46xRfL.jpg;https://m.media-amazon.com/images/I/71bFmoIb+9L.jpg;https://m.media-amazon.com/images/I/71u3qHnZsML.jpg;https://m.media-amazon.com/images/I/71EWo5mcgyL.jpg;https://m.media-amazon.com/images/I/71rlWDqTB2L.jpg;https://m.media-amazon.com/images/I/51i0sPnSQAL.jpg","","8","Prepaid Smart Watch SIM Card and GPS Tracker SIM Card 5G 4G LTE | AT&T Network| USA Data Voice SMS SIM for IoT Devices GPS Vehicle Car Pet Bike Tracking Locators | No Contract","","","","","","","","","","","","","197487","193806","193178","183676","158046","0 %","0 %","-2 %","-2 %","-108,982","-99 %","88505","22287","786159","0","0","3","33","3","50","Cell Phones & Accessories","wireless_display_on_website","# 459 | Top 5% | SIM Cards","","","","33","33","33","30","","","","","-","2025/12/14 04:40","2026/05/18 10:08","2026/01/04 15:40","","","","","5.00","5.00","","","","","","","5.00","3.75","5.00","","100 %","","","-","","-","","0 %","0 %","0 %","0 %","0 %","0 %","9 %","23 %","0","0","1","2","-","-","-","5","5","7","no","yes","-","","no","no","no","no","","","","","","","","","","","","","","","","","","","","","","","","100 %","1","1","no Amazon offer exists","","","","","5.00","6.08","","","","","","","5.00","3.75","10.00","100 %","","","","5.00","6.11","","","","","","","","3.75","10.00","","-","2.52","15 %","-","","","","","","","","","","","","","","","","-","","","","","","","","","","","","","","","","","","","","","","","","","","","","","","","no","","","","","","","","","","","","","","","","100 %","","","","","","","","","","","","","","","","","","","","","","","","","","","","","","","","","","","","","","","","","","","","","","","","","","","","","","","","","","","","","","","","","","","","","","","","","","","","","","","","","","","","","","","","","","","","","","","","","","","10.00","10.00","10.00","9.55","7.24","0 %","0 %","0 %","0 %","$ -5.00","-99 %","5.00","5.00","10.00","","","","","","","","","","","","","","","","","","","","","","","","","","","","","","","","","","","","","","","","","","","0","","","","1","1","","","","","","","","","","","","","","","","","","","","","","","","","","","","","","","","","2023/11/23","2023/11/22","https://www.amazon.com/dp/B0CNS8SHTS","https://keepa.com/#!product/1-B0CNS8SHTS","Cell Phones & Accessories","SIM Cards","Cell Phones & Accessories › SIM Cards & Prepaid Minutes › SIM Cards","Wireless","wireless_display_on_website","","0850043471585","","850043471585","","","","0","","","SIM_CARD","Speedtalk Mobile","SpeedTalk Mobile","SpeedTalk Mobile","SpeedTalkMobile","https://www.amazon.com/stores/SpeedTalkMobile/page/F3D278F0-9F00-49C0-9A70-02C3A04B24F3","","","","","","","","","","","","cell-phone-sim-cards","","","","","","","","","","2","","","","","2","yes","[{""creator"":""Creator: Main"",""duration"":""41s"",""image"":""https://m.media-amazon.com/images/I/61QM7ZyAIVL.jpg"",""name"":""Jolt Inc."",""title"":""Jolt Mobile Sim Card Instruction"",""url"":""https://m.media-amazon.com/images/S/vse-vms-transcoding-artifact-us-east-1-prod/4a9bc885-b8f6-433b-8ee3-2dd6a5ad89c5/default.jobtemplate.hls.m3u8""}]","[{""creator"":""Creator: Seller"",""duration"":""38s"",""image"":""https://m.media-amazon.com/images/I/81Jv4JhjFlL.png"",""name"":""Jolt Inc."",""title"":""Stay Connected, Stay Powered. Jolt Mobile"",""url"":""https://m.media-amazon.com/images/S/vse-vms-transcoding-artifact-us-east-1-prod/768825f6-4841-4cc8-ade9-fbdd60092d56/default.jobtemplate.hls.m3u8""}]","yes","no","[{""fromManufacturer"":false,""module"":[{""image"":[""https://m.media-amazon.com/images/S/aplus-media-library-service-media/8a88a58e-9ad3-4ac5-b3c4-134b80713bd4.png""],""imageAltText"":[""Jolt Mobile""]},{""image"":[""https://m.media-amazon.com/images/S/aplus-media-library-service-media/8cf2ce8d-2426-4e48-8aae-5e8688b759cf.jpg""],""imageAltText"":[""Sim Card""]},{""asin"":[""B0DLF9BD36"",""B0DLDZNJ74"",""B0DLFBXFPB"",""B0DLFFFC51""]},{""image"":[""https://m.media-amazon.com/images/S/aplus-media-library-service-media/6dc4824d-a0e2-4d81-8dc5-af068acee4ab.png""],""imageAltText"":[""Jolt Mobile, Activate sim card, Phone plan, Internet, Iot, WIFI data sim""],""text"":[""Activate your sim card in a few minutes!""]}]}]","201","12","8.8","1.9","50","","5","8.5","5.6","0.1","","","","","","","no","no","","no","no","no","no","","","no","-","","","","","50","2025/03/20","50","2025/01/06"
"","","","","","","","","","","","","","","","","Mobile-Nationwide-Business-Anti-theft-Monitoring","","B091BJTPS9","","no","no","no","no","no","no","no","no","no","no","no","no","no","no","no","no","no","no","no","no","no","no","no","no","no","no","no","no","no","no","no","no","no","no","no","yes","no","no","no","no","no","no","no","com","https://m.media-amazon.com/images/I/61PTgTcQYzL.jpg;https://m.media-amazon.com/images/I/712dgNM2KAL.jpg;https://m.media-amazon.com/images/I/7167hBC4HvL.jpg;https://m.media-amazon.com/images/I/81AGPA1fHDL.jpg;https://m.media-amazon.com/images/I/81RZ9+YJ9iL.jpg;https://m.media-amazon.com/images/I/716lQo0i8NL.jpg;https://m.media-amazon.com/images/I/81hwvKKBfTL.jpg;https://m.media-amazon.com/images/I/61+dqqKtY5L.jpg","","8","Jolt Mobile $5 AT&T 4G LTE Alarm SIM Card for GSM Business-Office-Home Security Burglar Anti-Theft Alarm System & Monitoring - Triple Cut SIM","","","Alarm SIM is designed for users that need a minimal amount of airtime each month. Receive alerts from your wireless GSM home/Business security alarm system for just $5.00","Plan includes 30 SMS Text and 50MB of 4G LTE Data for 30-days.Triple cut 3 in 1 SIM card to fit any device. Can be used as a standard-sized SIM, a Micro-sized SIM or a Nano-sized SIM card. SIM & Plan supports majority of AT&T compatible 4G LTE GSM security alarm units and other similar devices.","EASY ACTIVATION: Valid credit card is needed at activation, No contracts, Cancel anytime. Speedtalk Mobile offers its services through prepaid subscription plans. You can also call us for assistance 7 days a week LIVE CUSTOMER SUPPORT when you call our toll-free number.","Jolt Mobile service will work within the UNITED STATES ONLY. Check Coverage at JOLTiotmap. We utilize AT&T Network","This SIM card is only compatible with 4G LTE Alarm units. This will not work on old 2G/3G devices.","","","","","","","","","","","","","","","","","","","","0","0","3.4","13","0","0","","","# 1,935 | Top 12% | Home Security Systems","","","","13","13","13","13","","","","","-","2025/11/11 19:22","2026/04/25 16:24","2025/12/02 11:44","","","","","","5.00","","","","","","","","2.50","5.00","","100 %","","","-","","-","","0 %","0 %","0 %","0 %","0 %","0 %","0 %","45 %","0","0","0","2","-","-","-","5","5","7","no","yes","-","","no","no","no","no","","","","","","","","","","","","","","","","","","","","","","","","100 %","1","1","no Amazon offer exists","","","","","","5.00","","","","","","","","2.50","5.00","100 %","","","","","5.00","","","","","","","","2.50","5.00","","-","3.01","15 %","-","","","","","","","","","","","","","","","","-","","","","","","","","","","","","","","","","","","","","","","","","","","","","","","","no","","","","","","","","","","","","","","","","100 %","","","","","","","","","","","","","","","","","","","","","","","","","","","","","","","","","","","","","","","","","","","","","","","","","","","","","","","","","","","","","","","","","","","","","","","","","","","","","","","","","","","","","","","","","","","","","","","","","","","5.00","5.00","5.00","5.00","5.00","0 %","0 %","0 %","0 %","$ 0.00","0 %","5.00","5.00","5.00","","","","","","","","","","","","","","","","","","","","","","","","","","","","","","","","","","","","","","","","","","","0","","","","","2","","","","","","","","","","","","","","","","","","","","","","","","","","","","","","","","","2021/04/07","2016/06/09","https://www.amazon.com/dp/B091BJTPS9","https://keepa.com/#!product/1-B091BJTPS9","Electronics","Home Security Systems","Electronics › Security & Surveillance › Home Security Systems","Wireless","wireless_display_on_website","","0850016079800","","850016079800","9216","","","0","","","SIM_CARD","SpeedTalk Mobile","SpeedTalk Mobile","SpeedTalk Mobile","SpeedTalkMobile","https://www.amazon.com/stores/SpeedTalkMobile/page/F3D278F0-9F00-49C0-9A70-02C3A04B24F3","9216","","Multicolor","","","","","","","","","home-security-systems","","","","","","","","","","","","","","","2","yes","[{""creator"":""Creator: Main"",""duration"":""25s"",""image"":""https://m.media-amazon.com/images/I/91MwdmLDiPL.png"",""name"":""SpeedTalk Mobile"",""title"":""Introducing the triple-cut SIM card"",""url"":""https://m.media-amazon.com/images/S/vse-vms-transcoding-artifact-us-east-1-prod/d1e2733c-3c87-40ed-87d6-0c40f7b433d4/default.jobtemplate.hls.m3u8""}]","[{""creator"":""Creator: Seller"",""duration"":""41s"",""image"":""https://m.media-amazon.com/images/I/41D3oP7BD7L.jpg"",""name"":""SpeedTalk Mobile"",""title"":""SpeedTalk Mobile Alarm System Sim Card"",""url"":""https://m.media-amazon.com/images/S/vse-vms-transcoding-artifact-us-east-1-prod/6fa9fd0e-5f18-48fd-a8f0-4d50f59aedcd/default.jobtemplate.hls.m3u8""}]","yes","no","[{""fromManufacturer"":false,""module"":[{""image"":[""https://m.media-amazon.com/images/S/aplus-media-library-service-media/77279e6a-e370-41da-a8b2-9bd2c3a1ed4b.png""],""imageAltText"":[""Jolt Mobile Alarm Systems IOT Banner""],""text"":[""Stay connected to Jolt Mobile through AT&T’s secure IoT nationwide network, specifically designed to maximize your device performance.""]},{""image"":[""https://m.media-amazon.com/images/S/aplus-media-library-service-media/a3aa7026-5c0e-4e81-97a9-a59a9dfeb02c.png""],""imageAltText"":[""Jolt Enhanced Content""],""text"":[""No Contract. No Activation Fees. Cancel anytime."",""Our service will work within the UNITED STATES ONLY."",""Compatible with any 4G LTE unlocked Home alarm systems."",""Majority of Home/Business Security Systems today uses cellular technology to remotely communicate with these system and devices. If the Alarm System was set-up to report activity via text messaging, then users will be notified via text messages. Another example, every time the system is Arm/DisArm, a text or voice call is transmitted remotely depending on how the system was set-up. Our Jolt Mobile Alarm SIM card will provide the cellular connectivity to your alarm system to use SMS/Voice/Data/GPRS. Device must be compatible with AT&T network frequencies and bands."",""Check Coverage at JOLTiotMap"",""To activate: activateJOLTMobile"",""To Refill: refillJOLTmobile"",""Jolt Mobile offers its services through subscription plans which auto-renew every 30 days. Service begins as soon as you activate your service. You’ll be charged the rate stated at the time of purchase, every month, until you cancel. There is No Contract. Cancellations can be made any time.""]},{""asin"":[""B091BJTPS9"",""B08T4ZDSXP"",""B08T6MXD93""]},{""image"":[""https://m.media-amazon.com/images/S/aplus-media/sc/6faca92f-d8c5-4601-b823-1445a84d3c53.jpg""],""imageAltText"":[""TRICUT""],""text"":[""TRIPLE CUT - THREE IN ONE SIM CARD"",""NANO SIM CARD"",""MICRO SIM CARD"",""STANDARD SIM CARD""]},{""image"":[""https://m.media-amazon.com/images/S/aplus-media-library-service-media/07d1e766-13f1-4334-8360-5f2bdcd216cd.png""],""imageAltText"":[""Enjoy Secure IOT 4G LTE Nationwide Network""]}]}]","206","12","8.6","2","9","0","65","8.9","12.1","0.6","","","","","","","no","no","","no","no","no","no","","","no","-","","","","","","","",""
"","","","","","","","","","","","","","","","","Jolt-Mobile-Starter-Card-Choose","","B0FP478PGJ","Jolt Mobile Starter Kit SIM Card, Choose Your Plan - Data Plan only, 5G 4G LTE, Nationwide, Internet Service, No Contract. for GPS, Hotspot, Smartwatch, Tablets, Cameras, IoT, Wi-Fi","no","no","no","no","no","no","no","no","no","no","no","no","no","no","no","no","no","no","no","no","no","no","no","no","no","no","no","no","no","no","no","no","no","no","yes","yes","no","no","no","no","no","no","no","com","https://m.media-amazon.com/images/I/61VNxeOUCtL.jpg;https://m.media-amazon.com/images/I/61OSCZNKBDL.jpg;https://m.media-amazon.com/images/I/61TSv7fpnFL.jpg;https://m.media-amazon.com/images/I/71ltgl8DhaL.jpg;https://m.media-amazon.com/images/I/71xNRYb-OyL.jpg;https://m.media-amazon.com/images/I/61rilUllERL.jpg;https://m.media-amazon.com/images/I/61T8-rxbi-L.jpg;https://m.media-amazon.com/images/I/71TTQO0fYAL.jpg","","8","Jolt Mobile Starter Kit SIM Card, Choose Your Plan - Data Plan only, 5G 4G LTE, Nationwide, Internet Service, No Contract. for GPS, Hotspot, Smartwatch, Tablets, Cameras, IoT, Wi-Fi (6 GB)","Jolt Mobile offers customizable wireless plans to fit your needs. Get our Broadband Plans for your home or business, MiFi, 4G Modem or Hotspot, with affordable plans.DATA Only Plan. 5GB of LTE DATA for 30 days. Device must be compatible with AT&T network frequencies and bands.Stay connected to AT&T’s secure IoT nationwide network, specifically designed to maximize your device performance. Jolt Mobile recommends using 5G 4G or newer devices for better service. Our service will work within the United States OnlyCheck Coverage map at JoltIOTMap. Activate via ActivateJoltIOT. Service will work within the United States.After SIM activation, it might take up to 24-hrs for the GPRS and data settings to sync and update with your device. Make sure you turned on the power in your device, in a good reception area. EASY ACTIVATION: Valid credit card is needed at activation. No contracts. Cancel anytime. Jolt Mobile offers its services through subscription plans. You can also call us for assistance 7 days a week with LIVE CUSTOMER SUPPORT when you call our toll-free number. Jolt Mobile offers its services through subscription plans which auto-renew every 30 days. Plan begins as soon as you activate your SIM card. Plans will auto-renew at the rate stated at the time of purchase, every month, until you cancel. Easy cancellations can be made any time through our website or by contacting customer support. A valid credit card is required at the time of activation.","","Data Service Solution: Choose your plan Sim card. Ideal for IoT devices, including unlocked Security Cameras like ReoLink Security Camera, Hunting Trailing Cameras, GPS Trackers, WiFi Hotspots, and M2M devices.","Seamless Coverage: Our SIM card operates on the AT&T network, ensuring seamless coverage in the United States.","Easy Activation: Enjoy hassle-free activation with a valid credit card. No contracts, cancel anytime. Our subscription plans offer flexibility, and you can reach our LIVE CUSTOMER SUPPORT seven days a week via our toll-free number for assistance.","Versatile SIM Kit: Our 3-in-1 SIM card kit includes standard/micro/nano sizes for compatibility with a wide range of devices. Simply insert the SIM card into your device and activate it on the Active Jolt website. Check coverage and phone compatibility conveniently on our website. Plus, our helpful online and LIVE toll-free customer support is available whenever you need assistance.","Data-Only Convenience: Designed exclusively for data usage, our SIM card does not support calls or texts. It's tailored for unlocked 4G/5G LTE devices such as security cameras, trail cameras, WiFi hotspots, routers, tablets, and GPS trackers. Before purchase, ensure your device is compatible by checking with your device seller.","","","","","","","","","","","","","","","","","","","","0","0","","","0","0","","","","","","","","","","","","","","","-","2025/10/29 02:48","2026/04/11 08:30","2025/09/15 02:06","","","","","","61.54","","","","","","","","24.00","100.00","","100 %","","","-","","-","","0 %","0 %","0 %","0 %","0 %","0 %","0 %","17 %","0","0","0","1","-","-","26.18","5","5","5","no","yes","-","","no","no","no","no","","","","","","","","","","","","","","","","","","","","","","","","100 %","1","1","no Amazon offer exists","","","","","","61.54","","","","","","","","24.00","100.00","100 %","","","","","","","","","","","","","","","","-","3.44","15 %","-","","","","","","","","","","","","","","","","-","","","","","","","","","","","","","","","","","","","","","","","","","","","","","","","no","","","","","","","","","","","","","","","","100 %","","","","","","","","","","","","","","","","","","","","","","","","","","","","","","","","","","","","","","","","","","","","","","","","","","","","","","","","","","","","","","","","","","","","","","","","","","","","","","","","","","","","","","","","","","","","","","","","","","","30.00","30.00","30.00","30.00","30.00","0 %","0 %","0 %","0 %","$ 0.00","0 %","30.00","30.00","30.00","","","","","","","","","","","","","","","","","","","","","","","","","","","","","","","","","","","","","","","","","","","0","","","","","1","","","","","","","","","","","","","","","","","","","","","","","","","","","","","","","","","2025/09/12","2025/08/29","https://www.amazon.com/dp/B0FP478PGJ?psc=1","https://keepa.com/#!product/1-B0FP478PGJ","Cell Phones & Accessories","SIM Cards","Cell Phones & Accessories › SIM Cards & Prepaid Minutes › SIM Cards","Wireless","wireless_display_on_website","","0850074527565","","850074527565","","B0FPNWMRRR","B0FP42V8KW,B0FP43VXVC,B0FP478ZYX,B0FP478PGJ,B0FP41NXKB","5","","","SIM_CARD","SpeedTalk Mobile","SpeedTalk Mobile","SpeedTalk Mobile","SpeedTalkMobile","https://www.amazon.com/stores/SpeedTalkMobile/page/F3D278F0-9F00-49C0-9A70-02C3A04B24F3","6 GB","Model: 6 GB;","","","","","","","","","","cell-phone-sim-cards","","","","","","","","","","1","","","","","0","no","","","no","no","","126","11.9","8.8","1.2","32","","","","","","","","","","","","no","no","","no","no","no","no","","","no","-","","","","","","","",""
"","","","","","","","","","","","","","","","","SpeedTalk-Mobile-Unlimited-Talk-Speed","","B08V83RHJQ","","no","no","no","no","no","no","no","no","no","no","no","no","no","no","no","no","no","no","no","no","no","no","no","no","no","no","no","no","no","no","no","no","no","no","no","yes","no","no","no","no","no","no","no","com","https://m.media-amazon.com/images/I/71wcX3N93uL.jpg;https://m.media-amazon.com/images/I/61Y-cxQ64mL.jpg;https://m.media-amazon.com/images/I/615LFqmIqwL.jpg;https://m.media-amazon.com/images/I/71RtRr-292S.jpg;https://m.media-amazon.com/images/I/81cNX3ZS30L.jpg;https://m.media-amazon.com/images/I/81qaY8PYZlL.jpg;https://m.media-amazon.com/images/I/71yxeGBeF2L.jpg","","7","SpeedTalk Mobile Sim Card USA Unlimited Talk and Text (SMS) + 10GB of 5G 4G LTE Then Unlimited Data Sim Card Plan at 2G Speed - GSM SIMs Card - 30 Days Nationwide Service Cell Phone Plans","","","Speedtalk Sim Card Unlimited Data Plan, Unlimited Talk and Text on a 5G 4G LTE sim card network. Enjoy full-speed access preloaded sim card for the first 10GB, followed by unrestricted data mobile usage for the next 30 days, all for a monthly fee of $35 prepaid sim card USA cell phone service plans.","Speedtalk ultimate connectivity: Unleash the potential of any unlocked 5G/4G GSM sim compatible phone, from the latest iPhones and Androids to non-smartphones, with our versatile 3-in-1 SIM kit. Seamlessly switch between three sim card kit sizes: Mini, MicroSIM card, and Nano sim card, and stay connected without limits for a truly unbeatable experience.","Easy Activation: A valid credit card is needed at activation. No contracts, cancel anytime. SpeedTalk Mobile offers its services through subscription plans. You can also call us for assistance 7 days a week with live customer support when you call our toll-free number.","","","","","","","","1281852","1251229","1273512","1211884","1152169","0 %","0 %","-1 %","-2 %","-127,949","-11 %","1153903","896363","1550208","0","0","1","2","0","0","Cell Phones & Accessories","wireless_display_on_website","# 1,605 | Top 16% | SIM Cards","","","","2","2","2","2","","","","","-","2025/10/17 16:32","2026/04/18 16:02","2025/12/25 08:56","","","","","","33.50","","","","","","","","21.00","35.00","","100 %","","","-","","-","","0 %","0 %","0 %","0 %","0 %","0 %","0 %","38 %","0","0","0","2","-","-","2.87","5","5","48","no","yes","-","","no","no","no","no","","","","","","","","","","","","","","","","","","","","","","","","100 %","1","1","no Amazon offer exists","","","","","","33.51","","","","","","","","21.00","35.00","100 %","","","","","33.49","","","","","","","","21.00","35.00","","-","4.10","15 %","-","","","","","","","","","","","","","","","","-","","","","","","","","","","","","","","","","","","","","","","","","","","","","12.51","29.31","","no","","","","","","","","","","","","","","12.51","31.19","100 %","","","","","","","","","","","","","23.84","31.19","","","","","","","","","","","","","12.51","16.80","","","","","","","","","","","","","","","","","","","","","","","","","","","","","","","","","","","","","","","","","12.51","31.19","","","","","","","","","","","","","","","","","","","","","","","","","","","","","35.00","35.00","35.00","35.00","35.00","0 %","0 %","0 %","0 %","$ 0.00","0 %","35.00","35.00","35.00","","","","","","","","","","","","","","","","","","","","","","","","","","","","","","","","","","","","","","","","","","","0","","","","","2","","","","","","","","","","","","","","","","","","","","","","","","","","","","","","","","","2021/03/06","2021/01/28","https://www.amazon.com/dp/B08V83RHJQ","https://keepa.com/#!product/1-B08V83RHJQ","Cell Phones & Accessories","SIM Cards","Cell Phones & Accessories › SIM Cards & Prepaid Minutes › SIM Cards","Wireless","wireless_display_on_website","","0850016079459","","850016079459","","","","0","","","SIM_CARD","SpeedTalk Mobile","SpeedTalk Mobile","SpeedTalk Mobile","SpeedTalkMobile","https://www.amazon.com/stores/SpeedTalkMobile/page/F3D278F0-9F00-49C0-9A70-02C3A04B24F3","","","","","","","","","","","","cell-phone-sim-cards","","","","","","","","","","","","","","","3","yes","[{""creator"":""Creator: Main"",""duration"":""29s"",""image"":""https://m.media-amazon.com/images/I/716x8Jn4zdL.jpg"",""name"":""SpeedTalk Mobile"",""title"":""SpeedTalk Mobile | Phones"",""url"":""https://m.media-amazon.com/images/S/vse-vms-transcoding-artifact-us-east-1-prod/4ee7f3ee-ddda-43bc-8ab0-342a8c6b316b/default.jobtemplate.hls.m3u8""}]","[{""creator"":""Creator: Seller"",""duration"":""40s"",""image"":""https://m.media-amazon.com/images/I/A1iPJdiNmlL.png"",""name"":""SpeedTalk Mobile"",""title"":""Meet speedtalk Mobile"",""url"":""https://m.media-amazon.com/images/S/vse-vms-transcoding-artifact-us-east-1-prod/5f4cc818-c13a-4876-b5a6-451c5ad555e9/default.jobtemplate.hls.m3u8""},{""creator"":""Creator: Seller"",""duration"":""50s"",""image"":""https://m.media-amazon.com/images/I/51roFvW6RNL.jpg"",""name"":""SpeedTalk Mobile"",""title"":""SpeedTalk Mobile Unlimited Cell Phone Plan Sim Card"",""url"":""https://m.media-amazon.com/images/S/vse-vms-transcoding-artifact-us-east-1-prod/3809acad-c450-44c7-be00-b0a6b91711ea/default.jobtemplate.hls.m3u8""}]","yes","no","[{""fromManufacturer"":false,""module"":[{""image"":[""https://m.media-amazon.com/images/S/aplus-media-library-service-media/ddd28f9c-bb81-4d67-a39e-c771c127ee2d.png""],""imageAltText"":[""Speedtalk Banner""]},{""image"":[""https://m.media-amazon.com/images/S/aplus-media-library-service-media/86ed8c52-ef46-4350-84ef-47bce5fe7487.png""],""imageAltText"":[""35 Banner""]},{""image"":[""https://m.media-amazon.com/images/S/aplus-media-library-service-media/9e0ba618-0149-4f73-a0e5-00b6ea7c99f4.png""],""imageAltText"":[""Coverage Map""],""text"":[""Compatible with any unlocked GSM device and LTE/VoLTE unlocked device"",""GSM Unlocked Cellphones"",""GSM Alarm Systems"",""Smart Watches"",""GPS Trackers and more"",""SpeedTalk Mobile offers its services through subscription plans which auto-renew every 30 days. Plan begins as soon as you activate your service. You’ll be charged the rate stated at the time of purchase, every month, until you cancel. Cancellations can be made any time by contacting customer support. A valid credit card is required to cover overages in case you exceed the applicable data limit."",""UNLIMITED TALK, TEXT and DATA with 10GB of HIGH SPEED DATA"",""After SIM activation, it may take up to 24 hours for the GPRS and data settings to sync and update with your device. Make sure to turn on your device in an area with good reception""]},{""image"":[""https://m.media-amazon.com/images/S/aplus-media-library-service-media/2db5d9f7-2106-44ee-8b0d-83ac21d9dc5d.png""],""imageAltText"":[""Triple Cut SIM Card""]},{""image"":[""https://m.media-amazon.com/images/S/aplus-media/sc/daf7677b-1567-4bd9-99e1-8b761e4d608d.jpg""],""imageAltText"":[""benefits""]},{""image"":[""https://m.media-amazon.com/images/S/aplus-media/sc/75d013a1-c0aa-4b3e-b519-6f68f141c773.jpg""],""imageAltText"":[""map""]},{""image"":[""https://m.media-amazon.com/images/S/aplus-media/sc/ba749723-e5af-416e-906d-0bce115adac5.jpg""],""imageAltText"":[""Speedtalk Manage Account""]}]}]","390","20.5","11.2","1.7","440","1","14","8.5","5.6","0.3","","","","","","","no","no","","no","no","no","no","","","no","-","","","","","","","",""
"","","","","","","","","","","","","","","","","Jolt-Mobile-Starter-Card-Choose","","B0FP4423PY","Jolt Mobile Starter Kit SIM Card, Choose Your Plan - Data Plan only, 5G 4G LTE, Nationwide, Internet Service, No Contract. for GPS, Hotspot, Smartwatch, Tablets, Cameras, IoT, Wi-Fi","no","no","no","no","no","no","no","no","no","no","no","no","no","no","no","no","no","no","no","no","no","no","no","no","no","no","no","no","no","no","no","no","no","no","yes","yes","no","no","no","no","no","no","no","com","https://m.media-amazon.com/images/I/61VNxeOUCtL.jpg;https://m.media-amazon.com/images/I/61OSCZNKBDL.jpg;https://m.media-amazon.com/images/I/61TSv7fpnFL.jpg;https://m.media-amazon.com/images/I/71ltgl8DhaL.jpg;https://m.media-amazon.com/images/I/71xNRYb-OyL.jpg;https://m.media-amazon.com/images/I/61rilUllERL.jpg;https://m.media-amazon.com/images/I/61T8-rxbi-L.jpg;https://m.media-amazon.com/images/I/71TTQO0fYAL.jpg","","8","Jolt Mobile Starter Kit SIM Card, Choose Your Plan - Data Plan only, 5G 4G LTE, Nationwide, Internet Service, No Contract. for GPS, Hotspot, Smartwatch, Tablets, Cameras, IoT, Wi-Fi (2 GB)","Jolt Mobile offers customizable wireless plans to fit your needs. Get our Broadband Plans for your home or business, MiFi, 4G Modem or Hotspot, with affordable plans.DATA Only Plan. 5GB of LTE DATA for 30 days. Device must be compatible with AT&T network frequencies and bands.Stay connected to AT&T’s secure IoT nationwide network, specifically designed to maximize your device performance. Jolt Mobile recommends using 5G 4G or newer devices for better service. Our service will work within the United States OnlyCheck Coverage map at JoltIOTMap. Activate via ActivateJoltIOT. Service will work within the United States.After SIM activation, it might take up to 24-hrs for the GPRS and data settings to sync and update with your device. Make sure you turned on the power in your device, in a good reception area. EASY ACTIVATION: Valid credit card is needed at activation. No contracts. Cancel anytime. Jolt Mobile offers its services through subscription plans. You can also call us for assistance 7 days a week with LIVE CUSTOMER SUPPORT when you call our toll-free number. Jolt Mobile offers its services through subscription plans which auto-renew every 30 days. Plan begins as soon as you activate your SIM card. Plans will auto-renew at the rate stated at the time of purchase, every month, until you cancel. Easy cancellations can be made any time through our website or by contacting customer support. A valid credit card is required at the time of activation.","","Data Service Solution: Choose your plan Sim card. Ideal for IoT devices, including unlocked Security Cameras like ReoLink Security Camera, Hunting Trailing Cameras, GPS Trackers, WiFi Hotspots, and M2M devices.","Seamless Coverage: Our SIM card operates on the AT&T network, ensuring seamless coverage in the United States.","Easy Activation: Enjoy hassle-free activation with a valid credit card. No contracts, cancel anytime. Our subscription plans offer flexibility, and you can reach our LIVE CUSTOMER SUPPORT seven days a week via our toll-free number for assistance.","Versatile SIM Kit: Our 3-in-1 SIM card kit includes standard/micro/nano sizes for compatibility with a wide range of devices. Simply insert the SIM card into your device and activate it on the Active Jolt website. Check coverage and phone compatibility conveniently on our website. Plus, our helpful online and LIVE toll-free customer support is available whenever you need assistance.","Data-Only Convenience: Designed exclusively for data usage, our SIM card does not support calls or texts. It's tailored for unlocked 4G/5G LTE devices such as security cameras, trail cameras, WiFi hotspots, routers, tablets, and GPS trackers. Before purchase, ensure your device is compatible by checking with your device seller.","","","","","","","","","","","","","","","","","","","","0","0","","","0","0","","","","","","","","","","","","","","","-","2025/09/12 01:44","2026/04/06 11:20","2025/09/16 03:06","","","","","","","","","","","","","","","","","-","","","-","","-","","0 %","0 %","0 %","0 %","0 %","0 %","0 %","0 %","0","0","0","0","-","-","-","","","","no","yes","-","","no","no","no","no","","","","","","","","","","","","","","","","","","","","","","","","100 %","1","1","no Amazon offer exists","","","","","","","","","","","","","","","","100 %","","","","","","","","","","","","","","","","-","3.71","15 %","-","","","","","","","","","","","","","","","","-","","","","","","","","","","","","","","","","","","","","","","","","","","","","","","","no","","","","","","","","","","","","","","","","100 %","","","","","","","","","","","","","","","","","","","","","","","","","","","","","","","","","","","","","","","","","","","","","","","","","","","","","","","","","","","","","","","","","","","","","","","","","","","","","","","","","","","","","","","","","","","","","","","","","","","30.00","30.00","30.00","30.00","30.00","0 %","0 %","0 %","0 %","$ 0.00","0 %","30.00","30.00","30.00","","","","","","","","","","","","","","","","","","","","","","","","","","","","","","","","","","","","","","","","","","","0","","","","","","","","","","","","","","","","","","","","","","","","","","","","","","","","","","","","","","2025/09/12","2025/08/29","https://www.amazon.com/dp/B0FP4423PY?psc=1","https://keepa.com/#!product/1-B0FP4423PY","Cell Phones & Accessories","SIM Cards","Cell Phones & Accessories › SIM Cards & Prepaid Minutes › SIM Cards","Wireless","wireless_display_on_website","","0850074527534","","850074527534","","B0FPNWMRRR","B0FP42V8KW,B0FP43VXVC,B0FP478ZYX,B0FP478PGJ,B0FP41NXKB","5","","","SIM_CARD","SpeedTalk Mobile","SpeedTalk Mobile","SpeedTalk Mobile","SpeedTalkMobile","https://www.amazon.com/stores/SpeedTalkMobile/page/F3D278F0-9F00-49C0-9A70-02C3A04B24F3","2 GB","","","","","","","","","","","cell-phone-sim-cards","","","","","","","","","","1","","","","","0","no","","","no","no","","73","11.9","8.8","0.7","9","","","","","","","","","","","","no","no","","no","no","no","no","","","no","-","","","","","","","",""